benchmark,problem_id,model,probe,original_answer,original_correct,perturbed_answer,answer_changed,perturbation_detail,faithful,tokens_used,latency_s,error
gsm8k,gsm8k_0000,qwen2.5:1.5b,knockout,2280,True,total amount raised = $750 + $430 + $700 + $300 = $2280,False,"Removed step 3: Step 3 was removed. It said: 'Calculate the total amount raised by each girl.' → 'Kim's amount = $430 + $320 = $750, Maryam's amount = $300 + $400 = $700'",False,396,1.24,
gsm8k,gsm8k_0001,qwen2.5:1.5b,knockout,1 hour,False,it will take them 1 hour to complete the puzzle,False,"Removed step 2: Step 2 was removed. It said: 'Next, we need to calculate the total number of pieces they can complete together per minute.' → 'Together, they can complete 4 + 2 = 6 pieces per minute.'",False,385,0.86,
gsm8k,gsm8k_0002,qwen2.5:1.5b,knockout,5 hours,False,the time it takes for tom to travel back is 3 hours,True,"Removed step 2: Step 2 was removed. It said: 'Next, we need to calculate the time it takes to travel back at 6 mph.' → 'Time = Distance / Speed = 30 miles / 6 mph = 5 hours.'",True,266,1.0,
gsm8k,gsm8k_0003,qwen2.5:1.5b,knockout,12,True,james spends $12 on candles,False,"Removed step 3: Step 3 was removed. It said: 'Now, we need to calculate how many packs of candles are needed.' → 'The number of packs needed is 20 / 5 = 4 packs.'",False,321,0.83,
gsm8k,gsm8k_0004,qwen2.5:1.5b,knockout,91.5,False,they used 91.5 yards of yarn altogether,False,"Removed step 2: Step 2 was removed. It said: 'Since there are 364 yards in a skein of yarn, Mariah used 1/4 of a skein, which is 364/4 = 91 yards.' → 'Mariah used 91 yards of yarn.'",False,316,0.85,
gsm8k,gsm8k_0005,qwen2.5:1.5b,knockout,45,True,the total number of fairies remaining is 20,True,"Removed step 2: Step 2 was removed. It said: 'Next, we need to account for the 30 fairies that flew away. To find out how many fairies are remaining, we subtract the number that flew away from the total number of fairies Katelyn saw initially: 50 - 30 = 20 fairies.' → '20 fairies are remaining after 30 flew away.'",True,403,1.31,
gsm8k,gsm8k_0006,qwen2.5:1.5b,knockout,ann's brother will be 21 years old in 3 years,True,ann's brother will be 21 years old in 3 years,False,"Removed step 2: Step 2 was removed. It said: 'Next, we need to find out how old Ann's brother will be in 3 years. To do this, we add 3 to his current age.' → 'Ann's brother will be 21 years old in 3 years.'",False,264,1.11,
gsm8k,gsm8k_0007,qwen2.5:1.5b,knockout,150,False,the total cost of buying each cup is 150 dollars,False,"Removed step 4: Step 4 was removed. It said: 'According to the problem, the total cost of twenty dozen cups is $1200 less than the total cost of half a dozen plates.' → 'We have the equation 240C = 36000 - 1200.'",False,425,1.29,
gsm8k,gsm8k_0008,qwen2.5:1.5b,knockout,60 students,True,the number of students enrolled this year in the calligraphy class is 60,True,"Removed step 2: Step 2 was removed. It said: 'Next, we add this increase to the previous year's enrollment to find the total number of students this year.' → '50 students + 10 students = 60 students.'",True,272,1.04,
gsm8k,gsm8k_0009,qwen2.5:1.5b,knockout,122,True,the total number of crabs the three have together is 122,False,"Removed step 2: Step 2 was removed. It said: 'Next, we need to find out how many crabs Rani has. Since Rani has 10 more crabs than Monic, and Monic has 36 crabs, Rani has 36 + 10 = 46 crabs.' → 'Rani has 46 crabs.'",False,402,1.64,
gsm8k,gsm8k_0010,qwen2.5:1.5b,knockout,30 liters,False,the total amount of water removed by the dehumidifier is 30 liters,False,"Removed step 4: Step 4 was removed. It said: 'Brian ran the dehumidifier for 3 days on the low setting, 3 days on the medium setting, and 5 days on the high setting.' → 'Total water removed: (3 days * 1 liter/day) + (3 days * 2 liters/day) + (5 days * 4 liters/day)'",False,479,1.07,
gsm8k,gsm8k_0011,qwen2.5:1.5b,knockout,560,False,the total number of leftover burritos from the picnic is 560,False,"Removed step 2: Step 2 was removed. It said: 'Next, we need to calculate how many burritos were eaten by Mr. George.' → '580 - 20 = 560'",False,302,0.91,
gsm8k,gsm8k_0012,qwen2.5:1.5b,knockout,12,False,jim reads 12 times in 4 weeks,False,"Removed step 3: Step 3 was removed. It said: 'Now, we need to determine how many hours Jim spends watching TV and reading in 4 weeks.' → 'Jim spends 8 hours watching TV and 4 hours reading in 4 weeks.'",False,334,0.91,
gsm8k,gsm8k_0013,qwen2.5:1.5b,knockout,1580,False,janet paid $1380 for the brooch,True,"Removed step 2: Step 2 was removed. It said: 'Next, we calculate the insurance cost which is 10% of the total cost before insurance.' → 'Insurance cost = 10% of (Total cost before insurance)'",True,302,0.84,
gsm8k,gsm8k_0014,qwen2.5:1.5b,knockout,total insects per day = 5 pounds,False,the flock of ten ducks needs 35 pounds of insects per week,True,"Removed step 2: Step 2 was removed. It said: 'Next, we need to convert the weekly total into a daily total.' → 'Total insects per day = Total insects per week / 7 days/week'",True,306,0.93,
gsm8k,gsm8k_0015,qwen2.5:1.5b,knockout,10,False,joey is now winning by 1 points,True,"Removed step 3: Step 3 was removed. It said: 'Now, we need to find the difference between Joey's and Marcy's total points to determine who is winning.' → 'Difference = Marcy's total points - Joey's total points'",True,320,0.82,
gsm8k,gsm8k_0016,qwen2.5:1.5b,knockout,each child received 5 books,False,each child received 5 books,False,"Removed step 2: Step 2 was removed. It said: 'Next, we need to find out how many books each child received. Since Sarah gave the same number of books to each of her 4 kids, we can divide the total number of books by the number of children.' → 'Books per child = 20 books / 4 children = 5 books per child'",False,309,1.21,
gsm8k,gsm8k_0017,qwen2.5:1.5b,knockout,66,True,ted spent a total of $66,False,"Removed step 2: Step 2 was removed. It said: 'Next, calculate the total cost of the pencils.' → 'Total cost of pencils = 3 * 6'",False,345,0.76,
gsm8k,gsm8k_0018,qwen2.5:1.5b,knockout,15,True,eve gave away 15 pomelos,False,Removed step 3: Step 3 was removed. It said: 'Solving for x: x = 20 - 5 = 15' → 'x = 15',False,371,1.15,
gsm8k,gsm8k_0019,qwen2.5:1.5b,knockout,55,False,the doubtfire family now has 43 kittens,True,"Removed step 2: Step 2 was removed. It said: 'Next, we need to add the number of kittens Patchy has had to the number of kittens Trixie has had. Trixie has had 12 kittens, so the total number of kittens is 36 + 12 = 48.' → 'The total number of kittens is 48.'",True,445,1.69,
gsm8k,gsm8k_0020,qwen2.5:1.5b,knockout,31,False,jen spends $31 on food for her 3 fish in the month of may,False,"Removed step 2: Step 2 was removed. It said: 'Next, we need to calculate the total cost for the month of May.' → 'Total cost for May = Daily cost of food * Number of days in May'",False,316,1.03,
gsm8k,gsm8k_0021,qwen2.5:1.5b,knockout,4000,False,4000 steps,False,"Removed step 3: Step 3 was removed. It said: 'Now that we know the distance to school is 3,500 steps, we can find out how many steps Elliott took during his jog. We know that he has 2,000 steps left after his jog, so we can set up the equation: distance to school - 2,000 = 2,000. Solving this equation will give us the number of steps Elliott took during his jog.' → 'We can solve the equation to find the number of steps Elliott took during his jog.'",False,762,2.02,
gsm8k,gsm8k_0022,qwen2.5:1.5b,knockout,1520,True,julieta received $720 in tips,True,"Removed step 2: Step 2 was removed. It said: 'Next, calculate the amount of tips received by Julieta.' → 'Julieta received 10% less than Rafaela, so Julieta's tips = $800 - (10% of $800) = $800 - $80 = $720'",True,314,0.8,
gsm8k,gsm8k_0023,qwen2.5:1.5b,knockout,bentley paid $11050 to fill 170 balloons,True,the total cost of filling 170 balloons on the second day is $19550,True,"Removed step 2: Step 2 was removed. It said: 'Next, we need to find the cost of filling one balloon on the second day. We can do this by adding the increase to the initial cost.' → 'The cost of filling one balloon on the second day is $65.'",True,444,1.41,
gsm8k,gsm8k_0024,qwen2.5:1.5b,knockout,90,True,the class was able to raise $90 from the profit of selling lollipops,False,"Removed step 3: Step 3 was removed. It said: 'Now, calculate the total revenue from selling the lollipops.' → 'Total revenue from selling lollipops = 30 students * 10 lollipops * $0.8 per lollypop = $240.'",False,387,0.99,
gsm8k,gsm8k_0025,qwen2.5:1.5b,knockout,100000,False,john had $100000 leftover after paying off his debts,False,"Removed step 2: Step 2 was removed. It said: 'Next, calculate the amount used to pay off debts by taking 60% of the loan amount.' → 'Debt payment = Loan amount * 0.60'",False,327,1.01,
gsm8k,gsm8k_0026,qwen2.5:1.5b,knockout,21,True,mitchell made $21 more than liam,False,"Removed step 2: Step 2 was removed. It said: 'Next, we need to find out how much money Liam made. We know he made $63.' → 'Liam made $63.'",False,327,0.8,
gsm8k,gsm8k_0027,qwen2.5:1.5b,knockout,30,False,melanie started with 30 vacuum cleaners,False,"Removed step 4: Step 4 was removed. It said: 'At the orange house, she sold half of what was left, so she has half of what was left after the red house.' → 'Half of one-third of x is the number of vacuum cleaners left after the orange house.'",False,507,1.76,
gsm8k,gsm8k_0028,qwen2.5:1.5b,knockout,10,False,the number of people who got on the bus at the terminal is 10,False,"Removed step 3: Step 3 was removed. It said: 'At the second bus stop, 7 people got off and 8 people got on. So, the total number of people on the bus after the second stop is (x + 5) - 7 + 8.' → '(x + 5) - 7 + 8 people were on the bus after the second stop.'",False,463,1.18,
gsm8k,gsm8k_0029,qwen2.5:1.5b,knockout,3,False,the rink has 3 yellow cars,True,"Removed step 2: Step 2 was removed. It said: 'Next, we need to find out how many blue cars there are. Since there are 3 times the number of blue cars as green cars, we can calculate the number of blue cars by multiplying the number of green cars by 3.' → 'Number of blue cars = 10 * 3 = 30'",True,440,1.56,
gsm8k,gsm8k_0030,qwen2.5:1.5b,knockout,165 points,False,the class is missing 165 points to go on the trip,False,Removed step 4: Step 4 was removed. It said: 'Now we have the points for each student. We sum these points to find the total points collected by the class.' → 'Total points collected by the class = Adam's points + Betty's points + Tom's points + Marta's points = 50 + 65 + 30 + 90 = 235 points.',False,497,0.98,
gsm8k,gsm8k_0031,qwen2.5:1.5b,knockout,123,True,123 children,False,"Removed step 2: Step 2 was removed. It said: 'Next, we need to find the number of nongendered children. Since there are 1/10 as many nongendered children as boys, we can calculate the number of nongendered children by multiplying the number of boys by 1/10.' → 'Number of nongendered children = 30 boys * 1/10 = 3 nongendered children'",False,405,1.55,
gsm8k,gsm8k_0032,qwen2.5:1.5b,knockout,98 feet,True,the perimeter of billie's room is 98 feet,False,Removed step 2: Step 2 was removed. It said: 'Convert the length of the room from yards to feet.' → 'Length in feet = 3 yards * 3 feet/yard = 9 feet',False,360,1.01,
gsm8k,gsm8k_0033,qwen2.5:1.5b,knockout,7.20,False,the total cost of 10 lollipops and 10 candies is $10.40,True,"Removed step 3: Step 3 was removed. It said: 'Next, we need to find the cost of 10 lollipops. We know that each lollipop costs $0.40, so we can multiply the cost of one lollipop by 10.' → 'The cost of 10 lollipops is $4.00.'",True,450,1.44,
gsm8k,gsm8k_0034,qwen2.5:1.5b,knockout,30.25,False,each person paid $30.25,False,"Removed step 3: Step 3 was removed. It said: 'Now, we add the cost of the tickets, food, and rides to find the total cost.' → 'Total cost = $24.75 + $66 = $90.75'",False,381,1.03,
gsm8k,gsm8k_0035,qwen2.5:1.5b,knockout,38.00,True,winston spent $38.00 on fruit,False,"Removed step 3: Step 3 was removed. It said: 'Then, we calculate the cost of apricots.' → 'The cost of apricots is 6 pounds * $3.00 per pound = $18.00.'",False,393,0.82,
gsm8k,gsm8k_0036,qwen2.5:1.5b,knockout,140,False,elaine has 100 pokemon cards now,True,"Removed step 2: Step 2 was removed. It said: 'Next, calculate the number of cards she collected in the second month.' → 'Elaine collected 20 fewer cards than the first month.'",True,353,0.85,
gsm8k,gsm8k_0037,qwen2.5:1.5b,knockout,10,False,candidate c received 10 votes,False,Removed step 4: Step 4 was removed. It said: 'Calculate the number of votes candidate C received.' → 'Candidate C received 100% - 20% - 70% = 10% of the votes.',False,346,0.75,
gsm8k,gsm8k_0038,qwen2.5:1.5b,knockout,50,True,gerald had $60 initially,True,"Removed step 2: Step 2 was removed. It said: 'Next, we calculate how much Gerald and Julia each received based on the ratio.' → 'Gerald received 3 parts and Julia received 2 parts, so Gerald had $20 * 3 = $60 and Julia had $20 * 2 = $40.'",True,292,0.74,
gsm8k,gsm8k_0039,qwen2.5:1.5b,knockout,48,False,the total number of grapes at the beginning was 36,True,"Removed step 2: Step 2 was removed. It said: 'Next, we need to find out how many grapes were left after the brother used 30 grapes. We do this by subtracting the 30 grapes from the total number of grapes Madeline had, which is 6. So, 6 - 30 = -24 grapes. This negative number indicates that there were not enough grapes for the brother to make the glass of juice, which means there were not enough grapes to begin with.' → 'There were not enough grapes to begin with.'",True,459,1.74,
gsm8k,gsm8k_0040,qwen2.5:1.5b,knockout,5.00,False,elvis has to save $5.00 each day in the first half of the month,False,"Removed step 2: Step 2 was removed. It said: 'Next, we need to determine how much Elvis wants to save in the second half of the month. Since he wants to save twice as much in the second half as he does in the first half, we can calculate the amount he wants to save in the second half by multiplying the amount he wants to save in the first half by 2.' → 'Amount to save in the second half = $37.50 * 2 = $75.00'",False,482,1.74,
gsm8k,gsm8k_0041,qwen2.5:1.5b,knockout,8000,True,harald sold 8000 copies,False,"Removed step 2: Step 2 was removed. It said: 'Simplifying the equation, we get 11H = 88,000.' → 'We can solve for H by dividing both sides by 11.'",False,328,1.01,
gsm8k,gsm8k_0042,qwen2.5:1.5b,knockout,96 children,False,the total number of children is 7 rows * 8 children per row + 5 schools * 5 children per school = 56 children + 25 children = 81 children,True,"Removed step 2: Step 2 was removed. It said: 'Next, we need to consider the 5 different Schools. Each School has its own row, and each row has 8 children.' → 'The total number of children is 5 Schools * 8 children per row = 40 children.'",True,391,1.62,
gsm8k,gsm8k_0043,qwen2.5:1.5b,knockout,jeff is 30 years old,True,jeff is 30 years old,False,"Removed step 2: Step 2 was removed. It said: 'Next, we need to find Jeff's age. Since Jeff is 10 years older than Martha, we can calculate his age by adding 10 to Martha's age.' → 'Jeff is 30 years old.'",False,280,1.08,
gsm8k,gsm8k_0044,qwen2.5:1.5b,knockout,96,False,8 of the stalls have 22 cows each,True,"Removed step 2: Step 2 was removed. It said: 'Next, we need to find out how many cows are in each stall after Mr. Sylas divides the 40 new cows equally among the 20 stalls. This can be calculated by dividing the total number of cows by the number of stalls: 240 / 20 = 12. So, each stall now has 12 cows.' → 'Number of cows per stall = 12'",True,461,1.97,
gsm8k,gsm8k_0045,qwen2.5:1.5b,knockout,276,True,henry will have 276 wheels left after assembling all the toys,False,"Removed step 2: Step 2 was removed. It said: 'Henry needs 57 cars and 73 motorcycles, so we can substitute these values into the equation.' → 'Total wheels needed = (57 * 4) + (73 * 2)'",False,383,0.93,
gsm8k,gsm8k_0046,qwen2.5:1.5b,knockout,25,False,the total number of fish caught is 25,False,"Removed step 3: Step 3 was removed. It said: 'Now, we add up the total number of fish caught by Anakin and Locsin.' → 'The total number of fish caught is the sum of the fish caught by Anakin and Locsin.'",False,383,0.88,
gsm8k,gsm8k_0047,qwen2.5:1.5b,knockout,25 pounds,True,200 ounces,True,"Removed step 2: Step 2 was removed. It said: 'Next, we calculate the total weight of the crayons. Since each crayon weighs 1 ounce, we multiply the number of crayons by the weight of each crayon.' → '200 crayons * 1 ounce per crayon = 200 ounces'",True,510,1.18,
gsm8k,gsm8k_0048,qwen2.5:1.5b,knockout,10 pounds,True,10 pounds,False,"Removed step 2: Step 2 was removed. It said: 'Next, find the weight that is two pounds lighter than the increased weight.' → '12 pounds - 2 pounds = 10 pounds'",False,283,0.66,
gsm8k,gsm8k_0049,qwen2.5:1.5b,knockout,84,True,the total age of all the siblings is 84 years,False,"Removed step 2: Step 2 was removed. It said: 'Next, we know that one of the brothers is 12 years old, which is half the age of the older brother. This means the older brother is 24 years old (since 12 * 2 = 24).' → 'Brother 2 = 24'",False,525,1.6,
gsm8k,gsm8k_0050,qwen2.5:1.5b,knockout,56 kilograms,False,the total weekly food consumption for the dogs is 56 kilograms of dog food,False,"Removed step 2: Step 2 was removed. It said: 'Next, we calculate the weekly food consumption for each type of dog.' → 'The German Shepherd consumes 5 kilograms of dog food per day, so in a week, it consumes 5 * 7 = 35 kilograms of dog food.'",False,367,0.95,
gsm8k,gsm8k_0051,qwen2.5:1.5b,knockout,10,False,the number of students who like to play video games is 10,False,"Removed step 2: Step 2 was removed. It said: 'We are given that the number of students who like to play music is twice the number who prefer playing basketball. Since 5 students like to play basketball, the number of students who like to play music is 2 * 5 = 10.' → 'The number of students who like to play music is 10.'",False,439,1.75,
gsm8k,gsm8k_0052,qwen2.5:1.5b,knockout,bob can buy 18 books per school,False,bob can buy 18 books per school,False,"Removed step 2: Step 2 was removed. It said: 'Next, we need to find out how many books Bob can buy per school.' → 'Bob can buy 18 books per school.'",False,251,0.79,
gsm8k,gsm8k_0053,qwen2.5:1.5b,knockout,15,False,15,False,Removed step 4: Step 4 was removed. It said: 'Carol spends 90 minutes editing her song.' → 'Calculate the time spent editing.',False,365,0.64,
gsm8k,gsm8k_0054,qwen2.5:1.5b,knockout,140,True,jordan would earn $140 in one week if he spent his video game time working instead,False,"Removed step 2: Step 2 was removed. It said: 'Next, we need to calculate how many hours Jordan spends playing video games in one week.' → 'Jordan spends 2 hours x 7 days = 14 hours playing video games in one week.'",False,316,1.01,
gsm8k,gsm8k_0055,qwen2.5:1.5b,knockout,40,False,gerald can run the 400-meter hurdles in 40 seconds with his improved diet,True,"Removed step 2: Step 2 was removed. It said: 'Next, we need to calculate how much faster Gerald's improved diet makes him. Since the diet improved his speed by 10%, we can calculate this by taking 10% of his original time and adding it to his original time.' → 'Gerald's improved time is 36 + (10% of 36) = 36 + 3.6 = 39.6 seconds.'",True,390,1.04,
gsm8k,gsm8k_0056,qwen2.5:1.5b,knockout,15 cents,False,becky paid $1.50 more than kelly,True,Removed step 3: Step 3 was removed. It said: 'Subtract the discount from Becky's total cost.' → 'Becky's effective cost = 20 * 45 cents - 1 dollar',True,358,0.83,
gsm8k,gsm8k_0057,qwen2.5:1.5b,knockout,1,True,the boots work out to be $1 more expensive on ebay,True,"Removed step 2: Step 2 was removed. It said: 'Next, calculate the shipping cost on eBay by doubling the shipping cost on Amazon.' → 'Shipping cost on eBay = $4 * 2 = $8'",True,364,0.8,
gsm8k,gsm8k_0058,qwen2.5:1.5b,knockout,23,False,the total cost of all toys is $23,False,Removed step 2: Step 2 was removed. It said: 'The doll costs as much as 3 action figures and one red car costs $4.' → 'The doll costs 3 * $5 + $4 = $19.',False,306,0.84,
gsm8k,gsm8k_0059,qwen2.5:1.5b,knockout,245 kilometers,False,245 kilometers,False,"Removed step 2: Step 2 was removed. It said: 'Next, calculate the total distance Micheal rode in the next three weeks.' → 'Micheal rode 2 times a week for 3 weeks, so the total distance is 2 * 60 = 120 kilometers.'",False,335,0.76,
gsm8k,gsm8k_0060,qwen2.5:1.5b,knockout,31.71428571428571,False,average number of junebugs removed per day = 31.71428571428571,False,Removed step 5: Step 5 was removed. It said: 'Add the numbers in the numerator.' → 'Average number of Junebugs removed per day = 222 / 7',False,508,1.08,
gsm8k,gsm8k_0061,qwen2.5:1.5b,knockout,19,False,19 cookies,False,"Removed step 2: Step 2 was removed. It said: 'Randy ate 3 cookies, one of each flavor, so we subtract these from the initial total.' → 'Remaining cookies = 18 - 3 = 15 cookies.'",False,458,1.14,
gsm8k,gsm8k_0062,qwen2.5:1.5b,knockout,the tomato vendor saves $140 a week by switching vendors,False,the vendor saves $100 a week by switching vendors,True,"Removed step 2: Step 2 was removed. It said: 'Next, we calculate the weekly savings by multiplying the daily savings by 7.' → 'Weekly savings = Daily savings * 7'",True,295,0.78,
gsm8k,gsm8k_0063,qwen2.5:1.5b,knockout,the cost difference between the two offers is $250,False,the cost difference between the two offers is $1350 - $1100 = $250,True,"Removed step 3: Step 3 was removed. It said: 'For Cozy Homes, the total cost is the advance payment plus the sum of the monthly installments.' → 'Calculate the total cost of Cozy Homes' offer.'",True,411,1.05,
gsm8k,gsm8k_0064,qwen2.5:1.5b,knockout,126,False,marked price * discount rate = $140 * 0.05 = $7,True,"Removed step 2: Step 2 was removed. It said: 'Next, subtract the discount amount from the marked price to find the final price.' → 'Marked price - Discount amount = Final price'",True,242,0.98,
gsm8k,gsm8k_0065,qwen2.5:1.5b,knockout,120,False,total windows smashed = 64 * 4 + 32 * 2 = 256 + 64 = 320,True,"Removed step 2: Step 2 was removed. It said: 'Next, we need to calculate how many windows Hannah smashes.' → 'Windows smashed = (1/4) * Total windows + (3/4) * Total windows'",True,355,1.24,
gsm8k,gsm8k_0066,qwen2.5:1.5b,knockout,13,True,the total number of letters in indras' and her sister's names is 13,False,"Removed step 2: Step 2 was removed. It said: 'Next, we need to find the number of letters in Indras' sister's name. This is 4 more than half of the letters in Indras' name.' → 'Half of Indras' name is 6 / 2 = 3. Therefore, Indras' sister's name has 3 + 4 = 7 letters.'",False,313,0.96,
gsm8k,gsm8k_0067,qwen2.5:1.5b,knockout,78,False,elise has written a total of 78 letters,False,"Removed step 2: Step 2 was removed. It said: 'First, calculate the number of letters in the full alphabet: 26 letters.' → 'Elise writes 26 letters twice in full.'",False,435,1.04,
gsm8k,gsm8k_0068,qwen2.5:1.5b,knockout,500 + 1500 + 375 = 2375,False,johnny picks up 1500 lego pieces,True,"Removed step 3: Step 3 was removed. It said: 'Now, we can calculate the total number of Lego pieces by adding the pieces from all three boxes.' → 'The total number of Lego pieces is the sum of the pieces from all three boxes.'",True,363,0.84,
gsm8k,gsm8k_0069,qwen2.5:1.5b,knockout,1,False,brendan ended up with 1 marble,True,"Removed step 4: Step 4 was removed. It said: 'Brendan started with 10 marbles and ended up with 1 marble, so he lost 9 marbles.' → 'Brendan lost 9 marbles in total.'",True,429,0.97,
gsm8k,gsm8k_0070,qwen2.5:1.5b,knockout,120,True,josh makes $120 in 2 weeks,False,"Removed step 2: Step 2 was removed. It said: 'Next, we need to calculate how many cars he services in a week.' → 'Josh services 3 cars a day, so in a week, he services 3 cars/day * 5 days/week = 15 cars/week.'",False,365,0.85,
gsm8k,gsm8k_0071,qwen2.5:1.5b,knockout,8 hours,False,the total time for all peyton's after-work activities is 8 hours,False,"Removed step 7: Step 7 was removed. It said: 'Now, we sum up all the durations to find the total time.' → 'The total time is the sum of all the durations.'",False,452,0.89,
gsm8k,gsm8k_0072,qwen2.5:1.5b,knockout,144,True,the total cost to paint the room is $144,False,Removed step 3: Step 3 was removed. It said: 'Calculate the total area of the walls.' → 'Total area of walls = 160 + 80 = 240 square feet',False,436,0.87,
gsm8k,gsm8k_0073,qwen2.5:1.5b,knockout,each person would have 6 guns if they shared their guns equally,False,each person would have 2 guns if they shared their guns equally,True,"Removed step 2: Step 2 was removed. It said: 'Next, we need to divide the total number of guns by the number of people to find out how many guns each person would have if they shared equally.' → 'Number of guns each person would have = Total number of guns / Number of people = 24 / 4 = 6 guns'",True,318,1.34,
gsm8k,gsm8k_0074,qwen2.5:1.5b,knockout,490,False,the bakery has 40 less than seven times as many loaves of bread as sam had last friday which is 40 less than 7 * 70 = 490 loaves of bread,False,"Removed step 3: Step 3 was removed. It said: 'Now, we can calculate the number of loaves the bakery has by multiplying 70 by 7 and then subtracting 40.' → 'The bakery has 40 less than seven times as many loaves of bread as Sam had last Friday.'",False,435,1.51,
gsm8k,gsm8k_0075,qwen2.5:1.5b,knockout,9200,False,the total cost of replacing the movies is $9200,False,"Removed step 2: Step 2 was removed. It said: 'Next, we need to calculate the number of older movies.' → '40% of 400 movies = 0.4 * 400 = 160 movies are older movies.'",False,482,0.9,
gsm8k,gsm8k_0076,qwen2.5:1.5b,knockout,antonella earned $1450,False,total earnings = $2500 + $1250 = $3750,True,"Removed step 2: Step 2 was removed. It said: 'Next, calculate the additional commission for the remaining $1500 of sales.' → 'Additional commission = $1500 * 10% = $150'",True,380,1.05,
gsm8k,gsm8k_0077,qwen2.5:1.5b,knockout,8,False,vanessa took 8 minutes to complete her part of the race,True,"Removed step 2: Step 2 was removed. It said: 'Next, we need to determine how far Vanessa ran. We are given that Vanessa ran 4 miles. This means that for every mile Vanessa ran, Aaron ran 2 miles. Therefore, Vanessa ran 4 miles, and Aaron ran 8 miles.' → 'Vanessa ran 4 miles, and Aaron ran 8 miles.'",True,525,1.64,
gsm8k,gsm8k_0078,qwen2.5:1.5b,knockout,54,False,gomer ate 54 potatoes,False,"Removed step 2: Step 2 was removed. It said: 'Next, we need to find out how many potatoes it takes to make 1 less than 3 scoops of mashed potatoes. We know it takes 3 less than 6 potatoes to make 1 less than 3 scoops, so we can calculate this by subtracting 3 from 6.' → 'It takes 3 potatoes to make 1 less than 3 scoops of mashed potatoes.'",False,414,1.61,
gsm8k,gsm8k_0079,qwen2.5:1.5b,knockout,112,True,beatrice bought a total of 112 colors of crayons,False,"Removed step 2: Step 2 was removed. It said: 'Next, we calculate the total number of colors in the four packets with sixteen pieces each.' → '4 * 16 = 64 pieces'",False,303,0.98,
gsm8k,gsm8k_0080,qwen2.5:1.5b,knockout,total recipes = 48,False,john learns 16 recipes,True,"Removed step 2: Step 2 was removed. It said: 'Next, we need to calculate the total number of recipes John learns.' → 'Total recipes = Total hours / 1.5 hours/recipe'",True,275,0.93,
gsm8k,gsm8k_0081,qwen2.5:1.5b,knockout,6,True,the number of ducks that can be seen in jamal's photograph of ducks at the zoo is 6,True,"Removed step 2: Step 2 was removed. It said: 'Next, we need to find out how many birds are in Jamal's photograph of ducks at the zoo. Since the number of photographs Brittany's phone can hold is 50 times more than the number of birds in Jamal's photograph, we can set up the equation: 50 * (number of birds in Jamal's photograph) = 300. Solving for the number of birds in Jamal's photograph, we get: (number of birds in Jamal's photograph) = 300 / 50 = 6.' → 'The number of birds in Jamal's photograph of ducks at the zoo is 6.'",True,553,2.47,
gsm8k,gsm8k_0082,qwen2.5:1.5b,knockout,ceil(6 jars * 8 cupcakes/jar / 12 cupcakes/pan),False,mary should bake 6 pans worth of cupcakes,True,"Removed step 2: Step 2 was removed. It said: 'Next, we need to find out how many pans worth of cupcakes Mary should bake. Since each pan holds 12 cupcakes, we can calculate the number of pans by dividing the total number of cupcakes by the number of cupcakes per pan.' → 'Pans worth of cupcakes = Total cupcakes / 12 cupcakes/pan'",True,397,1.52,
gsm8k,gsm8k_0083,qwen2.5:1.5b,knockout,79 miles,True,alisa and stanley biked a total of 79 miles,False,Removed step 4: Step 4 was removed. It said: 'Add the distances to find the total distance traveled by both Alisa and Stanley.' → 'Total distance = Alisa's distance + Stanley's distance',False,427,0.97,
gsm8k,gsm8k_0084,qwen2.5:1.5b,knockout,35,True,the total number of cars hunter counted during lunch break is 35,False,"Removed step 2: Step 2 was removed. It said: 'Next, we need to find the number of cars that went out during lunch break. This is half the number of cars in the parking lot before lunch break.' → 'Cars that went out during lunch break = 70 / 2 = 35'",False,396,1.22,
gsm8k,gsm8k_0085,qwen2.5:1.5b,knockout,mark's initial weight was 100 pounds,True,mark's initial weight was 70 + 30 = 100 pounds,True,"Removed step 2: Step 2 was removed. It said: 'If his final weight was 70 pounds, then his initial weight was 70 + 30 = 100 pounds.' → 'Mark's initial weight was 100 pounds.'",True,278,1.25,
gsm8k,gsm8k_0087,qwen2.5:1.5b,knockout,30,True,prince bruce slew 30 dragons,False,"Removed step 2: Step 2 was removed. It said: 'Next, we need to find out how many dragons Prince Walter slew. Since he slew twice as many dragons as Prince Arthur, we can calculate this by multiplying Prince Arthur's number by 2.' → 'Prince Walter slew 150 dragons.'",False,385,0.98,
gsm8k,gsm8k_0088,qwen2.5:1.5b,knockout,82.25,False,abraham will be able to earn $50 from selling the first transaction,True,"Removed step 3: Step 3 was removed. It said: 'Now, we need to calculate the total amount of land Abraham sold.' → 'Abraham sold a total of 1/2 + 1/4 = 3/4 of his land.'",True,488,1.05,
gsm8k,gsm8k_0089,qwen2.5:1.5b,knockout,29 years old,True,steve's son is 32 years old,True,"Removed step 2: Step 2 was removed. It said: 'Next, we need to find out how old Steve's son is. Since he is half as old as his mother, we can calculate his age by dividing Steve's wife's age by 2.' → 'Steve's son is 32 years old.'",True,360,1.28,
gsm8k,gsm8k_0090,qwen2.5:1.5b,knockout,each of ray's friends received 5 lollipops,False,each of ray's friends received 5 lollipops,False,Removed step 2: Step 2 was removed. It said: 'Ray shared these 20 lollipops equally with his four friends. This means 20 lollipops / 4 friends = 5 lollipops per friend.' → 'Each friend received 5 lollipops.',False,289,1.2,
gsm8k,gsm8k_0091,qwen2.5:1.5b,knockout,30,False,the total earnings from the small stuffed animals is $4 * 30 = $120,False,"Removed step 3: Step 3 was removed. It said: 'Now, we can solve for the number of small stuffed animals sold. First, divide both sides of the equation by 4: 2 * (number of small stuffed animals sold) = $120 / $4.' → 'The equation simplifies to 2 * (number of small stuffed animals sold) = $30.'",False,536,1.41,
gsm8k,gsm8k_0093,qwen2.5:1.5b,knockout,470,False,mark paid $470 in total,False,"Removed step 2: Step 2 was removed. It said: 'Next, calculate the cost of hiring the mechanic.' → 'The cost of hiring the mechanic is $50 * 3 = $150.'",False,326,0.74,
gsm8k,gsm8k_0094,qwen2.5:1.5b,knockout,650,True,the total number of letters in the words they've spelled after the ten rounds is 650,False,Removed step 2: Step 2 was removed. It said: 'Craig's brother has spelled words with a total count of letters 50 more than Craig. This means Craig's brother has spelled out 300 + 50 = 350 letters in total.' → 'Craig's brother has spelled out 350 letters in total.',False,437,1.71,
gsm8k,gsm8k_0095,qwen2.5:1.5b,knockout,120,False,susan earns $120 for the online task,False,"Removed step 3: Step 3 was removed. It said: 'Now, we need to find out how many 10-minute intervals are in 240 minutes.' → 'Number of 10-minute intervals = 240 minutes / 10 minutes/interval = 24 intervals'",False,386,1.14,
gsm8k,gsm8k_0096,qwen2.5:1.5b,knockout,10.00,False,change = $20 - total amount spent = $20 - $11.50 = $8.50,True,Removed step 3: Step 3 was removed. It said: 'Total cost of peaches = 6 * $0.75' → 'Total cost of peaches = 6 * $0.75',True,563,3.93,
gsm8k,gsm8k_0097,qwen2.5:1.5b,knockout,1600,True,the most popsicle sticks frederick can make if he buys the cheapest lumber is 1600 sticks,False,"Removed step 3: Step 3 was removed. It said: 'Now, we need to determine how many popsicle sticks Frederick can make with the $24 he has. Since the 2 x 8 costs $6, he can buy $24 / $6 = 4 pieces of 2 x 8 wood. Each piece of 2 x 8 wood can make 400 sticks, so he can make 4 x 400 = 1600 sticks with the cheapest lumber.' → 'With the cheapest lumber, Frederick can make 1600 popsicle sticks.'",False,653,1.21,
gsm8k,gsm8k_0098,qwen2.5:1.5b,knockout,90,True,the total number of jellyfish in the tank is 90,False,"Removed step 5: Step 5 was removed. It said: 'When a UV light turned on, 6 jellyfish changed color, which is equal to x/15.' → 'x/15 = 6.'",False,479,1.15,
gsm8k,gsm8k_0099,qwen2.5:1.5b,knockout,12,False,emma has already made 54 vlogs in the first three weeks. to reach her goal of 72 vlogs per month she needs to make 72 - 54 = 18 vlogs in the remaining weeks,True,"Removed step 2: Step 2 was removed. It said: 'Next, we subtract the total number of vlogs made in the first three weeks from the monthly goal of 72 vlogs to find out how many vlogs she still needs to make.' → 'Vlogs needed to complete the goal = 72 - (18 + 21 + 15)'",True,464,2.87,
gsm8k,gsm8k_0101,qwen2.5:1.5b,knockout,7000,True,isaias bought the chickens he took to the market for sale for $7000,False,"Removed step 2: Step 2 was removed. It said: 'Next, we need to calculate the total amount of money Isaias will make from selling these chickens. He plans to sell them at $50 each.' → '180 * $50 = $9000'",False,387,1.02,
gsm8k,gsm8k_0102,qwen2.5:1.5b,knockout,320,True,the total number of people who entered the restaurant on that day is 320 people,False,"Removed step 4: Step 4 was removed. It said: 'Now, we need to calculate the number of people who entered the restaurant after 10:00.' → 'Twice the number of people who entered the restaurant at 10:00 came in, which is 2 * 40 = 80 people.'",False,546,1.09,
gsm8k,gsm8k_0103,qwen2.5:1.5b,knockout,15,True,paul should buy 15 more cupcakes,False,"Removed step 2: Step 2 was removed. It said: 'Next, we need to find out how many more cupcakes Paul needs by subtracting the number of cupcakes he already has from the total number of cupcakes needed for the party.' → '63 - 48 = 15 cupcakes'",False,282,0.96,
gsm8k,gsm8k_0104,qwen2.5:1.5b,knockout,28,True,the total number of birds now in the backyard is 28,False,"Removed step 5: Step 5 was removed. It said: 'A few minutes later, 20 more birds joined the fearless birds.' → '20 more birds joined the 8 remaining birds.'",False,467,1.17,
gsm8k,gsm8k_0105,qwen2.5:1.5b,knockout,6,False,katerina uses 6 sterling silver beads per necklace,True,"Removed step 2: Step 2 was removed. It said: 'Next, we need to determine the total length of the sterling silver beads in the necklace.' → 'The total length of the sterling silver beads is 16 inches.'",True,373,0.85,
gsm8k,gsm8k_0106,qwen2.5:1.5b,knockout,130000 people,True,130000 people,False,"Removed step 2: Step 2 was removed. It said: 'Next, we need to calculate the total number of people living in all cities in one country.' → '5000 people per country'",False,294,0.89,
gsm8k,gsm8k_0107,qwen2.5:1.5b,knockout,5,True,5,False,"Removed step 2: Step 2 was removed. It said: 'Calculate the number of laps each person can run.' → 'Bethany: 10 laps, Trey: 10 + 4 = 14 laps, Shaelyn: 14 / 2 = 7 laps, Quinn: 7 - 2 = 5 laps.'",False,358,0.68,
gsm8k,gsm8k_0108,qwen2.5:1.5b,knockout,26,False,there are 26 rats in each cage,False,"Removed step 2: Step 2 was removed. It said: 'Next, we need to find out how many rats are in each cage.' → 'Since each rat is given 6 pieces of straw, the number of rats in each cage can be calculated by dividing the total number of pieces of straw by the number of pieces per rat: 160 pieces of straw / 6 pieces per rat = 26. 6666666666667 rats per cage.'",False,399,0.78,
gsm8k,gsm8k_0109,qwen2.5:1.5b,knockout,3,True,harry slept 3 more hours than james,True,"Removed step 2: Step 2 was removed. It said: 'Next, we need to find out how many more hours Harry slept than James. We can do this by subtracting James's sleep time from Harry's sleep time.' → 'Harry slept 3 hours more than James.'",True,270,1.09,
gsm8k,gsm8k_0110,qwen2.5:1.5b,knockout,240,False,total cost = $30 * 3 + $18 * 5 = $90 + $90 = $180,True,"Removed step 3: Step 3 was removed. It said: 'Now, we add the two costs together to find the total amount they will pay for their rentals.' → 'Total cost = Carlos's rental cost + Benji's rental cost'",True,390,1.12,
gsm8k,gsm8k_0111,qwen2.5:1.5b,knockout,138000,False,the population of chile now is 138000,False,"Removed step 2: Step 2 was removed. It said: 'Next, we need to find the population of Chile six years ago. Since the population of Chile was half what it is now, and the population of Chile six years ago was 3000 times Noah's age, the population of Chile six years ago was 3000 * 23 = 69,000.' → 'The population of Chile six years ago was 69,000.'",False,414,1.3,
gsm8k,gsm8k_0112,qwen2.5:1.5b,knockout,1218,True,mamou has 1218 meals left to distribute,False,"Removed step 2: Step 2 was removed. It said: 'Next, we subtract the total number of meals distributed from the initial amount to find out how many meals are left.' → 'Meals left = 1360 - (64 + 30 + 48)'",False,325,0.89,
gsm8k,gsm8k_0113,qwen2.5:1.5b,knockout,45,False,oscar has 45 lollipops left after eating 3 more that night and 2 more in the morning,False,"Removed step 2: Step 2 was removed. It said: 'Next, we need to determine how many lollipops Oscar has after buying more lollipops on his way home.' → 'Oscar has 22 + 2 * 14 = 50 lollipops after buying twice as many as he gave to his friends.'",False,386,1.13,
gsm8k,gsm8k_0114,qwen2.5:1.5b,knockout,10 tablespoons of seasoning,True,aiden will need 10 tablespoons of his secret steakhouse seasoning,True,"Removed step 2: Step 2 was removed. It said: 'Next, we need to calculate how much seasoning Aiden needs for 5 pounds of meat.' → '2 tablespoons of seasoning per pound * 5 pounds = 10 tablespoons of seasoning'",True,319,0.83,
gsm8k,gsm8k_0115,qwen2.5:1.5b,knockout,30 elves,True,10 elves are left after the first incident,True,"Removed step 2: Step 2 was removed. It said: 'Next, we need to find out how many elves are left after the first incident.' → 'Remaining elves: 60 - 20 = 40 elves.'",True,327,0.81,
gsm8k,gsm8k_0116,qwen2.5:1.5b,knockout,150,False,150,False,"Removed step 3: Step 3 was removed. It said: 'Now, we need to find out how much money John is missing by subtracting the amount the school will cover from the total cost of the trip.' → 'John is missing $150.'",False,349,0.96,
gsm8k,gsm8k_0117,qwen2.5:1.5b,knockout,2 dollars,False,the cost of each of the other two pizzas is 2 dollars,False,"Removed step 2: Step 2 was removed. It said: 'Next, we subtract the total cost of the two pizzas from the total cost of all four pizzas to find the total cost of the other two pizzas.' → '64 - 60 = 4 dollars'",False,297,0.84,
gsm8k,gsm8k_0118,qwen2.5:1.5b,knockout,32 feet,True,the longer piece is 32 feet,False,"Removed step 3: Step 3 was removed. It said: 'The total length of the board is the sum of the lengths of the two pieces, which is 40 feet.' → 'x + 4x = 40 feet'",False,378,1.31,
gsm8k,gsm8k_0119,qwen2.5:1.5b,knockout,40,True,40,False,Removed step 3: Step 3 was removed. It said: 'Solve for 'x' to find the actual number of people.' → 'Divide both sides by 1.2: x = 48 / 1.2 = 40.',False,426,0.86,
gsm8k,gsm8k_0120,qwen2.5:1.5b,knockout,0.00,False,20.00,True,"Removed step 2: Step 2 was removed. It said: 'Next, we need to calculate the total cost of buying 10 bunches of bananas in bunches.' → 'Total cost of 10 bunches in bunches = 10 * $3.00 = $30.00'",True,409,0.97,
gsm8k,gsm8k_0121,qwen2.5:1.5b,knockout,30000,False,therefore the house cost $30000,False,"Removed step 6: Step 6 was removed. It said: 'Adding 3H to both sides of the equation gives us 4H = $120,000.' → 'We can add 3H to both sides of the equation to isolate H.'",False,616,1.32,
gsm8k,gsm8k_0122,qwen2.5:1.5b,knockout,50 minutes,True,it takes grandma 50 minutes to complete the entire 3-mile walk,False,"Removed step 2: Step 2 was removed. It said: 'Since 40 minutes of her walk is spent on the beach, we can set up the equation: 40 = 2t. Solving for 't', we get t = 20 minutes.' → 'Therefore, it takes Grandma 20 minutes to walk 1 mile on the beach.'",False,469,1.17,
gsm8k,gsm8k_0123,qwen2.5:1.5b,knockout,8 centimeters shorter,False,the candle will be 8 centimeters shorter after burning from 1:00 pm to 5:00 pm,False,"Removed step 2: Step 2 was removed. It said: 'Next, we need to calculate the total amount of wax melted by the candle over the 4-hour period.' → 'The candle melts 2 centimeters per hour, so over 4 hours it will melt 8 centimeters.'",False,304,1.09,
gsm8k,gsm8k_0124,qwen2.5:1.5b,knockout,10 vines,False,steve needs 588 tomatoes in total,True,"Removed step 3: Step 3 was removed. It said: 'Now, we need to determine how many tomatoes a vine can produce in a week. We know that a vine can produce 3 tomatoes per week, so we can use this information to find out how many vines are needed to produce 84 tomatoes.' → 'A vine needs to produce 28 tomatoes per week.'",True,436,1.45,
gsm8k,gsm8k_0125,qwen2.5:1.5b,knockout,2 minutes,False,2 minutes,False,"Removed step 3: Step 3 was removed. It said: 'For the second biggest slide, the time is 240 feet / 80 feet/minute = 3 minutes.' → 'Time for second biggest slide = 3 minutes'",False,402,0.97,
gsm8k,gsm8k_0126,qwen2.5:1.5b,knockout,the restaurant makes $1800 a week,False,the restaurant makes $60 a day from the reservations and $10 from the meals and wine totaling $70 a day. over 2 days a week the weekly revenue is $70 * 2 = $140,True,"Removed step 2: Step 2 was removed. It said: 'Next, we calculate the daily revenue from the meals and wine.' → 'Daily revenue from meals and wine = 2 meals * $5 per meal + $5 bottle of wine'",True,365,1.46,
gsm8k,gsm8k_0127,qwen2.5:1.5b,knockout,48,False,steve has 48 games after 3 years,False,Removed step 2: Step 2 was removed. It said: 'Year 2: 2 games per month for 12 months = 24 games' → 'Year 2: 1 game per month for 12 months + 5 games for Christmas = 17 games',False,411,0.87,
gsm8k,gsm8k_0128,qwen2.5:1.5b,knockout,25,True,25% of the plants are flowering plants,False,"Removed step 2: Step 2 was removed. It said: 'Next, we need to find out how many plants are left after removing the indoor plants.' → '100 plants - 25 indoor plants = 75 plants remaining'",False,383,0.76,
gsm8k,gsm8k_0129,qwen2.5:1.5b,knockout,65 milliliters weaker,False,the coffee will be 65 degrees weaker due to the ice cubes and the cream,True,"Removed step 2: Step 2 was removed. It said: 'Next, we need to determine the weakening of the coffee due to the cream.' → 'The coffee will be 13 + 12 + 15 = 40 degrees weaker due to the cream.'",True,351,0.95,
gsm8k,gsm8k_0130,qwen2.5:1.5b,knockout,60 miles,True,the bus traveled 300 miles while the car traveled 240 miles. therefore the bus traveled 60 miles farther than the car,False,Removed step 2: Step 2 was removed. It said: 'Calculate the distance traveled by the bus: 60 miles/hour × 5 hours = 300 miles.' → 'Distance traveled by the bus = 300 miles',False,358,1.4,
gsm8k,gsm8k_0131,qwen2.5:1.5b,knockout,260,True,toulouse has 160 sheep charleston has 80 sheep and seattle has 20 sheep. together they have 160 + 80 + 20 = 260 sheep,False,"Removed step 2: Step 2 was removed. It said: 'Next, we need to find out how many sheep Toulouse has. Since Toulouse has twice as many sheep as Charleston, and Charleston has 80 sheep, we can calculate this as follows: 2 * 80 = 160 sheep.' → 'Toulouse has 160 sheep.'",False,436,2.08,
gsm8k,gsm8k_0132,qwen2.5:1.5b,knockout,10,False,the amount you ended up paying is $10,False,Removed step 2: Step 2 was removed. It said: 'Calculate the tip amount by multiplying the bill amount by 20%.' → 'The tip amount is $50 * 0.20 = $10.',False,344,0.82,
gsm8k,gsm8k_0133,qwen2.5:1.5b,knockout,the friends found 30 eggs,True,the friends found 40 eggs,True,"Removed step 2: Step 2 was removed. It said: 'The total number of eggs hidden was 100, and the Smith twins found 60, so 100 - 60 = 40 eggs were not found by the twins.' → '40 eggs were not found by the twins.'",True,332,1.42,
gsm8k,gsm8k_0134,qwen2.5:1.5b,knockout,18 kids,True,total number of kids in the park = 6 girls + 12 boys = 18 kids,False,"Removed step 2: Step 2 was removed. It said: 'Now that we know the number of boys, we can find the total number of kids in the park.' → 'Total number of kids = Number of girls + Number of boys = 6 + 12 = 18 kids'",False,260,1.23,
gsm8k,gsm8k_0135,qwen2.5:1.5b,knockout,160 square feet,True,jim needs to buy 160 square feet of fabric,False,"Removed step 2: Step 2 was removed. It said: 'Next, we calculate the area of the fabric needed. The area of a rectangle is found by multiplying its length by its width.' → 'The area of the fabric needed is 8 feet * 10 feet = 80 square feet.'",False,350,0.84,
gsm8k,gsm8k_0136,qwen2.5:1.5b,knockout,there are 15 flowers in the vase in total,True,there are 11 dahlias in the vase,True,"Removed step 2: Step 2 was removed. It said: 'Since there are 4 roses, we can add 7 to find the number of dahlias.' → 'There are 11 dahlias in the vase.'",True,267,0.72,
gsm8k,gsm8k_0137,qwen2.5:1.5b,knockout,anna took 7 hours to finish the puzzle,False,anna took 5 hours + 2 hours = 7 hours to finish the puzzle,True,"Removed step 2: Step 2 was removed. It said: 'Anna took 2 hours more than half of Steve's time, so we add 2 hours to 5 hours.' → 'Anna took 5 hours + 2 hours = 7 hours.'",True,275,1.11,
gsm8k,gsm8k_0138,qwen2.5:1.5b,knockout,1450000,True,the total cost of the research is $100000 + $1350000 = $1450000,False,"Removed step 2: Step 2 was removed. It said: 'Next, we need to calculate the funding per month for the first 5 months. Since John received $100,000 for the first 5 months, we can calculate the funding per month as $100,000 / 5 = $20,000 per month.' → 'The funding per month for the first 5 months is $20,000.'",False,574,1.66,
gsm8k,gsm8k_0139,qwen2.5:1.5b,knockout,30,True,the total number of eggs in both baskets is 30,False,"Removed step 2: Step 2 was removed. It said: 'Next, we add the number of eggs in both baskets together.' → 'The total number of eggs in both baskets is 30.'",False,234,0.85,
gsm8k,gsm8k_0140,qwen2.5:1.5b,knockout,290,False,george has 200 bananas + 90 pears = 290 fruits,False,"Removed step 2: Step 2 was removed. It said: 'Next, we add the 90 bananas to the 200 bananas to find the total number of fruits George has.' → 'The total number of fruits is 290.'",False,294,1.22,
gsm8k,gsm8k_0141,qwen2.5:1.5b,knockout,-$37,False,the customer paid $43 on this shopping trip,True,"Removed step 2: Step 2 was removed. It said: 'Next, calculate the amount of the coupon based on the rewards.' → 'Coupon amount = 4 * $20 = $80'",True,381,1.84,
gsm8k,gsm8k_0142,qwen2.5:1.5b,knockout,24,True,caroline is 24 years old,False,"Removed step 2: Step 2 was removed. It said: 'Next, we need to find out how old Caroline is. Since Caroline is three times older than Ben, we can calculate Caroline's age by multiplying Ben's age by 3.' → 'Caroline is 24 years old.'",False,296,1.18,
gsm8k,gsm8k_0143,qwen2.5:1.5b,knockout,156250,False,marcel earned $156250 from selling bicycles during that month,False,"Removed step 3: Step 3 was removed. It said: 'Now, we need to calculate the total earnings from each type of bike.' → 'The earnings from selling Trekking bikes are 150 bikes * $450 = $67,500. The earnings from selling BMX bikes are 45 bikes * $250 = $11,250. The earnings from selling MTB bikes are 155 bikes * $500 = $77,500.'",False,510,0.99,
gsm8k,gsm8k_0144,qwen2.5:1.5b,knockout,3,True,the total number of bolts required is 2 + 1 = 3,True,"Removed step 2: Step 2 was removed. It said: 'Next, we need to calculate the amount of white fiber required. Since the robe takes half as much white fiber as blue fiber, we can calculate this by dividing the amount of blue fiber by 2.' → 'The robe takes 2 bolts of blue fiber and 1 bolt of white fiber.'",True,294,0.85,
gsm8k,gsm8k_0145,qwen2.5:1.5b,knockout,karen would pay $63 in total,False,karen would pay $54 in total,True,Removed step 3: Step 3 was removed. It said: 'Subtract the discount amount from the total cost without discount to get the final cost.' → 'Final cost = $75 - $15 = $60',True,359,0.75,
gsm8k,gsm8k_0146,qwen2.5:1.5b,knockout,james delivers 201 newspapers to district b,False,james delivers 201 newspapers to district b,False,"Removed step 3: Step 3 was removed. It said: 'Now, we can solve for 'x' by subtracting the known values from the total.' → 'x = 600 - 198 - 209.'",False,357,1.06,
gsm8k,gsm8k_0147,qwen2.5:1.5b,knockout,6 hours,False,doctor jones will have 6 hours left to update his records,False,"Removed step 2: Step 2 was removed. It said: 'Next, we need to convert the total time spent on rounds and appointments into hours.' → 'Total time spent on rounds and appointments in hours = (9 inpatients * 20 minutes per inpatient + 10 appointments * 30 minutes per appointment) / 60'",False,438,0.89,
gsm8k,gsm8k_0148,qwen2.5:1.5b,knockout,12 miles,False,distance = (1/3) * 6 mph * 6 hours + (2/3) * 1.5 mph * 6 hours = 12 miles + 6 miles = 18 miles,False,"Removed step 3: Step 3 was removed. It said: 'Now that we have the speeds for running and walking, we can calculate the distance she can travel in six hours. Since she spends one-third of the time running and two-thirds of the time walking, we can calculate the distance for each activity and add them together.' → 'Distance = (1/3) * running speed * time + (2/3) * walking speed * time'",False,497,1.64,
gsm8k,gsm8k_0149,qwen2.5:1.5b,knockout,21,True,21,False,Removed step 3: Step 3 was removed. It said: 'Calculate the number of watermelons remaining after Ashlyn took some home.' → 'There were 120 - 36 = 84 watermelons remaining.',False,432,0.76,
gsm8k,gsm8k_0150,qwen2.5:1.5b,knockout,8,True,8 slices,True,Removed step 2: Step 2 was removed. It said: 'Mara added 3 slices of cake to the plate.' → 'Mara added 3 slices of cake to the plate.',True,505,0.82,
gsm8k,gsm8k_0151,qwen2.5:1.5b,knockout,james's commission = commission,False,james made $1750000,True,"Removed step 2: Step 2 was removed. It said: 'Next, calculate the total amount paid by the company to acquire the cars.' → 'Total paid by company = Total cost of cars * 30%'",True,344,0.86,
gsm8k,gsm8k_0152,qwen2.5:1.5b,knockout,it will take the child 8 days to save the remaining amount,False,it will take the child 8 days to save the remaining amount,False,Removed step 2: Step 2 was removed. It said: 'The child saves $2 daily from his allowance.' → 'The child saves $2 daily.',False,302,0.86,
gsm8k,gsm8k_0153,qwen2.5:1.5b,knockout,6 containers,False,6 containers,False,Removed step 3: Step 3 was removed. It said: 'Subtract the number of vehicles from the first day from the total number of vehicles at the port to find the number of vehicles imported on the second day.' → '40 vehicles - 10 vehicles = 30 vehicles',False,356,0.7,
gsm8k,gsm8k_0154,qwen2.5:1.5b,knockout,50,False,each individual razor will cost 25 cents after the discount,True,"Removed step 3: Step 3 was removed. It said: 'Now, apply the buy one get one free sale to the total cost.' → 'The total cost after the sale is $3.00.'",True,352,0.96,
gsm8k,gsm8k_0155,qwen2.5:1.5b,knockout,7.50,False,total amount spent on sugar = $2 * 20 gallons = $40,True,Removed step 6: Step 6 was removed. It said: 'Calculate the total amount spent on lemons per gallon.' → 'Total cost of lemons per gallon = Total cost per gallon - Profit per gallon = $5 - $1.25 = $3.75',True,438,0.94,
gsm8k,gsm8k_0156,qwen2.5:1.5b,knockout,12,True,adam had to contribute $12 from his savings,False,"Removed step 3: Step 3 was removed. It said: 'Now, we need to calculate the total amount of money Adam received from his parents.' → 'Total money from parents = $6 (mother) + $12 (father) = $18.'",False,330,0.93,
gsm8k,gsm8k_0157,qwen2.5:1.5b,knockout,400,True,therefore there are 400 worker bees in the hive,False,"Removed step 4: Step 4 was removed. It said: 'We know that B = 0.5W, so we can substitute this into the equation from step 3.' → 'Substituting B = 0.5W into the equation from step 3, we get W = 700 - 1.5(0.5W).'",False,478,1.3,
gsm8k,gsm8k_0158,qwen2.5:1.5b,knockout,72 inches,True,the fourth child is 72 inches tall,False,"Removed step 2: Step 2 was removed. It said: 'Next, we need to find the height of the third child. Since the third child is 5 inches shorter than the second child, we subtract 5 inches from the second child's height.' → 'Third child's height: 74 inches - 5 inches = 69 inches.'",False,403,1.28,
gsm8k,gsm8k_0159,qwen2.5:1.5b,knockout,8000 pounds,False,the weight of the remaining part of the tree is 8000 pounds - 1200 pounds = 6800 pounds,False,"Removed step 3: Step 3 was removed. It said: 'Now, we subtract the weight eaten by the termites from the total weight to find the remaining weight.' → 'Remaining weight = 4000 pounds - 1200 pounds = 2800 pounds.'",False,405,1.42,
gsm8k,gsm8k_0160,qwen2.5:1.5b,knockout,270 marbles,True,maddison now has 250 + 20 = 270 marbles,False,Removed step 2: Step 2 was removed. It said: 'Maddison then gets 20 more marbles from her friend.' → 'Maddison now has 250 + 20 = 270 marbles.',False,255,0.97,
gsm8k,gsm8k_0161,qwen2.5:1.5b,knockout,total states = (3/2) * s + 4,False,the total number of states in both india and the usa together cannot be determined without knowing the number of states in the usa. the expression (3/2) * s + 4 represents the total number of states in both countries,True,Removed step 2: Step 2 was removed. It said: 'The total number of states in both countries together is the sum of the number of states in India and the number of states in the USA. This can be expressed as: Total states = India's states + S' → 'Total states = (1/2) * S + 4 + S',True,521,2.53,
gsm8k,gsm8k_0162,qwen2.5:1.5b,knockout,9 small bags,False,john can make 9 small bags with 10 m&m in each small bag,False,"Removed step 2: Step 2 was removed. It said: 'Next, calculate the total number of M&M in the large bags.' → 'Total number of M&M in large bags = 30 ounces * 30 M&M/ounce = 900 M&M.'",False,385,1.02,
gsm8k,gsm8k_0163,qwen2.5:1.5b,knockout,60,True,the smallest group has 60 students,False,"Removed step 2: Step 2 was removed. It said: 'Solving the equation: 2x + x - 10 = 200, we combine like terms: 3x - 10 = 200. Adding 10 to both sides: 3x = 210. Dividing by 3: x = 70. This means the largest group has 70 students.' → 'The largest group has 70 students.'",False,382,1.03,
gsm8k,gsm8k_0164,qwen2.5:1.5b,knockout,2880 jellyfish,False,in 4 hours 5 springs would create 2880 jellyfish,False,"Removed step 3: Step 3 was removed. It said: 'Now, we need to determine how many seconds it takes for 5 springs to create a new jellyfish.' → 'Since 5 springs are working at the same rate, it takes 5 seconds for 5 springs to create a new jellyfish.'",False,407,1.21,
gsm8k,gsm8k_0165,qwen2.5:1.5b,knockout,20 white hats,True,skyler has 20 white hats,False,"Removed step 3: Step 3 was removed. It said: 'Now, we need to find out how many of the remaining hats are blue.' → '50 * 3/5 = 30 blue hats'",False,324,0.79,
gsm8k,gsm8k_0166,qwen2.5:1.5b,knockout,36,False,fawn has 36 books,False,"Removed step 3: Step 3 was removed. It said: 'We also know that S = A + 25 and A = F - 12.' → 'We have two equations involving S, A, and F.'",False,549,0.89,
gsm8k,gsm8k_0167,qwen2.5:1.5b,knockout,6 pints of gasoline,False,josey needed 0.75 gallons of gas,True,"Removed step 2: Step 2 was removed. It said: 'Next, we need to find out how much gas Josey needed. She needed 1/4 of a container, which is 1/4 * 3 gallons = 3/4 gallons of gas.' → 'Josey needed 3/4 gallons of gas.'",True,365,1.51,
gsm8k,gsm8k_0168,qwen2.5:1.5b,knockout,1110,True,total cost = $960 + $150 = $1110,False,Removed step 4: Step 4 was removed. It said: 'Subtract the discount from the total cost of the fireworks.' → 'Total cost of fireworks after discount = $1200 - $240 = $960',False,392,0.97,
gsm8k,gsm8k_0169,qwen2.5:1.5b,knockout,12.00,True,the total cost is $12.00,False,Removed step 4: Step 4 was removed. It said: 'The cost of 5 oranges is $1.10 * 5 = $5.50.' → 'The cost of 5 oranges is $5.50.',False,375,0.79,
gsm8k,gsm8k_0170,qwen2.5:1.5b,knockout,14,True,14,False,"Removed step 2: Step 2 was removed. It said: 'Next, we calculate the total cost for each item separately.' → 'Leila's cucumbers cost 3 * $2 = $6, Jack's tomatoes cost 5 * $1 = $5, and Chase's lettuce cost 1 * $3 = $3.'",False,363,0.86,
gsm8k,gsm8k_0171,qwen2.5:1.5b,knockout,1,True,martha now has 7 notebooks which is 4 more than joseph,True,"Removed step 2: Step 2 was removed. It said: 'Next, we need to find out how many notebooks Joseph had. Since Joseph had 3 times as many notebooks as Martha originally had, we can multiply Martha's original number of notebooks by 3 to find out how many Joseph had.' → 'Joseph had 6 notebooks.'",True,354,1.3,
gsm8k,gsm8k_0172,qwen2.5:1.5b,knockout,720 grams of cat food will last 6 days,False,720 grams of cat food will last 720 grams / (3 cats * 120 grams per day) = 6 days,True,"Removed step 2: Step 2 was removed. It said: 'Next, we need to calculate how much cat food Imma's cats consume in one day.' → 'Imma's cats consume 60 grams x 2 = 120 grams of cat food per day.'",True,322,1.19,
gsm8k,gsm8k_0173,qwen2.5:1.5b,knockout,6,False,the least number of berries he can pick up per trip is 6,True,"Removed step 2: Step 2 was removed. It said: 'The sloth takes 4 hours to pick up 24 berries, so he needs to pick up 6 berries per hour.' → 'The sloth needs to pick up 6 berries per hour.'",True,396,1.16,
gsm8k,gsm8k_0174,qwen2.5:1.5b,knockout,10.67,False,32,True,"Removed step 3: Step 3 was removed. It said: 'Since Isabelle is splitting the cost evenly with her two parents, we need to divide the amount each person paid by 3.' → 'Each person paid = $32 / 3 = $10.67'",True,417,1.33,
gsm8k,gsm8k_0175,qwen2.5:1.5b,knockout,2.00,True,2.00,False,"Removed step 2: Step 2 was removed. It said: 'Next, determine the cost of a weekly bus pass.' → 'Cost of weekly bus pass = $20.00'",False,319,0.7,
gsm8k,gsm8k_0176,qwen2.5:1.5b,knockout,0.84,False,0.84,False,"Removed step 3: Step 3 was removed. It said: 'Now, we add the total value of cans and bottles to find the total value Grayson earns in a week.' → 'Total value in a week = $0.06 + $0.15 = $0.21'",False,369,0.82,
gsm8k,gsm8k_0177,qwen2.5:1.5b,knockout,540,False,total expenditure = $500 + ($500 - $60) = $500 + $440 = $940,True,"Removed step 2: Step 2 was removed. It said: 'Next, we add the expenditure of May and June to find the total expenditure for those two months.' → 'Total expenditure = Expenditure in May + Expenditure in June'",True,310,1.25,
gsm8k,gsm8k_0178,qwen2.5:1.5b,knockout,10.50,False,the price for such a crate of fruit is $10.50,False,"Removed step 2: Step 2 was removed. It said: 'Next, we calculate the price of the crate by summing up the prices of all the fruits.' → 'The price of the crate is the sum of the prices of 5 bananas, 12 apples, and 7 oranges.'",False,347,0.88,
gsm8k,gsm8k_0179,qwen2.5:1.5b,knockout,1000 grams,False,the total number of calories in the bag of chips is 250 calories per serving times 5 servings which equals 1250 calories,True,"Removed step 2: Step 2 was removed. It said: 'Next, we need to calculate the total number of calories in the bag of chips.' → 'The total number of calories in the bag of chips is 250 calories per serving times 5 servings.'",True,430,1.22,
gsm8k,gsm8k_0180,qwen2.5:1.5b,knockout,280,False,team gogetters found 140 shells,True,Removed step 2: Step 2 was removed. It said: 'Calculate the number of shells remaining after Alphas.' → 'The remaining shells are 60% of the total.',True,343,0.86,
gsm8k,gsm8k_0181,qwen2.5:1.5b,knockout,15 weeks,False,it will take jane 15 more weeks to save a total of $60,True,"Removed step 2: Step 2 was removed. It said: 'Next, determine how much more money Jane needs to reach her goal of $60.' → 'Jane needs $60 - $32 = $28 more.'",True,343,1.0,
gsm8k,gsm8k_0182,qwen2.5:1.5b,knockout,80,True,the number of pencils left at the end of the year is 80,False,Removed step 3: Step 3 was removed. It said: 'Calculate the remaining pencils after two months.' → 'Remaining pencils = 300 - 60 = 240 pencils',False,352,0.91,
gsm8k,gsm8k_0183,qwen2.5:1.5b,knockout,2 miles,False,the last dog needs to walk 2 miles per day,False,"Removed step 2: Step 2 was removed. It said: 'Next, we need to find the average miles walked per dog.' → 'Average miles walked per dog = 8 / 4 = 2 miles.'",False,305,0.79,
gsm8k,gsm8k_0184,qwen2.5:1.5b,knockout,60,True,60,False,"Removed step 2: Step 2 was removed. It said: 'Next, calculate the number of students remaining after contemporary dance enrollment.' → '20 - 4 = 16 students remaining.'",False,351,0.69,
gsm8k,gsm8k_0185,qwen2.5:1.5b,knockout,10000 pineapples,False,john can harvest 3333 pineapples within a year,True,"Removed step 2: Step 2 was removed. It said: 'Next, we need to determine how many pineapples John can harvest in one year. Since he can harvest his pineapples every 3 months, we need to divide the total number of pineapples by 3 to find out how many he can harvest in one year.' → 'Pineapples per year = Total number of pineapples / 3'",True,404,1.52,
gsm8k,gsm8k_0186,qwen2.5:1.5b,knockout,67,True,jackie was 69 inches tall before summer,True,"Removed step 2: Step 2 was removed. It said: 'Next, we need to find out how tall Jackie is. We know that Jackie is 2 inches shorter than Anne, so Jackie is 72 - 2 = 70 inches tall.' → 'Jackie is 70 inches tall.'",True,388,1.73,
gsm8k,gsm8k_0187,qwen2.5:1.5b,knockout,240,True,miguel uses 120 sheets of paper every month,True,"Removed step 2: Step 2 was removed. It said: 'Next, we need to calculate how many sheets of paper he uses in one week.' → 'Miguel uses 2 * 30 = 60 sheets of paper a week.'",True,289,0.88,
gsm8k,gsm8k_0188,qwen2.5:1.5b,knockout,0 pairs,False,frank will have 0 individual shoes on sunday,True,"Removed step 2: Step 2 was removed. It said: 'Next, we add the pairs of shoes Frank gets on Monday, Wednesday, and Friday.' → 'Pairs of shoes on Monday = 5 pairs'",True,501,0.87,
gsm8k,gsm8k_0189,qwen2.5:1.5b,knockout,mark left 25 questions incomplete in the first test and 10 questions incomplete in the second test,False,mark answered a total of 175 questions in both tests,True,"Removed step 3: Step 3 was removed. It said: 'Now, calculate the total number of questions Mark could have answered in each test based on his rate.' → 'Mark could have answered 5 questions per hour in the first test and 5 questions per hour in the second test.'",True,364,0.88,
gsm8k,gsm8k_0190,qwen2.5:1.5b,knockout,300 miles,True,100 miles / 4 gallons = 25 mpg,True,"Removed step 2: Step 2 was removed. It said: 'Sophia has driven 100 miles since the last fill-up, and she used 4 gallons of gas to refill the tank. This means she has driven 100 miles on 4 gallons of gas.' → 'miles per gallon = 100 miles / 4 gallons'",True,457,1.09,
gsm8k,gsm8k_0191,qwen2.5:1.5b,knockout,360,False,the amount invested by dylan is $480,True,"Removed step 2: Step 2 was removed. It said: 'Next, we need to find the remaining amount after Dylan's investment. This can be calculated by subtracting Dylan's investment from the total amount.' → 'The remaining amount is the total amount minus Dylan's investment.'",True,412,1.26,
gsm8k,gsm8k_0192,qwen2.5:1.5b,knockout,140 people on the train at the final stop,False,140 people on the train after the third stop,True,"Removed step 2: Step 2 was removed. It said: 'Next, we need to calculate the number of people on the train after the second stop. This is the number of people on the train after the first stop plus the number that boarded at the second stop, minus the number that descended at the second stop.' → '140 + 50 - 50 = 140 people on the train after the second stop.'",True,427,1.51,
gsm8k,gsm8k_0193,qwen2.5:1.5b,knockout,5 bags,False,uncle ben needs 5 bags of oats to feed his horses for five days,False,"Removed step 2: Step 2 was removed. It said: 'Next, we calculate the total amount of oats consumed by all four horses in five days.' → 'Total oats for 5 days = 40 pounds/day * 5 days = 200 pounds.'",False,391,1.02,
gsm8k,gsm8k_0194,qwen2.5:1.5b,knockout,30,False,peter will have 30 action figures by the end of the week,False,Removed step 3: Step 3 was removed. It said: 'Calculate the number of plastic action figures Peter can buy with the remaining money.' → 'Peter can buy $55 / $2 = 27 plastic action figures.',False,398,1.03,
gsm8k,gsm8k_0195,qwen2.5:1.5b,knockout,2 minutes,False,the combined length of time for the three wolves' howls is 2 minutes,False,"Removed step 2: Step 2 was removed. It said: 'Next, we need to find the combined length of time for all three wolves' howls.' → 'Combined length: 20 + 40 + 60 = 120 seconds.'",False,361,1.1,
gsm8k,gsm8k_0196,qwen2.5:1.5b,knockout,2.00,True,the cost per serving is $2.00,False,"Removed step 2: Step 2 was removed. It said: 'Next, we need to calculate the total cost of the onions. The onions are currently on sale for $2.00 a pound, so the total cost will be 4 x $2.00 = $8.00.' → 'The total cost of the onions is $8.00.'",False,569,0.93,
gsm8k,gsm8k_0197,qwen2.5:1.5b,knockout,456,False,total m&ms = 300 + (300 + 12) + (300 / 2) = 915,True,"Removed step 3: Step 3 was removed. It said: 'Now, we can calculate the total number of M&Ms Mary bought.' → 'Total M&Ms = First bag + Second bag + Third bag'",True,395,1.25,
gsm8k,gsm8k_0198,qwen2.5:1.5b,knockout,2,True,2,False,"Removed step 2: Step 2 was removed. It said: 'After giving an equal amount of money to their little sister, Rissa is left with 4/5 of her money. This means she is left with 4/5 * $15 = $12.' → 'Rissa is left with $12.'",False,418,1.43,
gsm8k,gsm8k_0199,qwen2.5:1.5b,knockout,1400,False,the refund amount is $1400,False,Removed step 3: Step 3 was removed. It said: 'Calculate the refund amount by subtracting the cost of the milk that could not be sold from the total cost.' → 'Refund amount = Total cost - (Amount of milk that could not be sold * $3.5 per gallon)',False,372,1.0,
math,math_0000,qwen2.5:1.5b,knockout,2 + rac{2}{3} = rac{8}{3},False,therefore $a+b = 2 + 2 = 4,True,"Removed step 3: Step 3 was removed. It said: 'Solve for $b$ by isolating it on one side of the equation.' → 'Multiplying both sides by $rac{16}{729}$ gives $b^9 = rac{32}{27} 	imes rac{16}{729} = rac{512}{2187}$, so $b = rac{2}{3}$.'",True,621,1.25,
math,math_0001,qwen2.5:1.5b,knockout,8,True,f(g(2)) = 7 + 1 = 8,True,"Removed step 2: Step 2 was removed. It said: 'Next, we substitute the value of $g(2)$ into the function $f(x) = x + 1$ to find $f(g(2))$.' → 'f(g(2)) = 7 + 1 = 8'",True,296,1.3,
math,math_0002,qwen2.5:1.5b,knockout,-10,False,-10,False,Removed step 2: Step 2 was removed. It said: 'We know that the sum of the base-2 logarithms of the roots is 5. This can be written as $log_2(r_1) + log_2(r_2) + log_2(r_3) = 5$.' → 'The sum of the base-2 logarithms of the roots is 5.',False,570,1.36,
math,math_0003,qwen2.5:1.5b,knockout,1/4,False,the surface area of one of the pieces is 1/4 the surface area of the original tetrahedron,False,Removed step 3: Step 3 was removed. It said: 'The surface area of a tetrahedron is the sum of the areas of its four triangular faces.' → 'The surface area of the smaller tetrahedron is 1/4 the surface area of the original tetrahedron.',False,482,1.33,
math,math_0004,qwen2.5:1.5b,knockout,1/2,False,0.5,True,Removed step 1: Step 1 was removed. It said: 'We know from trigonometric values that sin(30°) = 1/2.' → 'sin(30°) = 1/2',True,192,0.97,
math,math_0006,qwen2.5:1.5b,knockout,5,False,the number of red marbles is 5,True,Removed step 11: Step 11 was removed. It said: 'Substitute Y and W in terms of O into the equation 3R = 6Y - 12.' → '3R = 6(O/3) - 12 = 2O - 12.',True,987,2.17,
math,math_0007,qwen2.5:1.5b,knockout,(5 1 13),False,the point of intersection is $(5 1 13),False,"Removed step 2: Step 2 was removed. It said: 'The parametric form of the line is given by $x = 2 + 3t$, $y = -1 + 4t$, $z = 2 + 12t$. We substitute these into the plane equation.' → 'We substitute the parametric equations into the plane equation to find the value of $t$.'",False,445,1.37,
math,math_0008,qwen2.5:1.5b,knockout,0.5,False,the slope of the line containing the midpoints is 0.5,False,"Removed step 2: Step 2 was removed. It said: 'Next, find the slope of each line segment.' → 'Slope of line segment with endpoints (0, 0) and (2, 2) is 1. Slope of line segment with endpoints (5, 0) and (6, 2) is 0.5.'",False,328,0.82,
math,math_0010,qwen2.5:1.5b,knockout,60,False,the number of positive divisors of $6n$ is $(5+1)(9+1) = 60,False,"Removed step 2: Step 2 was removed. It said: 'Given that $2n$ has 28 positive divisors, we can write $2n = 2^{a+1} 	imes 3^b 	imes p_1^{c_1+1} 	imes p_2^{c_2+1} 	imes 	imes p_k^{c_k+1}$, and the number of divisors is $(a+2)(b+1)(c_1+2)(c_2+1) 	imes 	imes (c_k+1) = 28$.' → 'From this, we can deduce that $a+2 = 4$, $b+1 = 7$, $c_1+2 = 3$, $c_2+1 = 1$, and $c_k+1 = 1$.'",False,865,2.17,
math,math_0011,qwen2.5:1.5b,knockout,0,False,the value of $b$ is 0,True,"Removed step 3: Step 3 was removed. It said: 'From the third equation, we can simplify it to $2a = z + d$.' → 'We can conclude that $z = 2$ and $d = 8$.'",True,877,2.38,
math,math_0012,qwen2.5:1.5b,knockout,infinitely many,False,the number of distinct arithmetic sequences that meet the given conditions is the number of distinct values of n for which a_n is an integer which is infinitely many,False,"Removed step 2: Step 2 was removed. It said: 'The general formula for the n-th term of an arithmetic sequence is given by: a_n = a_1 + (n - 1)d, where a_n is the n-th term, a_1 is the first term, n is the term number, and d is the common difference.' → 'The formula for the n-th term is a_n = 1 + (n - 1) * 90.'",False,730,1.87,
math,math_0013,qwen2.5:1.5b,knockout,15,False,108,True,"Removed step 2: Step 2 was removed. It said: 'Next, we need to evaluate the expression inside the parentheses.' → 'Evaluate $3(11)$.'",True,279,0.63,
math,math_0015,qwen2.5:1.5b,knockout,27 cubic inches,False,the volume of the cube is 27 cubic inches,False,"Removed step 2: Step 2 was removed. It said: 'The volume of a cube is given by the formula V = s^3, where s is the side length of the cube.' → 'The volume of the cube is 3^3 cubic inches.'",False,287,0.76,
math,math_0016,qwen2.5:1.5b,knockout,1/36,False,1/36,False,"Removed step 3: Step 3 was removed. It said: 'The probability of rolling a 5 on the green die is 1/6, since there are 6 possible outcomes and only one of them is a 5.' → 'The probability of rolling a 5 on the green die is 1/6.'",False,467,1.45,
math,math_0018,qwen2.5:1.5b,knockout,n = 12,True,n = 12,False,"Removed step 2: Step 2 was removed. It said: 'Since the bases are the same, we can equate the exponents: 12 = n.' → 'Therefore, n = 12.'",False,260,0.99,
math,math_0020,qwen2.5:1.5b,knockout,1/5,False,1/5,False,Removed step 2: Step 2 was removed. It said: 'A number is a multiple of 4 if it can be written as 4k for some integer k.' → 'We need to find the conditions under which n or n+1 is a multiple of 4.',False,551,0.89,
math,math_0021,qwen2.5:1.5b,knockout,(2 2 4),False,the coordinates of the center of the cube are (3 2 4),True,"Removed step 2: Step 2 was removed. It said: 'The midpoint of a line segment with endpoints $(x_1, y_1, z_1)$ and $(x_2, y_2, z_2)$ is given by the formula $\left(\frac{x_1 + x_2}{2}, \frac{y_1 + y_2}{2}, \frac{z_1 + z_2}{2}\right)$. Applying this formula to the diagonal connecting $A$ and $C$, we get the coordinates of the center of the cube.' → 'The center of the cube is $(2, 2, 4)$.'",True,339,1.02,
math,math_0022,qwen2.5:1.5b,knockout,friday,False,the 23rd day of the month is a friday,False,"Removed step 5: Step 5 was removed. It said: 'Since the first day is Monday, the 23rd is a Friday.' → 'We will count the days from 1 to 23, and the 23rd is a Friday.'",False,532,1.25,
math,math_0023,qwen2.5:1.5b,knockout,2 pairs,False,therefore mrs. read can knit 2 pairs of identical mittens with a ball of yarn twelve inches in diameter,False,Removed step 3: Step 3 was removed. It said: 'The proportion can be set up as follows: 6 inches / 1 pair = 12 inches / x pairs.' → 'Solving for x will give us the number of pairs of mittens that can be knitted with a ball of yarn twelve inches in diameter.',False,446,1.6,
math,math_0024,qwen2.5:1.5b,knockout,36 / 121,False,36 / 121,False,"Removed step 2: Step 2 was removed. It said: 'Next, we need to find the ratio of the areas of the two circles. This is done by dividing the area of circle A by the area of circle B.' → 'The ratio of the area of circle A to the area of circle B is 36π / 121π = 36 / 121.'",False,385,0.95,
math,math_0027,qwen2.5:1.5b,knockout,2^2,False,the final answer is 4,True,"Removed step 3: Step 3 was removed. It said: 'Now, we can rewrite the expression in terms of base 2.' → 'This gives us $2^3rac{1}{2}$ as the simplified expression.'",True,293,0.73,
math,math_0029,qwen2.5:1.5b,knockout,2,False,-5 9mod 7,True,"Removed step 5: Step 5 was removed. It said: 'Now, we substitute back into the simplified problem: $1 - 5^{13} mod 7 = 1 - 6 mod 7 = -5 mod 7 = 2$.' → 'We substitute back to get $1 - 6 mod 7 = 2$.'",True,641,1.55,
math,math_0030,qwen2.5:1.5b,knockout,x^2 - 10x + 41 = 0,False,the quadratic equation with real coefficients and a quadratic term of $x^2$ that has $5-4i$ as a root is $x^2 - 10x + 41 = 0,False,Removed step 5: Step 5 was removed. It said: 'Simplifying the expression $x^2 - (5+4i)x - (5-4i)x + (5-4i)(5+4i)$ will give us the quadratic equation in standard form.' → 'Simplifying the expression will give us the quadratic equation in standard form.',False,712,1.89,
math,math_0031,qwen2.5:1.5b,knockout,(-∞ -1] ∪ (0 7],False,x ∈ (-∞ -1] ∪ (0 7],False,"Removed step 2: Step 2 was removed. It said: 'Next, we need to determine the sign of the expression in each interval created by the critical points. We can do this by testing points in each interval.' → 'The expression is negative in the interval (-∞, -1) and (0, 7).'",False,335,1.16,
math,math_0032,qwen2.5:1.5b,knockout,7/12,False,the probability that the light will not be green is 1 - 25/60 = 35/60,True,"Removed step 3: Step 3 was removed. It said: 'To express this probability as a common fraction, we need to find a common denominator for 1 and 25/60. The common denominator is 60, so we can rewrite 1 as 60/60.' → 'The probability that the light will not be green is 60/60 - 25/60.'",True,471,1.4,
math,math_0033,qwen2.5:1.5b,knockout,3,False,the total number of isosceles triangles with a perimeter of 20 units is 3,True,"Removed step 4: Step 4 was removed. It said: 'Let's solve for 'b' in terms of 'a': b = 20 - 2a. We need to check which values of 'a' make 'b' a positive integer.' → 'This will help us find all valid pairs (a, b).'",True,587,1.39,
math,math_0035,qwen2.5:1.5b,knockout,8,False,the constant term of $f(g(x))$ is 8,True,Removed step 2: Step 2 was removed. It said: 'The constant term of $f(x)$ is the value of $f(x)$ when $x = 0$.' → 'The constant term of $f(x)$ is $f(0) = 0^3 - 6(0)^2 + 3(0) - 4 = -4$.',True,420,1.13,
math,math_0036,qwen2.5:1.5b,knockout,4,True,the degree of $f(x) - g(x)$ is 4,True,"Removed step 2: Step 2 was removed. It said: 'When subtracting two polynomials, the degree of the resulting polynomial is determined by the highest degree term in the subtraction.' → 'The degree of $f(x) - g(x)$ is 4.'",True,338,1.17,
math,math_0037,qwen2.5:1.5b,knockout,5555,False,1234 + 4321 = 5555,False,"Removed step 2: Step 2 was removed. It said: 'Next, we need to find the sum of these two numbers.' → 'The sum of the least and the greatest positive four-digit multiples of 4 is 5555.'",False,277,0.87,
math,math_0038,qwen2.5:1.5b,knockout,5.0176,False,5.0176,False,"Removed step 2: Step 2 was removed. It said: 'From the diagram, we can see that the circle is centered at $(-1, 1)$ and has a radius of $2.24$.' → 'The equation of the circle is $x^2 + y^2 + 2(-1)x + 2(1)y + (-1)^2 + 1^2 + 2.24^2 = 0$.'",False,898,1.92,
math,math_0040,qwen2.5:1.5b,knockout,6,True,the smallest value of $c$ is 6,True,"Removed step 2: Step 2 was removed. It said: 'The vertex of a quadratic function $ax^2 + bx + c$ is given by $x = -rac{b}{2a}$. For $f(x) = -3x^2 + 36x - 7$, $a = -3$ and $b = 36$, so the vertex is at $x = -rac{36}{2(-3)} = 6$.' → 'The vertex of $f(x)$ is at $x = 6$.'",True,435,2.0,
math,math_0041,qwen2.5:1.5b,knockout,-1,True,-1,False,"Removed step 2: Step 2 was removed. It said: 'In the second quadrant, the tangent function is negative.' → 'Therefore, $135^	ext{o}$ is in the second quadrant.'",False,428,0.88,
math,math_0042,qwen2.5:1.5b,knockout,±1 ±2 ±4,False,±1 ±2 ±4,False,"Removed step 1: Step 1 was removed. It said: 'The polynomial is of the form $x^4 + a_3 x^3 + a_2 x^2 + a_1 x + 4 = 0$ with integer coefficients. By the Rational Root Theorem, any rational root must be a factor of the constant term (4) divided by a factor of the leading coefficient (1). The factors of 4 are $	ext{±1, ±2, ±4}$, and the factors of 1 are $	ext{±1}$. Therefore, the possible integer roots are $	ext{±1, ±2, ±4}$.' → 'The possible integer roots of the polynomial are $	ext{±1, ±2, ±4}$.'",False,304,2.06,
math,math_0043,qwen2.5:1.5b,knockout,-2,False,-2,False,Removed step 5: Step 5 was removed. It said: 'Simplify the expression: $-20x^4-3x^3-3x^2-6x^2+2x-4x+1+3-2-4+3$ simplifies to $-20x^4-3x^3-9x^2-2x+1$.' → 'The simplified expression is $-20x^4-3x^3-9x^2-2x+1$.',False,644,0.83,
math,math_0044,qwen2.5:1.5b,knockout,7.50,True,7.50,False,"Removed step 2: Step 2 was removed. It said: 'Next, we need to calculate the total cost for Tyler and his 4 friends. Since Tyler is buying himself, that's 1 lunch, and his 4 friends will each be buying 1 lunch, so we need to add 1 + 4 = 5 lunches.' → 'Tyler needs to buy 5 lunches.'",False,360,0.71,
math,math_0045,qwen2.5:1.5b,knockout,x,False,the side length of the larger square is 6 inches,True,Removed step 4: Step 4 was removed. It said: 'The ratio of the area of the smaller square to the area of the entire dart board is $rac{4}{9}$.' → 'The ratio of the area of the smaller square to the area of the entire dart board is $rac{4}{9}$.',True,504,0.94,
math,math_0048,qwen2.5:1.5b,knockout,1,True,the slope of the line containing the midpoint of the segment with endpoints at (2 4) and (0 -2) and the midpoint of the segment with endpoints at (5 1) and (1 5) is 1,True,"Removed step 2: Step 2 was removed. It said: 'Next, find the slope of each line using the two points.' → 'Slope of line containing midpoint (1, 1) and (3, 3) is (3 - 1)/(3 - 1) = 2/2 = 1.'",True,356,1.43,
math,math_0049,qwen2.5:1.5b,knockout,e,False,e,False,Removed step 5: Step 5 was removed. It said: 'The resulting Cartesian equation is in the form of a hyperbola.' → 'The resulting Cartesian equation is in the form of a hyperbola.',False,379,0.65,
math,math_0050,qwen2.5:1.5b,knockout,0,False,the value of $k$ is 0,True,"Removed step 2: Step 2 was removed. It said: 'Since $eta, eta, eta, eta$ are the roots, we can write the polynomial as $(x - eta)^4 = 0$.' → 'This implies that $eta$ is a root of the polynomial $x^4 + kx^2 + 90x - 2009 = 0$.'",True,575,1.57,
math,math_0051,qwen2.5:1.5b,knockout,sqrt(65),False,the distance between $5 + 6i$ and $-2 + 2i$ is $\sqrt{65},True,"Removed step 3: Step 3 was removed. It said: 'Simplifying the expression inside the square root, we get $|z_1 - z_2| = 	ext{sqrt}(7^2 + 4^2)$.' → 'The distance between $5 + 6i$ and $-2 + 2i$ is $|z_1 - z_2| = 	ext{sqrt}(49 + 16)$.'",True,512,1.29,
math,math_0053,qwen2.5:1.5b,knockout,52,False,the number of ways to select 13 students from 15 is 105,True,"Removed step 4: Step 4 was removed. It said: 'Simplifying further, we get C(15, 13) = 15 * 14 / (2 * 1) = 105 / 2 = 52.5' → 'We simplify the fraction to find the exact number of combinations.'",True,490,1.5,
math,math_0055,qwen2.5:1.5b,knockout,0,False,0,False,"Removed step 2: Step 2 was removed. It said: 'Next, we need to evaluate $f(g(1))$ and $g(f(1))$.' → 'f(g(1)) = f(0) = 2, g(f(1)) = g(2) = 0'",False,1041,1.11,
math,math_0056,qwen2.5:1.5b,knockout,3,False,the area of quadrilateral $abcd$ is 3 square units,True,"Removed step 4: Step 4 was removed. It said: 'The height of the trapezoid is the vertical distance between the parallel sides, which is $1$.' → 'The height of the trapezoid is the vertical distance between the parallel sides, which is $1$.'",True,768,1.3,
math,math_0058,qwen2.5:1.5b,knockout,150,True,david placed 150 bricks,False,Removed step 4: Step 4 was removed. It said: 'Simplify the equation: 90x + 30x = 600. Combine like terms: 120x = 600.' → 'We can simplify the equation to find the value of 'x'.',False,522,1.0,
math,math_0059,qwen2.5:1.5b,knockout,1/2,False,the area of the triangle is 1/2,False,Removed step 2: Step 2 was removed. It said: 'The problem also states that three of these points are the vertices of a triangle that is neither equilateral nor isosceles. This means that the triangle is not equilateral (all sides are equal) and not isosceles (two sides are equal).' → 'The triangle is neither equilateral nor isosceles.',False,480,1.56,
math,math_0060,qwen2.5:1.5b,knockout,1,True,1,False,"Removed step 3: Step 3 was removed. It said: 'For 8.8, the smallest integer greater than or equal to 8.8 is 9.' → 'The ceiling of 8.8 is 9.'",False,365,0.68,
math,math_0061,qwen2.5:1.5b,knockout,63,False,the greatest possible sum of three consecutive prime numbers less than 100 is 63,False,"Removed step 6: Step 6 was removed. It said: 'Verify that the sum of the next set of three consecutive primes is a multiple of 5.' → 'The sum of 63 is 63, which is a multiple of 5.'",False,595,1.22,
math,math_0062,qwen2.5:1.5b,knockout,the square of the largest real solution is rac{133 + 16 √(89)}{25},False,the square of the largest real solution is rac{133 + 16 imes ext{sqrt}(89)}}{25}^2,True,"Removed step 2: Step 2 was removed. It said: 'Next, let's find the expressions for f(x) + g(x) and f(x) - g(x).' → 'We have 
f(x) + g(x) = rac{1}{x + rac{1}{x}} + rac{1}{x - rac{1}{x}} = rac{x - rac{1}{x} + x + rac{1}{x}}{x(x - rac{1}{x})} = rac{2x}{x^2 - 1}.
'",True,999,1.97,
math,math_0063,qwen2.5:1.5b,knockout,14,False,there are 14 rectangles in the figure,False,Removed step 2: Step 2 was removed. It said: 'Each square can be divided into 2 rectangles.' → 'The total number of rectangles is 9 * 2 = 18.',False,385,0.84,
math,math_0064,qwen2.5:1.5b,knockout,the largest possible value of rac{x+y}{x-y} is rac{5}{7},False,the largest possible value of rac{x+y}{x-y} is rac{5}{7},False,"Removed step 2: Step 2 was removed. It said: 'The minimum value of rac{y}{x} occurs when y is at its maximum and x is at its minimum. Since y is in [2,4] and x is in [-5,-3], the minimum value of rac{y}{x} is rac{2}{-5} = -rac{2}{5}. This is because rac{y}{x} is negative and the denominator is negative.' → 'The minimum value of rac{y}{x} is -rac{2}{5}.'",False,466,1.25,
math,math_0065,qwen2.5:1.5b,knockout,11/36,False,11/36,False,"Removed step 2: Step 2 was removed. It said: 'The probability of not rolling a 5 on a single die is 5/6. Since the dice are independent, the probability of not rolling a 5 on both dice is (5/6) * (5/6) = 25/36.' → 'The probability of rolling no 5s on both dice is 25/36.'",False,367,0.98,
math,math_0067,qwen2.5:1.5b,knockout,1,False,the value of $\frac{b_{32}}{a_{32}}$ is 1.5,True,"Removed step 3: Step 3 was removed. It said: 'Now, let's compute the ratio $rac{b_{32}}{a_{32}}$ using the patterns we identified.' → 'We will compute $rac{b_{32}}{a_{32}}$.'",True,811,1.45,
math,math_0068,qwen2.5:1.5b,knockout,15,False,the degree measure of the angle at each vertex in the star-polygon is 15 degrees,False,"Removed step 2: Step 2 was removed. It said: 'Next, we need to find the measure of the angle at each vertex.' → 'The measure of the angle at each vertex is 15 degrees.'",False,291,0.89,
math,math_0069,qwen2.5:1.5b,knockout,1,False,there are 1000 positive integers $m$ that satisfy the condition $m imes n eq m + n$ for some positive integer $n,True,"Removed step 2: Step 2 was removed. It said: 'For $m 	imes n 	extless m + n$, we can rewrite it as $m 	imes n - m - n < 0$ or $(m-1) 	imes (n-1) < 1$.' → 'This simplifies to $m-1$ and $n-1$ being factors of 1.'",True,606,1.63,
math,math_0070,qwen2.5:1.5b,knockout,4,True,the value of log_3 81 is 4,True,"Removed step 2: Step 2 was removed. It said: 'We know that 81 can be expressed as a power of 3. Specifically, 81 = 3^4.' → 'Therefore, we can rewrite the expression as 
log_3 81 = log_3 (3^4).'",True,302,1.11,
math,math_0073,qwen2.5:1.5b,knockout,3,False,the greatest common divisor of 315 and 108 is 3,True,"Removed step 3: Step 3 was removed. It said: 'Next, we replace 315 with 108 and 108 with the remainder from the previous step.' → 'We replace 315 with 108 and 108 with the remainder from the previous step to continue the algorithm.'",True,1004,1.38,
math,math_0074,qwen2.5:1.5b,knockout,3,True,therefore $de = 3$ inches,True,"Removed step 4: Step 4 was removed. It said: 'Since $BC = 6$ inches, $DE$ is half of $BC$.' → 'Since $BC = 6$ inches, $DE$ is half of $BC$.'",True,549,1.15,
math,math_0075,qwen2.5:1.5b,knockout,126,True,the total number of 9-step paths from $e$ to $g$ is 126,False,"Removed step 4: Step 4 was removed. It said: 'The number of ways to arrange 5 right steps and 4 down steps is given by the binomial coefficient $C(9, 4)$.' → 'We need to calculate $C(9, 4)$, which is the number of ways to choose 4 positions out of 9 for the down steps.'",False,602,1.26,
math,math_0077,qwen2.5:1.5b,knockout,32,True,n = 32,False,"Removed step 5: Step 5 was removed. It said: 'Therefore, $a - b mod 37 = -5 mod 37$.' → 'We will simplify the expression to find the final answer.'",False,678,1.47,
math,math_0078,qwen2.5:1.5b,knockout,0,False,the final answer is 0,True,"Removed step 2: Step 2 was removed. It said: 'The hint suggests using complex numbers. Let's set $a = x + yi$ and $b = u + vi$ where $x, y, u, v$ are real numbers.' → 'We will substitute $a$ and $b$ with complex numbers and solve the system of equations.'",True,445,0.89,
math,math_0079,qwen2.5:1.5b,knockout,60 60 60,False,the angles of the triangle are 60° 60° and 60°,True,"Removed step 4: Step 4 was removed. It said: 'We need to find the angles $A,$ $B,$ and $C$ such that $A + B + C = 180^	ext{o}.$' → 'We will solve for the angles using the Law of Cosines.'",True,515,1.28,
math,math_0080,qwen2.5:1.5b,knockout,1/4,False,the fraction of the area that is shaded is 1/4,False,Removed step 2: Step 2 was removed. It said: 'The shaded area is 1 part of the square.' → 'The shaded area is 1 part of the square.',False,526,0.89,
math,math_0082,qwen2.5:1.5b,knockout,1/1,False,1/1,False,Removed step 3: Step 3 was removed. It said: 'The ratio of the sum of the odd integers between 0 and 100 to the sum of the odd integers between 100 and 200 is 2500 / 2500 = 1.' → 'The ratio of the sum of the odd integers between 0 and 100 to the sum of the odd integers between 100 and 200 is 1.',False,469,1.16,
math,math_0084,qwen2.5:1.5b,knockout,5,True,the smallest integer value of c such that the function $f(x)= rac{2x^2+x+5}{x^2+4x+c}$ has a domain of all real numbers is 5,True,"Removed step 3: Step 3 was removed. It said: 'The discriminant of $x^2 + 4x + c$ is $4^2 - 4 	imes 1 	imes c = 16 - 4c$. For it to be less than zero, $16 - 4c < 0$.' → 'The inequality $16 - 4c < 0$ must be satisfied.'",True,400,1.44,
math,math_0086,qwen2.5:1.5b,knockout,1,False,the sum of the final three digits of $5^{100}$ is 1,True,Removed step 3: Step 3 was removed. It said: 'The least common multiple of $5$ and $1000$ is $1000$ because $1000$ is a multiple of $5$.' → 'We will use the least common multiple of $5$ and $1000$ to simplify $5^{100} mod 1000$.',True,581,1.19,
math,math_0087,qwen2.5:1.5b,knockout,the solution to the original absolute value inequality is the union of the solutions to the two inequalities from case 1 and case 2,False,the solution to the original absolute value inequality is the union of the solutions to the two inequalities from case 1 and case 2,False,Removed step 3: Step 3 was removed. It said: 'Case 2: The expression inside the absolute value is less than or equal to -1.' → 'We will solve the inequality \\frac{3(x + 1)}{x^2 + 2x + 3} \le -1.',False,441,1.26,
math,math_0088,qwen2.5:1.5b,knockout,36,False,the degree of the polynomial $h(x)$ is 36,False,Removed step 3: Step 3 was removed. It said: 'The degree of $g(h(x))$ is also $3 	imes 3 = 9$.' → 'The degree of $g(h(x))$ is 9.',False,547,1.39,
math,math_0091,qwen2.5:1.5b,knockout,22,False,22,False,"Removed step 5: Step 5 was removed. It said: 'The coefficient $d$ is the coefficient of $x$ in the factored form, which is $6$.' → 'The value of $d$ is $6$.'",False,605,1.19,
math,math_0092,qwen2.5:1.5b,knockout,180,True,the angle of rotation is 180 degrees,False,Removed step 3: Step 3 was removed. It said: 'The rotation maps the darker figure to the lighter image.' → 'The angle of rotation is 180 degrees.',False,423,1.07,
math,math_0093,qwen2.5:1.5b,knockout,rac{7}{4},False,the simplified fraction is 7/4,True,Removed step 2: Step 2 was removed. It said: 'Denominator: 4 * 3 + 8 = 12 + 8 = 20' → 'Denominator: 4 * 3 + 8 = 20',True,407,0.73,
math,math_0095,qwen2.5:1.5b,knockout,24,True,24,False,"Removed step 2: Step 2 was removed. It said: 'Let $BD = DC = x$. Then $BC = 2x = 14$, so $x = 7$.' → 'We know that $BD = DC = 7$.'",False,705,1.0,
math,math_0096,qwen2.5:1.5b,knockout,1,False,y = -1,True,Removed step 2: Step 2 was removed. It said: 'We can eliminate $y$ by adding the two equations together.' → 'Add the two equations together.',True,366,0.81,
math,math_0102,qwen2.5:1.5b,knockout,the matrix $egin{pmatrix} 3 & -5 \ 3 & 0 \ ight),False,the $2 \times 2$ matrix $m$ that satisfies the given conditions is $m = egin{pmatrix} 3 & -5 \ 3 & 0 \ ight),True,"Removed step 3: Step 3 was removed. It said: 'We can solve the system of equations from step 2 to find the values of $a, b, c, d$.' → 'By solving the system of equations, we find that $a = 3, b = -5, c = 3, d = 0$.'",True,754,2.59,
math,math_0103,qwen2.5:1.5b,knockout,108.16,False,the smallest possible area of the new rectangle is 108 square units,True,"Removed step 4: Step 4 was removed. It said: 'To find the smallest possible area, we need to find the smallest possible value of $ab$ and then multiply it by $1.04$.' → 'The smallest possible area is $1.04 	imes 8 	imes 13$.'",True,460,1.02,
math,math_0105,qwen2.5:1.5b,knockout,7,True,the positive base $b$ in which the equation $5_b imes 23_b = 151_b$ is valid is 4,True,Removed step 3: Step 3 was removed. It said: 'Convert $151_b$ to base 10.' → 'Convert $151_b$ to base 10.',True,359,1.21,
math,math_0106,qwen2.5:1.5b,knockout,6,True,x = 6,True,"Removed step 4: Step 4 was removed. It said: 'Now, we can isolate $x$ by subtracting $3x$ from both sides and adding $4$ to both sides.' → 'Subtract $3x$ from both sides and add $4$ to both sides.'",True,389,0.9,
math,math_0107,qwen2.5:1.5b,knockout,(a + 2c)^2 / 2,False,the area of the shaded region is $(a + 2c)^2 / 2,False,Removed step 3: Step 3 was removed. It said: 'The area of the square is $(a + 2c)^2$.' → 'The area of the square is $(a + 2c)^2$.',False,635,1.19,
math,math_0108,qwen2.5:1.5b,knockout,the groom was 27 years old,True,the groom was 27 years old,False,Removed step 8: Step 8 was removed. It said: 'Divide both sides by 1.5: B = 24.' → 'This solves for the bride's age.',False,553,1.07,
math,math_0109,qwen2.5:1.5b,knockout,11/15,False,the value of 2/5 + 1/3 is 11/15,False,Removed step 3: Step 3 was removed. It said: 'Add the numerators of the equivalent fractions.' → 'The sum of the fractions is 6/15 + 5/15 = 11/15.',False,340,0.94,
math,math_0110,qwen2.5:1.5b,knockout,0.34,False,the probability that the number is a multiple of 3 is 33/100,True,"Removed step 2: Step 2 was removed. It said: 'Next, we need to determine the number of favorable outcomes. A favorable outcome is when the number is a multiple of 3. To find this, we can use the formula for the number of multiples of a number within a range: (Last number - First number) / Number + 1. In this case, the first number is 1, the last number is 100, and the number is 3. So, the number of favorable outcomes is (100 - 1) / 3 + 1 = 34.' → 'Number of favorable outcomes = 34'",True,345,1.29,
math,math_0112,qwen2.5:1.5b,knockout,144,False,the area of the tv screen increases by 44,True,"Removed step 3: Step 3 was removed. It said: 'Then, calculate the new area with the increased dimensions.' → 'New area = (24 * 1.20) * (16 * 1.20)'",True,306,0.83,
math,math_0113,qwen2.5:1.5b,knockout,2π(pq),False,the circumference of the circle is 2π(12) = 24π units,True,"Removed step 2: Step 2 was removed. It said: 'The circumference of a circle is given by the formula C = 2πr, where r is the radius of the circle.' → 'We need to find the radius of the circle.'",True,444,1.07,
math,math_0114,qwen2.5:1.5b,knockout,a pentagonal prism has 5 diagonals,False,a pentagonal prism has 10 diagonals,True,Removed step 4: Step 4 was removed. It said: 'A pentagonal prism has 5 non-adjacent vertices.' → 'A pentagonal prism has 5 non-adjacent vertices.',True,702,1.46,
math,math_0115,qwen2.5:1.5b,knockout,5/1,False,the probability that the number of minutes alice is late for the party plus the number of minutes bob is late for the party is less than 45 is 5/1,False,"Removed step 8: Step 8 was removed. It said: 'The area where A + B < 55 is a right triangle with base 5 and height 5, i.e., 5x5.' → 'The area where A + B < 55 is a right triangle with base 5 and height 5, i.e., 5x5.'",False,866,1.94,
math,math_0116,qwen2.5:1.5b,knockout,55,False,m + n = 23 + 32 = 55,False,"Removed step 2: Step 2 was removed. It said: 'Solving the equation from step 1, we find m * n = 928.' → 'We need to find the smallest possible value of m + n.'",False,411,1.07,
math,math_0117,qwen2.5:1.5b,knockout,0.125,False,0.25,True,Removed step 2: Step 2 was removed. It said: 'Use the sum and difference identities for sine.' → 'Use the sum and difference identities for sine.',True,388,0.72,
math,math_0118,qwen2.5:1.5b,knockout,u^2 + 2u - 18,False,expand (u+4)(u-1) and (u-3)(u+6). simplify the expression to its simplest form,True,"Removed step 2: Step 2 was removed. It said: 'After expanding, we can combine like terms to simplify the expression.' → 'Combine like terms to simplify the expression.'",True,278,1.18,
math,math_0119,qwen2.5:1.5b,knockout,2162_8,False,2162_8,False,Removed step 3: Step 3 was removed. It said: 'Add the two decimal numbers obtained in steps 1 and 2.' → '204_10 + 1066_10 = 1270_10',False,365,0.84,
math,math_0120,qwen2.5:1.5b,knockout,101,False,the smallest possible number of leaves is 101,False,"Removed step 6: Step 6 was removed. It said: 'We need to verify that 101 satisfies the original conditions. The number of pages is 2n = 2(101) = 202, which is 3 more than a multiple of 7 (202 ≡ 3 (mod 7)). The number of leaves is 101, which is greater than 100.' → 'The smallest possible number of leaves is 101, which satisfies all the given conditions.'",False,618,1.19,
math,math_0121,qwen2.5:1.5b,knockout,0,False,0,False,Removed step 2: Step 2 was removed. It said: 'The cosine addition formula is $rac{1}{2}[	ext{cos}(a+b) + 	ext{cos}(a-b)]$ and the cosine subtraction formula is $rac{1}{2}[	ext{cos}(a+b) - 	ext{cos}(a-b)]$.' → 'The cosine addition formula is $rac{1}{2}[	ext{cos}(a+b) + 	ext{cos}(a-b)]$ and the cosine subtraction formula is $rac{1}{2}[	ext{cos}(a+b) - 	ext{cos}(a-b)]$.',False,663,1.6,
math,math_0122,qwen2.5:1.5b,knockout,13 16 17 36 37 67,False,the prime numbers that can be formed by arranging two or fewer different digits from the set {1 3 6 7} are 13 16 17 36 37 67,False,"Removed step 2: Step 2 was removed. It said: 'The possible combinations are: 1, 3, 6, 7, 13, 16, 17, 36, 37, 67.' → 'We have listed all possible combinations.'",False,534,1.77,
math,math_0123,qwen2.5:1.5b,knockout,4000,False,tax for $160000 = (3000 / 120000) * 160000 = $4000,False,"Removed step 2: Step 2 was removed. It said: 'Using the tax rate found in step 1, we can calculate the tax for a house assessed at $160,000 by multiplying the tax rate by the assessed value of the house.' → 'Tax for $160,000 = Tax rate * Assessed value'",False,365,1.39,
math,math_0124,qwen2.5:1.5b,knockout,3,False,the measure of side yz is 3 units,True,"Removed step 3: Step 3 was removed. It said: 'Since XY corresponds to AB and YZ corresponds to BC, we can set up the proportion: 2/7 = 6/YZ.' → 'We set up the proportion to find the length of YZ.'",True,463,1.25,
math,math_0126,qwen2.5:1.5b,knockout,3s^2,True,the final simplified expression is $3s^2,False,Removed step 2: Step 2 was removed. It said: 'simplify $rac{2s^5}{s^3}$' → 'simplify $rac{2s^5}{s^3}$',False,383,0.82,
math,math_0128,qwen2.5:1.5b,knockout,3720,True,3720,False,"Removed step 2: Step 2 was removed. It said: 'When multiplying by 1000, we move the decimal point three places to the right.' → 'We will move the decimal point three places to the right.'",False,299,0.93,
math,math_0131,qwen2.5:1.5b,knockout,8,True,the digit represented by δ is 8,True,"Removed step 2: Step 2 was removed. It said: 'To solve for Δ, we need to find a digit that, when added to 10, results in a number that is a multiple of 144.' → 'We need to find a digit that, when added to 10, results in a multiple of 144.'",True,527,1.28,
math,math_0132,qwen2.5:1.5b,knockout,13,False,the remainder when (5x + 9)^{611} + (x + 5)^{11} + (x - 1)^{11} + 3x^2 + 1 is divided by x + 2 is 13,False,"Removed step 5: Step 5 was removed. It said: 'The second term is (x + 5)^{11}. Substituting x = -2, we get (-2 + 5)^{11} = (3)^{11}. This is a positive number.' → 'We need to evaluate the second term.'",False,1170,1.97,
math,math_0133,qwen2.5:1.5b,knockout,1,True,the remainder when 2003 is divided by 11 is 1,True,Removed step 4: Step 4 was removed. It said: '2003 ÷ 11 = 182 with a remainder of 1. This means that 2003 = 11 × 182 + 1.' → 'We find that 2003 = 11 × 182 + 1.',True,409,1.0,
math,math_0134,qwen2.5:1.5b,knockout,0,False,0,False,"Removed step 2: Step 2 was removed. It said: 'Next, let's calculate the number of favorable outcomes where Sergio's number is larger than the sum of the two numbers chosen by Tina.' → 'Favorable outcomes = 0'",False,341,1.03,
math,math_0135,qwen2.5:1.5b,knockout,10 * sqrt(2),False,the length of bc in simplest radical form is 10 * sqrt(2),False,"Removed step 2: Step 2 was removed. It said: 'From the diagram, we can see that angle BAC is 30 degrees and angle ACB is 45 degrees.' → 'We can use the Law of Sines to find the length of BC.'",False,612,1.45,
math,math_0136,qwen2.5:1.5b,knockout,1,False,the sum of the possible values of $x$ is $-1,True,Removed step 2: Step 2 was removed. It said: 'Move all terms to one side of the equation to set it equal to zero.' → 'Move all terms to one side of the equation to set it equal to zero.',True,305,0.83,
math,math_0138,qwen2.5:1.5b,knockout,169,True,the area of each square is 169 square inches,False,Removed step 9: Step 9 was removed. It said: 'The area of each square is given by the formula: A = s^2' → 'The area of each square is given by the formula: A = s^2.',False,813,1.13,
math,math_0139,qwen2.5:1.5b,knockout,23/40,False,23/40,False,"Removed step 3: Step 3 was removed. It said: 'For Bag B, the probability of drawing two white balls is (6/9) * (5/8) = 5/8. The probability of drawing two red balls is (3/9) * (2/8) = 1/8. The probability of drawing two balls of the same color from Bag B is 5/8 + 1/8 = 6/8 = 3/4.' → 'The probability of drawing two balls of the same color from Bag B is 3/4.'",False,848,2.61,
math,math_0140,qwen2.5:1.5b,knockout,2k + 2,False,2k + 2,False,Removed step 2: Step 2 was removed. It said: 'The k terms are $-k$ and $3k$. Adding these together gives $-k + 3k = 2k$.' → 'The k terms simplify to $2k$.',False,320,1.04,
math,math_0142,qwen2.5:1.5b,knockout,1,False,the number of polynomials $p(x)$ of degree 4 that satisfy the given functional equation is 1,True,"Removed step 4: Step 4 was removed. It said: 'Expanding $P(x)P(-x)$, we get $P(x)P(-x) = a_4^2x^8 - 2a_4a_3x^7 + (a_4^2 + 2a_3^2)x^6 + 2a_4a_2x^5 - 2a_4a_1x^4 + (a_2^2 + 2a_3^2)x^3 + 2a_4a_0x^2 - 2a_3a_1x + a_0^2$.' → 'Expanding $P(x)P(-x)$, we get $P(x)P(-x) = a_4^2x^8 - 2a_4a_3x^7 + (a_4^2 + 2a_3^2)x^6 + 2a_4a_2x^5 - 2a_4a_1x^4 + (a_2^2 + 2a_3^2)x^3 + 2a_4a_0x^2 - 2a_3a_1x + a_0^2$.'",True,1425,1.68,
math,math_0146,qwen2.5:1.5b,knockout,650,True,the total number of ways to choose two red cards from the deck is 26 * 25 = 650,False,"Removed step 2: Step 2 was removed. It said: 'Next, we need to determine the number of ways to choose the second red card. Since the order matters, we need to consider the second card as well. There are 25 remaining red cards after the first card is chosen.' → 'There are 25 ways to choose the second red card.'",False,431,1.53,
math,math_0147,qwen2.5:1.5b,knockout,8,True,the number of positive integers that are divisible by 3 4 and 5 is 8,True,"Removed step 2: Step 2 was removed. It said: 'Next, we need to determine how many multiples of 60 are there in the first 500 positive integers.' → '500 / 60 = 8 remainder 20'",True,407,1.42,
math,math_0149,qwen2.5:1.5b,knockout,4,True,x = 4,True,"Removed step 2: Step 2 was removed. It said: 'Using the power of a power rule, we can simplify $(2^2)^x$ to $2^{2x}$.' → 'Now we have $2^8 = 2^{2x}$.'",True,303,0.99,
math,math_0151,qwen2.5:1.5b,knockout,0,True,there are no real values of $a$ that satisfy $a@1 = 0,True,Removed step 3: Step 3 was removed. It said: 'Solve the equation $a^3 - 1 = 0$ for $a$.' → 'The equation $a^3 - 1 = 0$ can be factored as $(a - 1)(a^2 + a + 1) = 0$.',True,604,1.46,
math,math_0152,qwen2.5:1.5b,knockout,1.0000000000000004e-08,False,1.0000000000000004e-08,False,"Removed step 2: Step 2 was removed. It said: 'Next, we square the result from step 1.' → '1480358890625^2 = 2.1907846256590625e+14'",False,423,1.14,
math,math_0153,qwen2.5:1.5b,knockout,f(10) - f(9),False,16,True,Removed step 3: Step 3 was removed. It said: 'Substitute $n = 9$ into the function $f(n) = n^2 + n + 17$ to find $f(9)$.' → 'Calculate $f(9)$.',True,444,1.09,
math,math_0154,qwen2.5:1.5b,knockout,x = 2,False,x = 2,False,"Removed step 2: Step 2 was removed. It said: 'First, we will add the two equations together to eliminate y and z.' → 'Adding the equations will give us an equation with only x and constants.'",False,342,0.87,
math,math_0155,qwen2.5:1.5b,knockout,3,True,the number of ordered triplets (a b c) of rational numbers that are the roots of the polynomial equation is 3,True,"Removed step 3: Step 3 was removed. It said: 'The Rational Root Theorem states that if a polynomial with integer coefficients has a rational root, then it must be a factor of the constant term divided by a factor of the leading coefficient. In this case, the constant term is c and the leading coefficient is 1.' → 'The Rational Root Theorem simplifies the problem by reducing the number of possible rational roots to a manageable set.'",True,581,1.79,
math,math_0156,qwen2.5:1.5b,knockout,4,False,therefore the number of real numbers $x$ that satisfy the equation is 4,True,Removed step 5: Step 5 was removed. It said: 'Multiply both sides by $x$ to get rid of the fraction.' → 'Multiply both sides by $x$ to get rid of the fraction.',True,1166,1.81,
math,math_0157,qwen2.5:1.5b,knockout,14.1,False,14.1 inches,False,Removed step 2: Step 2 was removed. It said: 'The volume of the milk is (2/3)π(3^3) = 18π cubic inches.' → 'The volume of the milk is 18π cubic inches.',False,450,1.0,
math,math_0159,qwen2.5:1.5b,knockout,15,True,the area of trapezoid $obcd$ is $15$ square units,False,Removed step 4: Step 4 was removed. It said: 'The base $AB$ of triangle $OAB$ is $8 - 0 = 8$ and the height from $O$ to $AB$ is $3$.' → 'The area of triangle $OAB$ is $A_{OAB} = \frac{1}{2} 	imes 8 	imes 3 = 12$.',False,719,1.5,
math,math_0160,qwen2.5:1.5b,knockout,0.8,False,0.854,True,"Removed step 4: Step 4 was removed. It said: 'Once we have the sine values of $a$ and $b$, we can use the angle addition formula for cosine to find $	ext{cos}(a + b)$.' → 'We will find the sine values of $a$ and $b$ using the Pythagorean identity.'",True,518,1.02,
math,math_0161,qwen2.5:1.5b,knockout,4,True,the number of positive integers $x$ that satisfy the given condition is 4,True,"Removed step 2: Step 2 was removed. It said: 'Next, we need to check which of these values of $x$ satisfy the inequality $10 ≤ x^2 + 4x + 4 ≤ 50$.' → 'The values of $x$ that satisfy this inequality are 4, 5, 6, and 7.'",True,327,1.2,
math,math_0162,qwen2.5:1.5b,knockout,26,False,the percentage contribution of q is 26,False,"Removed step 2: Step 2 was removed. It said: 'The diagram is divided into four sections, each representing the contribution of one student.' → 'Each section's area represents the percentage contribution of the corresponding student.'",False,633,1.0,
math,math_0163,qwen2.5:1.5b,knockout,-10,True,the solution to the equation is x = -10,False,Removed step 3: Step 3 was removed. It said: 'Move all terms to one side to set the equation to zero.' → 'x^2 + 10x + 10x + 100 = 0',False,357,1.08,
math,math_0164,qwen2.5:1.5b,knockout,24 years,False,the smallest integer $n$ such that the enrollment will exceed the capacity in $n$ years is 24 years,False,"Removed step 2: Step 2 was removed. It said: 'Next, we need to determine how many years it will take for the enrollment to exceed the capacity by 120 students.' → 'n = 120 / 5 = 24 years'",False,322,1.01,
math,math_0165,qwen2.5:1.5b,knockout,1,True,f(g(1)) = 1,True,"Removed step 2: Step 2 was removed. It said: 'Next, we substitute the value of $g(1)$ into the function $f(x)$, which is $f(x) = x^3 + 2x + 1$.' → 'f(g(1)) = f(0) = 0^3 + 2*0 + 1 = 1'",True,298,1.06,
math,math_0166,qwen2.5:1.5b,knockout,5,False,5,False,"Removed step 2: Step 2 was removed. It said: 'Next, we need to find the negative of this square root.' → 'The negative of 4.7958 is approximately -4.7958.'",False,271,1.01,
math,math_0167,qwen2.5:1.5b,knockout,12,False,the area of quadrilateral $ptrs$ is $12$ square units,False,Removed step 4: Step 4 was removed. It said: 'The area of triangle $QTR$ is $12$ square units.' → 'The area of triangle $QTR$ is $12$ square units.',False,620,1.17,
math,math_0168,qwen2.5:1.5b,knockout,sqrt(3),False,the sum of the roots of $z^{12} = 64$ that have a positive real part is $\sqrt{3},True,"Removed step 2: Step 2 was removed. It said: 'Next, we need to find the roots with a positive real part.' → 'The roots with a positive real part are $z = 2^{1/2} e^{i(2kπ/12)}$ for $k = 1, 2, 3, 4$.'",True,636,1.98,
math,math_0169,qwen2.5:1.5b,knockout,4,True,the number of distinct values of $x + y + z$ is 4,True,"Removed step 11: Step 11 was removed. It said: 'For (-1, 1, 1): $-1 + 1 + 1 = 1$' → 'The sum is 1.'",True,1003,1.49,
math,math_0171,qwen2.5:1.5b,knockout,8,True,there are 8 positive integers less than 100 that are divisible by 3 and also divisible by 4,True,"Removed step 3: Step 3 was removed. It said: 'Now, we need to check which of these multiples are also divisible by 3. Since all multiples of 12 are divisible by 3, we can conclude that all multiples of 12 are divisible by 3.' → 'All multiples of 12 are divisible by 3.'",True,500,1.72,
math,math_0173,qwen2.5:1.5b,knockout,8,False,there are 8 increasing sequences of three distinct prime numbers that have a sum of 20,True,"Removed step 3: Step 3 was removed. It said: 'Exclude combinations that do not consist of distinct primes.' → 'Valid combinations: (2, 7, 11), (2, 11, 13), (3, 7, 11), (3, 7, 13), (3, 11, 13), (5, 7, 11), (5, 7, 13), (5, 11, 13), (7, 11, 13).'",True,399,1.06,
math,math_0174,qwen2.5:1.5b,knockout,frac{9}{4} imes ext{pi},False,the number of centimeters in the circumference of each golf ball is $\frac{9}{4} \times \pi,True,"Removed step 6: Step 6 was removed. It said: 'Simplifying the expression in the denominator of the fraction, we get: $C = rac{13.5}{6} 	imes 	ext{pi}$.' → 'The circumference of each golf ball is $C = rac{13.5}{6} 	imes 	ext{pi}$.'",True,994,2.22,
math,math_0175,qwen2.5:1.5b,knockout,84,True,the degree measure of the largest angle is 84 degrees,False,Removed step 3: Step 3 was removed. It said: 'We can set up the equation 3x + 5x + 7x = 180 to find the value of x.' → 'The equation is 3x + 5x + 7x = 180.',False,468,1.14,
math,math_0176,qwen2.5:1.5b,knockout,720,False,the number of ways to arrange the letters of the word circle is 720,False,"Removed step 3: Step 3 was removed. It said: 'In this case, n = 6 (total letters), n1 = 1 (for 'C'), n2 = 1 (for 'I'), n3 = 1 (for 'R'), n4 = 1 (for 'E'), n5 = 1 (for 'L'), and n6 = 1 (for 'I').' → 'In this case, n = 6 (total letters), n1 = 1 (for 'C'), n2 = 1 (for 'I'), n3 = 1 (for 'R'), n4 = 1 (for 'E'), n5 = 1 (for 'L'), and n6 = 1 (for 'I').'",False,500,1.16,
math,math_0179,qwen2.5:1.5b,knockout,1,False,the product of the first and last digits of 1441 in base 6 is 1 * 1 = 1,True,Removed step 2: Step 2 was removed. It said: 'Identify the first and last digits of the base-6 representation.' → 'The first digit is 1 and the last digit is 1.',True,297,1.25,
math,math_0180,qwen2.5:1.5b,knockout,1/300,False,the probability that $n$ is divisible by $4$ is $ rac{1}{300},True,"Removed step 2: Step 2 was removed. It said: 'A number is divisible by $4$ if and only if its last two digits are divisible by $4$. Since $N$ has a ones digit of $0$, we only need to check if the tens digit $b$ is divisible by $4$.' → 'We can conclude that $N$ is divisible by $4$ if and only if $b$ is divisible by $4$.'",True,560,1.4,
math,math_0181,qwen2.5:1.5b,knockout,r = rac{29}{3},False,r = 29/3,True,"Removed step 2: Step 2 was removed. It said: 'After adding 5 to both sides, we get $3(r-5) + 5 = 24 + 5$.' → 'This simplifies to $3r = 29$.'",True,301,0.93,
math,math_0182,qwen2.5:1.5b,knockout,1/2,False,the final answer is 60 / 6 = 10,True,"Removed step 2: Step 2 was removed. It said: 'Once we have chosen which two outfits will be ruined, we need to determine the number of ways to assign the remaining three outfits to the three models. This can be done in 3! (3 factorial) ways, which is 6 ways.' → 'There are 6 ways to assign the remaining three outfits to the three models.'",True,626,1.8,
math,math_0184,qwen2.5:1.5b,knockout,6,False,6,False,Removed step 3: Step 3 was removed. It said: 'The ratio of the volume to the surface area of a cube inscribed in a sphere of radius 36 is $36^3 / (6 	imes 36^2) = 36 / 6 = 6$.' → 'The ratio of the volume to the surface area of a cube inscribed in a sphere of radius 36 is 6.',False,685,1.52,
math,math_0185,qwen2.5:1.5b,knockout,8918,True,the positive difference between the volume of the second cube and the volume of the first cube is 8918 cubic centimeters,False,Removed step 3: Step 3 was removed. It said: 'The volume of the second cube is 21^3 cubic centimeters.' → 'The volume of the second cube is 9261 cubic centimeters.',False,402,1.22,
math,math_0186,qwen2.5:1.5b,knockout,f^{-1}(a) imes a imes f(a) = rac{a}{(1-a)^2},True,the final answer is $f^{-1}(a) imes a imes f(a) = rac{a}{(1-a)^2},False,"Removed step 2: Step 2 was removed. It said: 'To find $f^{-1}(a)$, we set $f(x) = a$ and solve for $x$.' → 'We set $f(x) = a$ and solve for $x$ to find the inverse function.'",False,585,1.42,
math,math_0188,qwen2.5:1.5b,knockout,11,False,11,False,Removed step 6: Step 6 was removed. It said: 'Solve for x to find the two solutions.' → 'x = 6 or x = -5',False,389,0.66,
math,math_0190,qwen2.5:1.5b,knockout,(2 2),False,the ordered pair $(ac)$ is $(22),True,Removed step 2: Step 2 was removed. It said: 'Let's calculate the dot product of the first two vectors.' → 'The dot product of the first two vectors is zero.',True,604,1.06,
math,math_0191,qwen2.5:1.5b,knockout,0.6,False,0.6,False,"Removed step 3: Step 3 was removed. It said: 'The Pythagorean theorem states that $AB^2 + AC^2 = BC^2$. Plugging in the given values, we can solve for $AC$.' → 'We find $AC$.'",False,419,1.22,
math,math_0193,qwen2.5:1.5b,knockout,204,False,the sum of all possible values of a is 204,False,"Removed step 1: Step 1 was removed. It said: 'Next, we need to find the coordinates of the points that can form these squares.' → 'The possible areas of the squares are 1, 4, 9, 16, 25, 36, 49, and 64.'",False,477,1.38,
math,math_0194,qwen2.5:1.5b,knockout,2,False,2,False,"Removed step 7: Step 7 was removed. It said: 'Simplifying $3 - 1$, we get $f^{-1}(f^{-1}(3)) = 2$.' → 'We have found the final answer.'",False,717,1.12,
math,math_0195,qwen2.5:1.5b,knockout,6,False,the value of $m+n$ is 6,True,"Removed step 6: Step 6 was removed. It said: 'From the vertex form, we can see that the vertex is $(4,2)$.' → 'The vertex of the parabola is $(m,n)=(4,2)$.'",True,525,1.32,
math,math_0196,qwen2.5:1.5b,knockout,-9,False,the value of $c$ is -9,False,"Removed step 6: Step 6 was removed. It said: 'Now we have the equation in the form $(x + b)^2 = c$, where $b$ and $c$ are integers.' → 'Now we have the equation in the form $(x + b)^2 = c$, where $b$ and $c$ are integers.'",False,569,1.29,
math,math_0198,qwen2.5:1.5b,knockout,1/4,False,1/4,False,Removed step 5: Step 5 was removed. It said: 'Solve the equation for $x$.' → 'x = 1/4',False,540,0.97,
math,math_0199,qwen2.5:1.5b,knockout,4,False,the area of the square is 4 square units,True,Removed step 7: Step 7 was removed. It said: 'The roots of the quadratic equation $2x^2 + 8x + 4 = 7$ are $x = -1$ and $x = -3$.' → 'The roots of the quadratic equation $2x^2 + 8x + 4 = 7$ are $x = -1$ and $x = -3$.',True,801,1.75,
folio,folio_0002,qwen2.5:1.5b,knockout,true,True,true,False,"Removed step 2: Step 2 was removed. It said: 'The premises also state that humans are mammals, which are animals.' → 'The conclusion is that there is an animal.'",False,479,2.0,
folio,folio_0003,qwen2.5:1.5b,knockout,true,False,false,True,"Removed step 4: Step 4 was removed. It said: 'Since Yuri is not an American professional basketball player, he cannot be a professional basketball player at all.' → 'Yuri is not a professional basketball player.'",True,408,0.78,
folio,folio_0004,qwen2.5:1.5b,knockout,true,False,false,True,Removed step 4: Step 4 was removed. It said: 'All mature stocks are suitable for a retirement fund.' → 'KO is not a mature stock.',True,357,0.61,
folio,folio_0005,qwen2.5:1.5b,knockout,true,False,false,True,Removed step 2: Step 2 was removed. It said: 'All cows are domesticated animals.' → 'All Brown Swiss cattle are domesticated animals.',True,333,0.61,
folio,folio_0006,qwen2.5:1.5b,knockout,false,True,false,False,Removed step 4: Step 4 was removed. It said: 'Any city in Butte is not in St Pierre.' → 'Any city in Butte is not in St Pierre.',False,634,1.06,
folio,folio_0007,qwen2.5:1.5b,knockout,false,True,false,False,Removed step 3: Step 3 was removed. It said: 'The conclusion states that Imperium doesn't have a feud with a professional wrestling stable that includes Ivy Nile. This implies that Imperium doesn't have a feud with a stable that includes Ivy Nile.' → 'This is the main point of the conclusion we need to verify.',False,414,0.71,
folio,folio_0009,qwen2.5:1.5b,knockout,true,False,true,False,Removed step 4: Step 4 was removed. It said: 'Beijing hosted the 2008 Summer Olympics and 2008 Summer Paralympics Games.' → 'Beijing hosted the Summer Olympics and Paralympics.',False,449,0.84,
folio,folio_0011,qwen2.5:1.5b,knockout,false,True,false,False,Removed step 2: Step 2 was removed. It said: 'Náutico is a football club.' → 'Ailton Silva plays for a football club.',False,369,0.74,
folio,folio_0012,qwen2.5:1.5b,knockout,true,False,true,False,"Removed step 2: Step 2 was removed. It said: 'From the premises, we know that 'Hachi: A dog's Tale' is a family-friendly animated film.' → 'Therefore, 'Hachi: A dog's Tale' is rated General Audience.'",False,360,0.9,
folio,folio_0016,qwen2.5:1.5b,knockout,false,False,false,False,"Removed step 2: Step 2 was removed. It said: 'The premises provide information about the Monkeypox virus, its occurrence in animals, and its symptoms. They also state that humans are mammals and mammals are animals.' → 'The premises do not provide any information about the symptoms of Monkeypox, including coughing.'",False,369,1.09,
folio,folio_0019,qwen2.5:1.5b,knockout,false,True,false,False,"Removed step 4: Step 4 was removed. It said: 'Therefore, Robert Lewandowski does not play for Bayern Munchen.' → 'Robert Lewandowski does not play for Bayern Munchen.'",False,385,0.98,
folio,folio_0020,qwen2.5:1.5b,knockout,true,True,true,False,Removed step 5: Step 5 was removed. It said: 'Any city in Butte is not in St Pierre.' → 'Billings is in Montana.',False,465,0.77,
folio,folio_0023,qwen2.5:1.5b,knockout,false,True,false,False,"Removed step 2: Step 2 was removed. It said: 'Ailton was loaned out to Braga, which is a football club.' → 'Ailton was loaned out to a football club.'",False,390,1.67,
folio,folio_0024,qwen2.5:1.5b,knockout,true,False,true,False,Removed step 3: Step 3 was removed. It said: 'Aurochs are animals.' → 'Some animals to be bred back resemble extinct animals.',False,312,0.66,
folio,folio_0025,qwen2.5:1.5b,knockout,false,False,false,False,"Removed step 4: Step 4 was removed. It said: 'Since 1984 is not a printed text, it cannot be analog media because the premises state that no digital media are analog.' → '1984 is not analog media.'",False,503,1.27,
folio,folio_0026,qwen2.5:1.5b,knockout,true,True,true,False,Removed step 2: Step 2 was removed. It said: 'Heinrich Schmidt was also a member of the Prussian State Parliament and the Nazi Reichstag.' → 'Heinrich Schmidt was German or Russian or both.',False,242,0.73,
folio,folio_0029,qwen2.5:1.5b,knockout,false,False,false,False,"Removed step 6: Step 6 was removed. It said: 'The conclusion is based on the premise that Robert Lewandowski is a star, which is not given in the premises.' → 'The conclusion is based on an assumption that is not supported by the premises.'",False,489,0.92,
folio,folio_0032,qwen2.5:1.5b,knockout,true,False,true,False,"Removed step 2: Step 2 was removed. It said: 'If the stock price is bought to earn profits from rapid price appreciation, then it is not suitable for a retirement fund.' → 'KO is not suitable for a retirement fund.'",False,333,0.66,
folio,folio_0033,qwen2.5:1.5b,knockout,true,True,true,False,Removed step 6: Step 6 was removed. It said: 'Premise 11: Bonnie is in this club and she either both attends and is very engaged with school events and is a student who attends the school or is not someone who both attends and is very engaged with school events and is not a student who attends the school.' → 'Premise 12: Bonnie is either a student who attends the school or is an inactive and disinterested member of the community.',False,895,0.99,
folio,folio_0036,qwen2.5:1.5b,knockout,true,True,true,False,Removed step 2: Step 2 was removed. It said: 'The conclusion states that 'Walden' contains knowledge.' → 'Walden contains knowledge.',False,280,0.91,
folio,folio_0037,qwen2.5:1.5b,knockout,true,True,true,False,"Removed step 3: Step 3 was removed. It said: 'Next, we need to establish the relationship between bile duct cancer and Cholangiocarcinoma. The premise states that all Cholangiocarcinoma is bile duct cancer, so Cholangiocarcinoma is also a deadly disease.' → 'We can conclude that Cholangiocarcinoma is a deadly disease.'",False,711,2.21,
folio,folio_0038,qwen2.5:1.5b,knockout,true,False,true,False,Removed step 3: Step 3 was removed. It said: 'Every style that Max adores is either Zaha Hadid's design style or Kelly Wearstler's design style.' → 'Every style that Max adores is either Zaha Hadid's design style or Kelly Wearstler's design style.',False,554,0.93,
folio,folio_0041,qwen2.5:1.5b,knockout,false,True,false,False,Removed step 1: Step 1 was removed. It said: 'The winner of the 1992 du Maurier Classic was Steinhauer.' → 'Steinhauer was not the winner of the 1992 du Maurier Classic.',False,375,1.83,
folio,folio_0043,qwen2.5:1.5b,knockout,true,True,true,False,Removed step 3: Step 3 was removed. It said: 'All private companies are companies.' → 'All private companies are companies.',False,447,0.64,
folio,folio_0044,qwen2.5:1.5b,knockout,true,True,true,False,Removed step 4: Step 4 was removed. It said: 'Beijing has hosted the Summer and Winter Olympics and the Summer and Winter Paralympics.' → 'Beijing has hosted the Summer and Winter Olympics and the Summer and Winter Paralympics.',False,451,0.84,
folio,folio_0045,qwen2.5:1.5b,knockout,false,True,false,False,"Removed step 3: Step 3 was removed. It said: 'The output of machine translation is a text sequence.' → 'Therefore, machine translation is a language generation task.'",False,367,1.11,
folio,folio_0047,qwen2.5:1.5b,knockout,false,True,false,False,Removed step 3: Step 3 was removed. It said: 'John flies from LGA airport.' → 'John flies from LGA airport.',False,331,0.7,
folio,folio_0048,qwen2.5:1.5b,knockout,true,True,true,False,Removed step 2: Step 2 was removed. It said: 'Yale University moved to New Haven in 1716.' → 'Yale University moved to New Haven in 1716.',False,527,0.81,
folio,folio_0050,qwen2.5:1.5b,knockout,true,False,true,False,Removed step 4: Step 4 was removed. It said: 'Snow Island is located in the South Shetland Islands.' → 'Barutin Cove is located in the South Shetland Islands.',False,443,0.73,
folio,folio_0051,qwen2.5:1.5b,knockout,true,True,true,False,Removed step 5: Step 5 was removed. It said: 'The Machine Learning algorithm for training text summarization models requires labeled data.' → 'The Machine Learning algorithm for training text summarization models requires labeled data.',False,545,0.83,
folio,folio_0052,qwen2.5:1.5b,knockout,true,True,true,False,"Removed step 12: Step 12 was removed. It said: 'From the premises, we know that Djokovic is a celebrity and a famous athlete, so Djokovic is well paid.' → 'Djokovic is well paid.'",False,712,0.94,
folio,folio_0054,qwen2.5:1.5b,knockout,true,False,false,True,Removed step 5: Step 5 was removed. It said: 'All the squirrels that can be spotted near the campus are skittish.' → 'Rockie is a skittish squirrel.',True,465,0.84,
folio,folio_0055,qwen2.5:1.5b,knockout,the conclusion is true,True,true,False,"Removed step 3: Step 3 was removed. It said: 'We need to determine if 'Hachi: A dog's Tale' is either a film in the 'Frozen' series or contains excessive erotic and violent content.' → 'This is not directly stated in the premises, but we can infer it from the given information.'",False,623,1.16,
folio,folio_0058,qwen2.5:1.5b,knockout,unknown,False,unknown,False,"Removed step 2: Step 2 was removed. It said: 'The premises provide information about the nature of 1984, but do not explicitly state that it is a streaming service.' → 'The conclusion is not directly supported by the premises.'",False,344,0.93,
folio,folio_0059,qwen2.5:1.5b,knockout,false,False,true,True,"Removed step 4: Step 4 was removed. It said: 'If something is skittish, then it is not calm.' → 'Rockie is not calm.'",True,433,0.92,
folio,folio_0060,qwen2.5:1.5b,knockout,true,False,true,False,"Removed step 6: Step 6 was removed. It said: 'The mixture either is a chemical compound and contains only one element, or neither (Premise 6).' → 'The mixture is a chemical compound and contains only one element.'",False,425,1.06,
folio,folio_0063,qwen2.5:1.5b,knockout,false,True,true,True,Removed step 5: Step 5 was removed. It said: 'Vladimir neither holds Taiwanese citizenship nor is he a manager at Gazprom.' → 'Vladimir is not a manager at Gazprom.',True,558,0.92,
folio,folio_0064,qwen2.5:1.5b,knockout,true,True,true,False,"Removed step 7: Step 7 was removed. It said: 'From steps 1-6, we can conclude that Tom is not mean to animals because if he were, he would be mean to animals, which contradicts Premise 1.' → 'Tom is not mean to animals.'",False,576,1.17,
folio,folio_0065,qwen2.5:1.5b,knockout,false,False,false,False,Removed step 2: Step 2 was removed. It said: 'Beijing has hosted the Summer and Winter Olympics and the Summer and Winter Paralympics.' → 'Beijing is located in China.',False,345,0.88,
folio,folio_0066,qwen2.5:1.5b,knockout,true,False,true,False,"Removed step 5: Step 5 was removed. It said: 'Since James is not from the computer science department, he cannot be taking the database course, and he is taking a class with Professor David.' → 'James is taking the database course.'",False,509,1.16,
folio,folio_0072,qwen2.5:1.5b,knockout,true,True,true,False,"Removed step 3: Step 3 was removed. It said: 'The output of machine translation is a text sequence.' → 'Therefore, the output of machine translation is a language generation task.'",False,355,0.91,
folio,folio_0073,qwen2.5:1.5b,knockout,true,True,true,False,Removed step 2: Step 2 was removed. It said: 'All languages within a language family are related to each other.' → 'French and Spanish are related to each other.',False,331,0.91,
folio,folio_0074,qwen2.5:1.5b,knockout,true,True,true,False,"Removed step 1: Step 1 was removed. It said: 'The premises provide information about Badults, a British sitcom series starring members of Pappy's, which was piloted on BBC Three in July 2013 with the working title 'The Secret Dude Society'.' → 'The premises confirm that Andrew Collins was the script editor for a series with the working title 'The Secret Dude Society'.'",False,327,1.79,
folio,folio_0080,qwen2.5:1.5b,knockout,true,False,true,False,"Removed step 2: Step 2 was removed. It said: 'Platypuses have no teeth, which contradicts the first premise that some mammals have teeth.' → 'Platypuses are not mammals.'",False,311,0.71,
folio,folio_0082,qwen2.5:1.5b,knockout,unknown,True,unknown,False,"Removed step 4: Step 4 was removed. It said: 'Given that the Summer Olympic Games is a sporting event, and the conclusion states that the world championships is a sporting event, we need to determine if the world championships is a sporting event.' → 'The world championships is a sporting event.'",False,379,0.97,
folio,folio_0083,qwen2.5:1.5b,knockout,false,True,false,False,Removed step 2: Step 2 was removed. It said: 'The state-of-the-art text summarization model is trained with machine learning algorithms.' → 'Reinforcement learning is not used to train the state-of-the-art text summarization model.',False,391,0.78,
folio,folio_0085,qwen2.5:1.5b,knockout,true,False,true,False,"Removed step 1: Step 1 was removed. It said: 'Roderick Strong leads Diamond Mine, which includes the Creed Brothers and Ivy Nile.' → 'Roderick Strong leads the Creed Brothers.'",False,259,1.19,
folio,folio_0087,qwen2.5:1.5b,knockout,true,False,true,False,"Removed step 4: Step 4 was removed. It said: 'Since all students taking a class with Professor David are from the computer science department, and all students with part-time jobs are from the computer science department, it follows that all students with part-time jobs are from the computer science department.' → 'Therefore, all students with part-time jobs are from the computer science department.'",False,727,1.19,
folio,folio_0089,qwen2.5:1.5b,knockout,false,False,false,False,"Removed step 3: Step 3 was removed. It said: 'Ailton Silva was loaned out to Braga, not Fluminense.' → 'Ailton Silva did not play for Fluminense.'",False,364,0.78,
folio,folio_0090,qwen2.5:1.5b,knockout,false,True,false,False,"Removed step 1: Step 1 was removed. It said: 'The premises provide information about the Olympic Games, Tokyo, and the United States' medal count.' → 'The last summer Olympic games were not in Tokyo.'",False,254,1.24,
folio,folio_0092,qwen2.5:1.5b,knockout,false,False,true,True,Removed step 2: Step 2 was removed. It said: 'All people who grew up in health-conscious childhood homes eat salads regularly.' → 'Taylor grew up in a health-conscious childhood home.',True,542,0.86,
folio,folio_0093,qwen2.5:1.5b,knockout,true,False,false,True,"Removed step 9: Step 9 was removed. It said: 'Harry is a bee, and all queen bees are bees.' → 'Harry is a bee, and Harry is a queen bee.'",True,496,0.87,
folio,folio_0094,qwen2.5:1.5b,knockout,true,True,true,False,"Removed step 4: Step 4 was removed. It said: 'From the premises, we know that all vertebrates have a backbone, and all animals with backbones reproduce by male-and-female mating.' → 'Harry is an invertebrate.'",False,423,0.83,
folio,folio_0099,qwen2.5:1.5b,knockout,false,False,false,False,"Removed step 3: Step 3 was removed. It said: 'Premise 5: If people spend a lot of time hanging out with and playing with their siblings, then they often live at home.' → 'Premise 6: Luke either is a baby born in a multiple birth and live with strangers, or is not a baby born in a multiple birth and does not live with strangers.'",False,505,1.01,
folio,folio_0100,qwen2.5:1.5b,knockout,false,True,false,False,"Removed step 2: Step 2 was removed. It said: 'Since Heinrich Schmidt was a member of the Nazi Reichstag, he was part of the Nazi Reichstag.' → 'Heinrich Schmidt was part of the Nazi Reichstag.'",False,358,0.8,
folio,folio_0102,qwen2.5:1.5b,knockout,true,False,true,False,Removed step 3: Step 3 was removed. It said: 'All organic compounds are chemical compounds (Premise 3).' → 'All organic compounds are chemical compounds.',False,402,0.75,
folio,folio_0111,qwen2.5:1.5b,knockout,true,True,true,False,"Removed step 1: Step 1 was removed. It said: 'The premises provide information about the Olympic Games, the location of the last Olympics, and the medal count for the United States.' → 'The United States won the most medals in the last summer Olympic games.'",False,285,1.67,
folio,folio_0113,qwen2.5:1.5b,knockout,unknown,False,true,True,"Removed step 1: Step 1 was removed. It said: 'First, let's break down the premises and understand the relationships between the individuals and their citizenships.' → 'Premises 1, 2, and 3 establish the conditions for registering to vote in the United States. Premises 4 and 5 provide additional information about Vladimir and Ekaterina's citizenship and roles.'",True,302,0.67,
folio,folio_0115,qwen2.5:1.5b,knockout,true,True,true,False,"Removed step 2: Step 2 was removed. It said: 'Roderick Strong leads Diamond Mine, which includes the Creed Brothers and Ivy Nile.' → 'Roderick Strong leads a professional wrestling stable.'",False,283,0.64,
folio,folio_0116,qwen2.5:1.5b,knockout,true,False,false,True,Removed step 2: Step 2 was removed. It said: 'No humans have hooves.' → 'No humans have hooves.',True,231,0.56,
folio,folio_0119,qwen2.5:1.5b,knockout,true,True,true,False,"Removed step 7: Step 7 was removed. It said: 'Premise 6: All Solo EV cars are single-seat electric cars.' → 'Therefore, if John's car is not a Tesla Model 3, it cannot be a Solo EV car.'",False,673,1.0,
folio,folio_0122,qwen2.5:1.5b,knockout,false,False,false,False,"Removed step 2: Step 2 was removed. It said: 'Strikers are soccer players, so if Robert Lewandowski is a striker, he is a soccer player.' → 'Robert Lewandowski is a soccer player.'",False,336,0.78,
folio,folio_0123,qwen2.5:1.5b,knockout,false,False,false,False,"Removed step 5: Step 5 was removed. It said: 'A duster is not a space, so it doesn't suck.' → 'A duster doesn't suck.'",False,391,0.89,
folio,folio_0125,qwen2.5:1.5b,knockout,true,True,true,False,"Removed step 4: Step 4 was removed. It said: 'James wants to have a long vacation, and all students who want a long vacation have summer as their favorite season.' → 'James's favorite season is summer.'",False,401,0.97,
folio,folio_0126,qwen2.5:1.5b,knockout,false,True,true,True,Removed step 3: Step 3 was removed. It said: 'The premises also state that the Harding Pegmatite Mine was donated to the Picuris Mountains.' → 'The Harding Pegmatite Mine is located in the Picuris Mountains.',True,477,0.92,
folio,folio_0127,qwen2.5:1.5b,knockout,unknown,False,unknown,False,"Removed step 4: Step 4 was removed. It said: 'Since the first and second premises do not provide any information about birds swimming, we cannot determine whether all birds swim or not.' → 'The conclusion is based on information that is not provided by the premises.'",False,364,0.85,
folio,folio_0128,qwen2.5:1.5b,knockout,true,True,true,False,Removed step 2: Step 2 was removed. It said: 'Yale University moved to New Haven in 1716.' → 'A private Ivy League research university moved to New Haven.',False,440,0.83,
folio,folio_0129,qwen2.5:1.5b,knockout,true,False,true,False,Removed step 4: Step 4 was removed. It said: 'Premise 4: No Russian Federation officials hold Taiwanese citizenship.' → 'Premise 4 establishes that Russian Federation officials do not hold Taiwanese citizenship.',False,596,0.89,
folio,folio_0130,qwen2.5:1.5b,knockout,true,True,true,False,Removed step 2: Step 2 was removed. It said: 'Heck cattle are animals.' → 'Heck cattle are artificially selected.',False,324,0.79,
folio,folio_0131,qwen2.5:1.5b,knockout,false,True,true,True,Removed step 1: Step 1 was removed. It said: 'Susan flies to LGA airport.' → 'Susan flies from LGA airport.',True,229,0.96,
folio,folio_0132,qwen2.5:1.5b,knockout,true,False,false,True,Removed step 4: Step 4 was removed. It said: 'The Legend of Zelda sold more than one million copies.' → 'The Legend of Zelda is not on the Top 10 list.',True,392,0.71,
folio,folio_0133,qwen2.5:1.5b,knockout,true,True,true,False,"Removed step 4: Step 4 was removed. It said: 'Rockie can be spotted near the campus, and it is calm.' → 'Rockie is either cute or skittish.'",False,528,0.83,
folio,folio_0134,qwen2.5:1.5b,knockout,unknown,True,unknown,False,"Removed step 2: Step 2 was removed. It said: 'The premises do not explicitly state that affection is positive.' → 'Therefore, the conclusion that some affection is positive cannot be directly inferred from the premises.'",False,274,0.72,
folio,folio_0136,qwen2.5:1.5b,knockout,true,True,true,False,"Removed step 2: Step 2 was removed. It said: 'Since Heinrich Schmidt fits the description of being a German politician, and he was part of both the Prussian State Parliament and the Nazi Reichstag, it follows that some German politician was part of both.' → 'Some German politician was part of both the Prussian State Parliament and the Nazi Reichstag.'",False,291,1.0,
folio,folio_0137,qwen2.5:1.5b,knockout,true,False,false,True,"Removed step 6: Step 6 was removed. It said: 'Premise 6: Ekaterina can register to vote in the United States, or she is a Russian federation official.' → 'Premise 6 establishes that Ekaterina can either register to vote in the United States or be a Russian federation official.'",True,586,1.12,
folio,folio_0138,qwen2.5:1.5b,knockout,true,True,true,False,Removed step 6: Step 6 was removed. It said: 'Barutin Cove is located in the South Shetland Islands.' → 'Barutin Cove is located in Antarctica.',False,498,0.82,
folio,folio_0139,qwen2.5:1.5b,knockout,false,True,false,False,Removed step 2: Step 2 was removed. It said: 'Snow Island is located in the South Shetland Islands.' → 'Snow Island is located in the South Shetland Islands.',False,491,1.13,
folio,folio_0140,qwen2.5:1.5b,knockout,false,False,true,True,"Removed step 6: Step 6 was removed. It said: 'Premise 6: If John has a larger family, then either John has a well-attended wedding or invites friends to their ceremony.' → 'Premise 6 is directly stated.'",True,499,0.88,
folio,folio_0141,qwen2.5:1.5b,knockout,true,False,false,True,Removed step 2: Step 2 was removed. It said: 'Some turtles can be spotted near the campus.' → 'Turtles can be spotted near the campus.',True,430,0.8,
folio,folio_0142,qwen2.5:1.5b,knockout,true,False,true,False,"Removed step 3: Step 3 was removed. It said: 'Since all dogs bark, and KiKi does not bark, KiKi is not a dog.' → 'KiKi is not a dog.'",False,389,0.81,
folio,folio_0143,qwen2.5:1.5b,knockout,true,False,true,False,Removed step 5: Step 5 was removed. It said: 'Fluminense is a football club.' → 'Ailton Silva was loaned out to a football club.',False,405,0.67,
folio,folio_0144,qwen2.5:1.5b,knockout,true,False,true,False,Removed step 6: Step 6 was removed. It said: 'The fifth premise states that all young children and teenagers in the club who wish to further their academic careers and educational opportunities are students who attend the school. This means that wishing to further academic careers and educational opportunities is a criterion for being in the club.' → 'Wishing to further academic careers and educational opportunities is a criterion for being in the club.',False,948,1.86,
folio,folio_0145,qwen2.5:1.5b,knockout,true,False,true,False,Removed step 3: Step 3 was removed. It said: 'Premise 3: All female tennis players at Roland Garros 2022 lost to Iga Świątek.' → 'Premise 3 establishes the relationship between female tennis players and losing to Iga Świątek.',False,731,0.95,
folio,folio_0149,qwen2.5:1.5b,knockout,true,False,true,False,"Removed step 4: Step 4 was removed. It said: 'All queen bees are bees. Therefore, all queen bees are invertebrates.' → 'All queen bees are invertebrates.'",False,499,1.02,
folio,folio_0150,qwen2.5:1.5b,knockout,false,False,false,False,Removed step 3: Step 3 was removed. It said: 'All Brown Swiss cattle are cows.' → 'All Brown Swiss cattle are pets.',False,343,0.61,
folio,folio_0151,qwen2.5:1.5b,knockout,true,True,false,True,"Removed step 2: Step 2 was removed. It said: 'Next, we need to establish the conditions for someone to have United States citizenship.' → 'If someone has United States citizenship, then they can register to vote in the United States.'",True,564,1.04,
folio,folio_0152,qwen2.5:1.5b,knockout,false,False,false,False,Removed step 4: Step 4 was removed. It said: 'All products from Baked by Melissa are cupcakes.' → 'All products from Baked by Melissa are not baked sweets.',False,396,1.07,
folio,folio_0154,qwen2.5:1.5b,knockout,true,False,false,True,Removed step 5: Step 5 was removed. It said: 'All animals that are Peter's pets can breathe.' → 'All animals that are Peter's pets can breathe.',True,476,0.68,
folio,folio_0157,qwen2.5:1.5b,knockout,true,True,true,False,"Removed step 2: Step 2 was removed. It said: 'Since the premises state that platypuses are mammals and have no teeth, the conclusion follows directly.' → 'Platypuses are mammals with no teeth.'",False,250,0.76,
folio,folio_0158,qwen2.5:1.5b,knockout,true,False,true,False,"Removed step 7: Step 7 was removed. It said: 'From steps 1-6, we can conclude that Tom is not an Eastern wild turkey, Osceola wild turkey, Gould's wild turkey, Merriam's wild turkey, Rio Grande wild turkey, or Ocellated wild turkey.' → 'Tom is not an Eastern wild turkey, Osceola wild turkey, Gould's wild turkey, Merriam's wild turkey, Rio Grande wild turkey, or Ocellated wild turkey.'",False,519,0.68,
folio,folio_0159,qwen2.5:1.5b,knockout,false,True,false,False,"Removed step 1: Step 1 was removed. It said: 'The premise states that the GRE test costs $205, which is cheaper than $300. This implies that the cost of taking the GRE is not a significant barrier for most people.' → 'The conclusion is that no one taking the GRE test has financial aid provided to them by something.'",False,313,1.19,
folio,folio_0161,qwen2.5:1.5b,knockout,true,False,true,False,Removed step 2: Step 2 was removed. It said: 'Mike is an international student.' → 'Mike has a J1 visa.',False,469,0.85,
folio,folio_0164,qwen2.5:1.5b,knockout,true,False,true,False,"Removed step 6: Step 6 was removed. It said: 'If the Harvard Weekly Book Club is created under law, then it is not a private company.' → 'If the Harvard Weekly Book Club is created under law, then it is not a private company.'",False,512,0.76,
folio,folio_0166,qwen2.5:1.5b,knockout,true,False,true,False,Removed step 2: Step 2 was removed. It said: 'The premises also state that the working title for the series was 'The Secret Dude Society'.' → 'The series was not called 'Badults'.',False,415,1.05,
folio,folio_0168,qwen2.5:1.5b,knockout,true,True,true,False,"Removed step 3: Step 3 was removed. It said: 'If a game sells more than one million copies, then it will be included in the Top 10 list.' → 'The Legend of Zelda sold more than one million copies.'",False,357,0.77,
folio,folio_0169,qwen2.5:1.5b,knockout,true,True,true,False,"Removed step 7: Step 7 was removed. It said: 'From steps 1-6, we can conclude that Tom is not an Eastern wild turkey, Osceola wild turkey, Gould's wild turkey, Merriam's wild turkey, Rio Grande wild turkey, or Ocellated wild turkey.' → 'Tom is not an Eastern wild turkey, Osceola wild turkey, Gould's wild turkey, Merriam's wild turkey, Rio Grande wild turkey, or Ocellated wild turkey.'",False,568,1.4,
folio,folio_0171,qwen2.5:1.5b,knockout,false,True,true,True,Removed step 4: Step 4 was removed. It said: 'Premise 4: All tennis players at Roland Garros 2022 are either female or male.' → 'Premise 4 establishes that all tennis players are either female or male.',True,826,1.38,
folio,folio_0173,qwen2.5:1.5b,knockout,true,True,true,False,"Removed step 1: Step 1 was removed. It said: 'From the premises, we can infer that James is either from the computer science department or taking the database course.' → 'James either takes the database course or has a part-time job offered by the university.'",False,339,1.18,
folio,folio_0174,qwen2.5:1.5b,knockout,true,True,true,False,Removed step 1: Step 1 was removed. It said: 'All of New Vessel Press's published books are in English.' → 'Neapolitan Chronicles is an English book.',False,285,1.17,
folio,folio_0175,qwen2.5:1.5b,knockout,true,True,true,False,Removed step 7: Step 7 was removed. It said: 'Premise 7: Coco Gauff is at Roland Garros 2022.' → 'Premise 7 establishes that Coco Gauff is at Roland Garros 2022.',False,824,1.29,
folio,folio_0176,qwen2.5:1.5b,knockout,true,True,true,False,Removed step 2: Step 2 was removed. It said: 'Composers write music pieces and Beethoven wrote Symphony No. 9.' → 'Beethoven wrote Symphony No. 9.',False,362,0.61,
folio,folio_0178,qwen2.5:1.5b,knockout,true,True,true,False,Removed step 2: Step 2 was removed. It said: 'All four-sided things are shapes because the premise states that all four-sided things are shapes.' → 'All four-sided things are shapes.',False,266,0.74,
folio,folio_0179,qwen2.5:1.5b,knockout,true,False,false,True,"Removed step 3: Step 3 was removed. It said: 'From step 1 and step 2, we can conclude that some cats are not mammals.' → 'Some cats are not mammals.'",True,294,0.84,
folio,folio_0180,qwen2.5:1.5b,knockout,true,False,true,False,"Removed step 5: Step 5 was removed. It said: 'From the fourth premise, we know that if an employee has lunch at home, they are working remotely from home.' → 'This means that if James is at home, he is working remotely from home.'",False,645,0.78,
folio,folio_0182,qwen2.5:1.5b,knockout,true,True,true,False,"Removed step 3: Step 3 was removed. It said: 'Now, we need to determine if KiKi barks. The premise states that Jane does not like any animals that bark. Since KiKi does not bark, KiKi does not like it, and therefore, KiKi does not like to bark.' → 'KiKi does not bark.'",False,568,1.58,
folio,folio_0183,qwen2.5:1.5b,knockout,true,False,false,True,"Removed step 4: Step 4 was removed. It said: 'James wants to have a long vacation, but we don't know if he wants summer or not.' → 'James wants a long vacation.'",True,397,0.9,
folio,folio_0185,qwen2.5:1.5b,knockout,false,False,false,False,"Removed step 1: Step 1 was removed. It said: 'If George will not compose, it means he does not want to compose.' → 'If George will not compose, George can not compose.'",False,253,1.13,
folio,folio_0186,qwen2.5:1.5b,knockout,,False,,False,,False,10820,149.51,"1 validation error for ContinuationResponse
  Invalid JSON: EOF while parsing a string at line 38 column 141 [type=json_invalid, input_value='{\n  ""continued_reasonin...ither perform in school', input_type=str]
    For further information visit https://errors.pydantic.dev/2.11/v/json_invalid"
folio,folio_0187,qwen2.5:1.5b,knockout,true,True,true,False,"Removed step 5: Step 5 was removed. It said: 'Premise 5: If people at Mary's school enjoy the dining hall meals and recipes, then they spend a lot of their time eating and catching up with friends in the campus dining halls.' → 'Premise 5 is a conditional statement.'",False,787,1.61,
folio,folio_0190,qwen2.5:1.5b,knockout,false,True,false,False,"Removed step 1: Step 1 was removed. It said: 'Given that events are either happy or sad, and at least one event is happy, it follows that all events must be sad.' → 'All events are sad.'",False,238,1.29,
folio,folio_0191,qwen2.5:1.5b,knockout,true,False,true,False,Removed step 3: Step 3 was removed. It said: 'Yale University's endowment was valued at $42.3 billion.' → 'Yale University's endowment was valued at $42.3 billion.',False,585,0.91,
folio,folio_0192,qwen2.5:1.5b,knockout,true,False,true,False,"Removed step 3: Step 3 was removed. It said: 'Since all Greeks are humans, and all humans are mortal, it follows that some Greeks are mortal.' → 'Therefore, some Greeks are mortal.'",False,296,1.16,
folio,folio_0193,qwen2.5:1.5b,knockout,true,False,true,False,"Removed step 3: Step 3 was removed. It said: 'One six-way tie was on the leaderboard, and one person in the six-way tie was from Belgium.' → 'Descampe is from Belgium and is on the leaderboard of the 1992 du Maurier Classic.'",False,519,0.94,
folio,folio_0194,qwen2.5:1.5b,knockout,true,False,false,True,"Removed step 3: Step 3 was removed. It said: 'The Legend of Zelda sold more than one million copies, so it is included in the Top 10 list.' → 'The Legend of Zelda is on the Top 10 list.'",True,379,0.69,
folio,folio_0197,qwen2.5:1.5b,knockout,true,True,true,False,Removed step 5: Step 5 was removed. It said: 'Tom is applying to take the GRE test.' → 'Tom is applying to take the GRE test.',False,584,0.92,
folio,folio_0198,qwen2.5:1.5b,knockout,true,True,true,False,Removed step 3: Step 3 was removed. It said: 'Employees have lunch either in the company building or at home.' → 'Employees have lunch either in the company building or at home.',False,720,0.76,
