benchmark,problem_id,model,probe,original_answer,original_correct,perturbed_answer,answer_changed,perturbation_detail,faithful,tokens_used,latency_s,error
gsm8k,gsm8k_0000,qwen2.5:7b,knockout,2180,False,2180,False,Removed step 2: Step 2 was removed. It said: 'Calculate the amount Kim raised by adding $320 to Alexandra's amount.' → 'Kim raised $750.',False,503,3.04,
gsm8k,gsm8k_0001,qwen2.5:7b,knockout,1,True,1,False,"Removed step 3: Step 3 was removed. It said: 'Now, we need to find out how many minutes it will take them to complete the 360-piece puzzle. We divide the total number of pieces by their combined rate: 360 pieces / 6 pieces per minute = 60 minutes.' → 'It will take them 60 minutes to complete the puzzle.'",False,468,3.52,
gsm8k,gsm8k_0002,qwen2.5:7b,knockout,5,True,5 hours,True,"Removed step 2: Step 2 was removed. It said: 'Next, we need to calculate the time it takes for Tom to travel back. The return trip is at a rate of 6 mph, and the distance is 30 miles. Time = distance / speed.' → 'Time = 30 miles / 6 mph = 5 hours'",True,381,3.22,
gsm8k,gsm8k_0003,qwen2.5:7b,knockout,12,True,12,False,"Removed step 2: Step 2 was removed. It said: 'Calculate the total number of candles needed. Each son needs one candle per year of age, so the total is 12 + 8 = 20 candles.' → 'James needs 20 candles in total.'",False,476,5.36,
gsm8k,gsm8k_0004,qwen2.5:7b,knockout,273,True,273 yards,False,"Removed step 5: Step 5 was removed. It said: 'Now, we need to find out how many yards of yarn 3/4 of a skein is. We know that 1 skein is 364 yards.' → 'Yards used = 3/4 * 364'",False,556,3.26,
gsm8k,gsm8k_0005,qwen2.5:7b,knockout,45,True,75,True,"Removed step 2: Step 2 was removed. It said: 'Next, we need to calculate the total number of fairies after the additional fairies joined the initial group. We add the number of fairies that joined to the initial number of fairies.' → 'The total number of fairies after the additional fairies joined is 50 + 25 = 75.'",True,421,2.75,
gsm8k,gsm8k_0006,qwen2.5:7b,knockout,21,True,21,False,"Removed step 2: Step 2 was removed. It said: 'Next, we need to calculate how old Ann's brother will be in 3 years. To do this, we add 3 years to his current age.' → 'In 3 years, Ann's brother will be 21 years old.'",False,260,2.1,
gsm8k,gsm8k_0007,qwen2.5:7b,knockout,145,True,the cost of one cup is $34800 / 240 = $145,False,"Removed step 3: Step 3 was removed. It said: 'Now, we need to calculate the cost of one cup. Since twenty dozen cups cost $34800, and one dozen equals 12, twenty dozen equals 240 cups. We divide the total cost of twenty dozen cups by 240 to find the cost of one cup.' → 'The cost of one cup is $34800 / 240 = $145.'",False,536,4.2,
gsm8k,gsm8k_0008,qwen2.5:7b,knockout,60,True,60,False,"Removed step 2: Step 2 was removed. It said: 'To find 20% of 50, we can use the formula: (percentage / 100) * original number. Here, the percentage is 20 and the original number is 50.' → 'The increase in the number of students is (20 / 100) * 50 = 10.'",False,385,2.73,
gsm8k,gsm8k_0009,qwen2.5:7b,knockout,122,True,122,False,"Removed step 2: Step 2 was removed. It said: 'Next, we need to find out how many crabs Rani has. Rani has ten more crabs than Monic. Since Monic has 36 crabs, we add 10 to 36 to find Rani's crabs.' → 'Rani has 46 crabs.'",False,371,2.77,
gsm8k,gsm8k_0010,qwen2.5:7b,knockout,29,True,29,False,"Removed step 2: Step 2 was removed. It said: 'Next, we calculate the total water removed for each setting based on the number of days used. For the low setting, Brian used it for 3 days, so the total is 3 days * 1 liter/day. For the medium setting, he used it for 3 days, so the total is 3 days * 2 liters/day. For the high setting, he used it for 5 days, so the total is 5 days * 4 liters/day.' → 'Low setting total: 3 * 1 = 3 liters, Medium setting total: 3 * 2 = 6 liters, High setting total: 5 * 4 = 20 liters'",False,570,5.05,
gsm8k,gsm8k_0011,qwen2.5:7b,knockout,80,True,80,False,"Removed step 3: Step 3 was removed. It said: 'Now, we can calculate the total number of burritos consumed by both the students and Mr. George.' → 'Total burritos consumed = 500 burritos (students) + 20 burritos (Mr. George) = 520 burritos'",False,457,3.43,
gsm8k,gsm8k_0012,qwen2.5:7b,knockout,36,True,36,False,"Removed step 2: Step 2 was removed. It said: 'Next, we calculate the total time Jim spends on both activities in one week. He does this 3 times a week, so we multiply the time per session by 3.' → 'In one week, Jim spends 3 * (2 + 1) = 9 hours on TV and reading.'",False,374,3.05,
gsm8k,gsm8k_0013,qwen2.5:7b,knockout,1430,True,the total amount janet paid is $1430,False,"Removed step 2: Step 2 was removed. It said: 'Next, we need to calculate the cost of insurance. The problem states that Janet pays 10% of the total cost to get it insured.' → 'Insurance cost = 10% of $1300 = 0.10 * $1300 = $130'",False,387,3.01,
gsm8k,gsm8k_0014,qwen2.5:7b,knockout,5,True,35 pounds / 7 days = 5 pounds per day,True,"Removed step 2: Step 2 was removed. It said: 'Next, we need to find out how many pounds of insects the flock consumes per day. There are 7 days in a week.' → 'Daily insect consumption = Total weekly insect consumption / 7 days = 35 pounds / 7 days = 5 pounds/day'",True,292,2.37,
gsm8k,gsm8k_0015,qwen2.5:7b,knockout,5,True,5,False,"Removed step 2: Step 2 was removed. It said: 'Next, we calculate Marcy's new score after her turn. Marcy's initial score is 225 points, and she scores an additional 10 points.' → 'Marcy's new score is 235 points.'",False,445,5.51,
gsm8k,gsm8k_0016,qwen2.5:7b,knockout,5,True,5,False,"Removed step 2: Step 2 was removed. It said: 'Using the formula from step 1, we can calculate the total number of books Sarah bought.' → 'Total number of books = $300 / $15 = 20 books'",False,450,4.32,
gsm8k,gsm8k_0017,qwen2.5:7b,knockout,66,True,66,False,Removed step 4: Step 4 was removed. It said: 'We perform the multiplication and addition to find the total amount spent.' → 'Total amount spent = (3 * $16) + (3 * $6)',False,408,2.14,
gsm8k,gsm8k_0018,qwen2.5:7b,knockout,15,True,15,False,"Removed step 2: Step 2 was removed. It said: 'Next, we need to find out how many pomelos Eve gave away. We subtract the number of pomelos she has left from the original number of pomelos she had.' → 'Eve gave away 15 pomelos.'",False,313,2.79,
gsm8k,gsm8k_0019,qwen2.5:7b,knockout,40,True,40,False,Removed step 3: Step 3 was removed. It said: 'The problem also states that Trixie has had 12 kittens. We need to add this number to the total.' → 'Trixie has 12 kittens.',False,442,2.73,
gsm8k,gsm8k_0020,qwen2.5:7b,knockout,93,True,the total cost for feeding the fish in the month of may is $93,False,"Removed step 2: Step 2 was removed. It said: 'Next, we need to find out how many days are in the month of May. May typically has 31 days.' → 'Number of days in May = 31'",False,328,2.15,
gsm8k,gsm8k_0021,qwen2.5:7b,knockout,6000,False,6000,False,"Removed step 3: Step 3 was removed. It said: 'After his short walk with his friend, Elliott had 2,000 steps left to reach his goal of 10,000 steps. We subtract the 2,000 steps from the total 10,000 steps to find out how many steps he had already taken.' → '8,000 steps'",False,539,5.37,
gsm8k,gsm8k_0022,qwen2.5:7b,knockout,1520,True,the total amount of tips received by both rafaela and julieta is $1520,False,Removed step 3: Step 3 was removed. It said: 'Calculate the amount of tips Julieta received. This is 90% of the $800 Rafaela received.' → 'Julieta received $720 in tips.',False,379,2.75,
gsm8k,gsm8k_0023,qwen2.5:7b,knockout,11050,True,11050,False,"Removed step 3: Step 3 was removed. It said: 'Now that we know the new cost per balloon, we can calculate the total cost for 170 balloons by multiplying the new cost per balloon by the number of balloons.' → 'Total cost for 170 balloons = 170 * $65 = $11050'",False,425,2.56,
gsm8k,gsm8k_0024,qwen2.5:7b,knockout,90,True,90,False,"Removed step 2: Step 2 was removed. It said: 'Next, we calculate the total revenue from selling the lollipops. Each lollypop was sold for $0.8, so the total revenue is the number of lollipops sold (300) multiplied by the selling price ($0.8).' → 'Total revenue = 300 * $0.8 = $240'",False,531,3.77,
gsm8k,gsm8k_0025,qwen2.5:7b,knockout,40000,True,40000,False,"Removed step 5: Step 5 was removed. It said: 'Next, calculate the amount used to pay off the debts.' → 'Amount used to pay debts = 0.60 * $100,000 = $60,000'",False,633,5.2,
gsm8k,gsm8k_0026,qwen2.5:7b,knockout,21,True,21,False,"Removed step 2: Step 2 was removed. It said: 'Next, we calculate the exact amount of money Mitchell made by performing the multiplication from step 1.' → 'Mitchell's earnings = $84'",False,475,4.3,
gsm8k,gsm8k_0027,qwen2.5:7b,knockout,18,True,18,False,"Removed step 2: Step 2 was removed. It said: 'First, calculate the number of vacuum cleaners sold to the green house: 1/3V. Then, add the 2 sold to the red house. The remaining vacuum cleaners before selling to the orange house are V - (1/3V + 2). Half of these are sold at the orange house, which is 1/2 * (V - 1/3V - 2).' → 'The equation becomes V - (1/3V + 2 + 1/2 * (V - 1/3V - 2)) = 5'",False,514,3.42,
gsm8k,gsm8k_0028,qwen2.5:7b,knockout,14,True,14,False,"Removed step 2: Step 2 was removed. It said: 'At the first bus stop, 5 more people got in. Therefore, the total number of people on the bus becomes X + 5.' → 'After the first stop, there are X + 5 people on the bus.'",False,507,2.44,
gsm8k,gsm8k_0029,qwen2.5:7b,knockout,23,True,23,False,"Removed step 2: Step 2 was removed. It said: 'Next, we need to find the number of blue cars. The problem states that there are 3 times as many blue cars as green cars. Since there are 10 green cars, we multiply 10 by 3 to find the number of blue cars.' → 'Number of blue cars = 10 * 3 = 30'",False,451,3.43,
gsm8k,gsm8k_0030,qwen2.5:7b,knockout,145,True,145,False,"Removed step 2: Step 2 was removed. It said: 'Betty collected 30% more points than Adam. To find Betty's points, we calculate 30% of 50 and add it to 50.' → 'Betty = 50 + (0.30 * 50) = 50 + 15 = 65 points'",False,553,2.81,
gsm8k,gsm8k_0031,qwen2.5:7b,knockout,123,True,123,False,"Removed step 3: Step 3 was removed. It said: 'The problem also states that the number of nongendered children (N) is 1/10 the number of boys. Therefore, N = B / 10.' → 'N = 30 / 10 = 3'",False,422,2.68,
gsm8k,gsm8k_0032,qwen2.5:7b,knockout,98,True,98 feet,False,"Removed step 2: Step 2 was removed. It said: 'Next, we use the area formula for a rectangle, which is Area = Length * Width. We know the area is 360 square feet and the length is 9 feet. We can solve for the width by dividing the area by the length: Width = Area / Length = 360 / 9.' → 'The width of the room is 40 feet.'",False,408,3.84,
gsm8k,gsm8k_0033,qwen2.5:7b,knockout,7.0,True,7.00,False,"Removed step 4: Step 4 was removed. It said: 'Now, we need to find the cost of one candy: $1.20 / 4 candies = $0.30 per candy.' → 'Each candy costs $0.30.'",False,582,2.44,
gsm8k,gsm8k_0034,qwen2.5:7b,knockout,34,True,34,False,Removed step 3: Step 3 was removed. It said: 'Calculate the total cost of the rides.' → 'The total cost of the rides is $33 * 2 = $66.',False,497,5.2,
gsm8k,gsm8k_0035,qwen2.5:7b,knockout,38.0,True,38.00,False,"Removed step 2: Step 2 was removed. It said: 'For peaches, the cost is $2.00 per pound. Winston picked 6 pounds, so the cost is 6 * $2.00.' → 'Cost of peaches = 6 * $2.00 = $12.00'",False,584,3.66,
gsm8k,gsm8k_0036,qwen2.5:7b,knockout,320,True,320,False,"Removed step 4: Step 4 was removed. It said: 'In the third month, she collected twice the combined number of cards she collected in the first and second months.' → 'Cards collected in the third month = 2 * (60 + 40) = 2 * 100 = 200'",False,480,3.55,
gsm8k,gsm8k_0037,qwen2.5:7b,knockout,50,True,50,False,"Removed step 2: Step 2 was removed. It said: 'Next, we need to determine the number of votes candidate B received. Candidate B got 50% more than candidate A's votes. We calculate 50% of candidate A's votes and add it to candidate A's votes.' → 'Candidate B received 30 votes.'",False,361,2.76,
gsm8k,gsm8k_0038,qwen2.5:7b,knockout,50,True,gerald has $50 left,False,"Removed step 2: Step 2 was removed. It said: 'Next, we calculate the value of one part by dividing the total amount of money by the total number of parts. So, $100 / 5 = $20 per part.' → 'Each part is worth $20.'",False,378,2.45,
gsm8k,gsm8k_0039,qwen2.5:7b,knockout,84,True,84 grapes,False,"Removed step 2: Step 2 was removed. It said: 'Next, we calculate the total number of grapes used for the pies. Since each pie requires 12 grapes and there are 4 pies, we multiply the number of grapes per pie by the number of pies.' → 'Pies' grapes = 12 * 4 = 48 grapes'",False,589,6.93,
gsm8k,gsm8k_0040,qwen2.5:7b,knockout,50,True,50,False,"Removed step 3: Step 3 was removed. It said: 'The total savings for the first half of the month can be calculated as 15 days * x. For the second half, it will be 15 days * 2x. The sum of these should equal the monthly target of $1125.' → 'Total savings = 15x + 15(2x) = 1125.'",False,616,3.16,
gsm8k,gsm8k_0041,qwen2.5:7b,knockout,8000,True,h = 8000,False,"Removed step 3: Step 3 was removed. It said: 'Simplifying the equation, we get 11H = 88,000. To find H, we divide both sides by 11.' → 'H = 88,000 / 11.'",False,407,2.78,
gsm8k,gsm8k_0042,qwen2.5:7b,knockout,280,True,280,False,"Removed step 2: Step 2 was removed. It said: 'Next, we need to find out how many rows there are in total. The problem states that there are 7 rows for each of the 5 different schools.' → 'There are 7 rows per school and 5 schools, so the total number of rows is 7 * 5 = 35 rows.'",False,408,3.08,
gsm8k,gsm8k_0043,qwen2.5:7b,knockout,30,True,jeff is 30 years old,False,Removed step 2: Step 2 was removed. It said: 'Jeff is 10 years older than Martha. We already know Martha's age from the previous step.' → 'Jeff's age is 30 years.',False,271,2.19,
gsm8k,gsm8k_0044,qwen2.5:7b,knockout,96,False,176,True,Removed step 3: Step 3 was removed. It said: 'Divide the total number of cows by the number of stalls to find out how many cows are added to each stall.' → '240 cows / 20 stalls = 12 cows/stall',True,399,3.62,
gsm8k,gsm8k_0045,qwen2.5:7b,knockout,276,True,276,False,"Removed step 2: Step 2 was removed. It said: 'Next, we calculate the total number of wheels required for the motorcycles. Each motorcycle requires 2 wheels, and there are 73 motorcycles.' → 'Total wheels for motorcycles = 73 * 2 = 146 wheels'",False,521,5.87,
gsm8k,gsm8k_0046,qwen2.5:7b,knockout,32,True,32,False,Removed step 4: Step 4 was removed. It said: 'Calculate the number of clownfish caught by Locsin: 3 (Anakin's clownfish) + 2 = 5 clownfish.' → 'Locsin caught 5 clownfish.',False,653,2.92,
gsm8k,gsm8k_0047,qwen2.5:7b,knockout,25,True,25 pounds,False,"Removed step 4: Step 4 was removed. It said: 'Each box weighs 8 ounces, so we need to calculate the total weight of the boxes.' → '25 boxes * 8 ounces per box = 200 ounces'",False,540,2.91,
gsm8k,gsm8k_0048,qwen2.5:7b,knockout,10,True,10 pounds,False,"Removed step 3: Step 3 was removed. It said: 'Now, we add the 4 pounds to the original 8 pounds to find the new weight.' → 'The new weight is 8 pounds + 4 pounds = 12 pounds'",False,470,2.88,
gsm8k,gsm8k_0049,qwen2.5:7b,knockout,84,True,84,False,"Removed step 2: Step 2 was removed. It said: 'Determine the age of the older brother. We know that one brother is 12 years old, which is half the age of the older brother.' → 'Older brother's age = 12 * 2 = 24 years.'",False,364,2.35,
gsm8k,gsm8k_0050,qwen2.5:7b,knockout,147,True,147,False,"Removed step 3: Step 3 was removed. It said: 'Now, we add the daily consumption of both types of dogs to find the total daily consumption.' → 'Total daily consumption = 15 kg (German Shepherds) + 6 kg (Bulldogs) = 21 kg'",False,475,4.41,
gsm8k,gsm8k_0051,qwen2.5:7b,knockout,25,True,25,False,"Removed step 2: Step 2 was removed. It said: 'Next, we need to find out how many students like to play music. According to the problem, the number of students who like to play music is twice the number that prefer playing basketball. Since 5 students like to play basketball, the number of students who like to play music is 2 * 5 = 10.' → 'Number of students who like to play music = 10'",False,422,3.74,
gsm8k,gsm8k_0052,qwen2.5:7b,knockout,1800,True,1800,False,Removed step 2: Step 2 was removed. It said: 'Calculate the total number of books Bob can buy with $27000.' → 'Total books = 27000 / 500 * 100 = 5400 books',False,427,3.79,
gsm8k,gsm8k_0053,qwen2.5:7b,knockout,20,True,20,False,Removed step 3: Step 3 was removed. It said: 'Calculate the total work time by summing the time spent on each activity.' → 'Total work time = 240 minutes (writing) + 120 minutes (recording) + 90 minutes (editing) = 450 minutes',False,500,4.43,
gsm8k,gsm8k_0054,qwen2.5:7b,knockout,140,True,jordan would earn $140 in one week if he spent his video game time working instead,False,"Removed step 2: Step 2 was removed. It said: 'Next, we need to calculate how much money Jordan would earn if he spent his video game time working instead. We know he earns $10 per hour at his part-time job.' → 'To find out his earnings, we multiply the number of hours he would work (14) by his hourly wage ($10).'",False,377,3.84,
gsm8k,gsm8k_0055,qwen2.5:7b,knockout,36,True,36 seconds,False,Removed step 3: Step 3 was removed. It said: 'We can verify this by calculating 90% of Gerald's original time: 0.90 * 40 seconds = 36 seconds.' → 'Gerald's new time is 36 seconds.',False,461,3.21,
gsm8k,gsm8k_0056,qwen2.5:7b,knockout,100,False,100,False,Removed step 5: Step 5 was removed. It said: 'Apply the 10 percent discount to Kelly's total cost.' → 'Kelly's total cost after discount = 1000 cents - 100 cents = 900 cents',False,494,3.99,
gsm8k,gsm8k_0057,qwen2.5:7b,knockout,1,True,the total cost on ebay is $13 + $8 = $21. the difference in cost between ebay and amazon is $21 - $20 = $1. therefore the boots are $1 more expensive on ebay,True,"Removed step 3: Step 3 was removed. It said: 'Now, we calculate the total cost of the boots and shipping on eBay. The boots cost $13 and the shipping costs $8.' → 'Total cost on eBay = $13 + $8 = $21'",True,467,3.57,
gsm8k,gsm8k_0058,qwen2.5:7b,knockout,50,True,50,False,"Removed step 2: Step 2 was removed. It said: 'Calculate the value of the doll. Since the doll costs as much as 3 action figures and one action figure costs $5, the doll costs 3 * $5 = $15.' → 'The doll is worth $15.'",False,494,2.6,
gsm8k,gsm8k_0059,qwen2.5:7b,knockout,860,True,860,False,"Removed step 2: Step 2 was removed. It said: 'Next, we calculate the total kilometers for the last three weeks. He rode 2 times a week for 3 weeks, covering 60 kilometers each time.' → 'Total kilometers in the last three weeks = 2 times/week * 60 km/time * 3 weeks'",False,547,6.14,
gsm8k,gsm8k_0060,qwen2.5:7b,knockout,60,True,60,False,Removed step 3: Step 3 was removed. It said: 'Sum up the number of Junebugs removed each day to get the total number of Junebugs removed over the week.' → 'Total Junebugs = 39 + 78 + 78 + 48 + 57 = 300',False,489,2.74,
gsm8k,gsm8k_0061,qwen2.5:7b,knockout,23,True,13,True,"Removed step 4: Step 4 was removed. It said: 'Randy gave 2 sugar cookies to his friends.' → 'After giving cookies: 6 oatmeal, 3 chocolate chip, 2 sugar.'",True,494,3.75,
gsm8k,gsm8k_0062,qwen2.5:7b,knockout,350,True,the vendor saves $350 a week,False,"Removed step 2: Step 2 was removed. It said: 'Next, we calculate the total daily savings by multiplying the daily savings per tomato by the number of tomatoes sold per day.' → 'The total daily savings is $0.1 * 500 = $50.'",False,331,2.04,
gsm8k,gsm8k_0063,qwen2.5:7b,knockout,100,True,100,False,"Removed step 2: Step 2 was removed. It said: 'Next, we calculate the total cost of the offer from Cozy Homes. This includes the advance payment and the sum of the monthly installments.' → 'Total cost from Cozy Homes = $1,100 (advance) + 9 * $250 (installments)'",False,509,2.59,
gsm8k,gsm8k_0064,qwen2.5:7b,knockout,133,True,133,False,"Removed step 2: Step 2 was removed. It said: 'To find 5% of $140, we can use the formula: (5/100) * 140. This will give us the discount amount.' → 'Discount amount = (5/100) * 140 = 0.05 * 140 = $7'",False,320,2.54,
gsm8k,gsm8k_0065,qwen2.5:7b,knockout,112,True,112,False,Removed step 3: Step 3 was removed. It said: 'Hannah smashes a quarter of the students' cars' windows. We need to calculate a quarter of the total windows on the students' cars.' → 'Windows smashed on students' cars = 256 / 4 = 64 windows',False,575,4.75,
gsm8k,gsm8k_0066,qwen2.5:7b,knockout,13,True,13,False,"Removed step 2: Step 2 was removed. It said: 'Next, we need to find out how many letters are in half of Indras' name. Since Indras' name has 6 letters, half of that is 6 / 2 = 3 letters.' → 'Half of Indras' name has 3 letters.'",False,394,2.25,
gsm8k,gsm8k_0067,qwen2.5:7b,knockout,130,True,130,False,"Removed step 2: Step 2 was removed. It said: 'Next, Elise writes half of the alphabet once. Half of 26 is 13.' → 'Elise writes 13 more letters.'",False,364,1.89,
gsm8k,gsm8k_0068,qwen2.5:7b,knockout,2125,True,2125,False,"Removed step 3: Step 3 was removed. It said: 'Since Johnny is picking up all the legos, the total number of pieces calculated in step 2 is the final answer.' → 'Johnny picks up 2125 lego pieces.'",False,477,2.4,
gsm8k,gsm8k_0069,qwen2.5:7b,knockout,7,True,7,False,"Removed step 2: Step 2 was removed. It said: 'He drops half of them, which means he loses 10 / 2 = 5 marbles.' → 'Marbles after dropping = 5'",False,371,2.27,
gsm8k,gsm8k_0070,qwen2.5:7b,knockout,120,True,120,False,"Removed step 2: Step 2 was removed. It said: 'Next, we calculate the number of cars serviced in a week. Josh services 3 cars a day and is open 5 days a week.' → 'Josh services 3 cars/day * 5 days/week = 15 cars/week.'",False,381,2.28,
gsm8k,gsm8k_0071,qwen2.5:7b,knockout,8,True,8,False,"Removed step 4: Step 4 was removed. It said: 'Calculate the duration of the museum tour, which is half as long as the cooking class.' → 'Museum tour duration = 0.5 * 3 hours = 1.5 hours'",False,461,2.7,
gsm8k,gsm8k_0072,qwen2.5:7b,knockout,144,True,144,False,"Removed step 3: Step 3 was removed. It said: 'The area of the east and west walls is 5 feet * 8 feet = 40 square feet each. Since there are two such walls, the total area for the east and west walls is 40 * 2 = 80 square feet.' → 'The total area for the east and west walls is 80 square feet.'",False,616,3.45,
gsm8k,gsm8k_0073,qwen2.5:7b,knockout,6,True,6,False,"Removed step 2: Step 2 was removed. It said: 'Next, we need to determine how many people are sharing the guns. There are 4 people: DJ, Nick, Richard, and RJ.' → 'Number of people = 4'",False,367,2.39,
gsm8k,gsm8k_0074,qwen2.5:7b,knockout,450,True,450,False,Removed step 3: Step 3 was removed. It said: 'Calculate seven times the number of loaves Sam had: 7 * 70 = 490.' → 'Seven times the number of loaves Sam had is 490.',False,383,3.07,
gsm8k,gsm8k_0075,qwen2.5:7b,knockout,3600,False,3600,False,"Removed step 5: Step 5 was removed. It said: 'The cost for the series movies is $6 each, and the cost for the non-series, non-older movies is $10 each. We calculate the total cost for the series movies and the non-series, non-older movies.' → 'Series movies cost: 200 * $6 = $1200; Non-series, non-older movies cost: 240 * $10 = $2400'",False,529,2.74,
gsm8k,gsm8k_0076,qwen2.5:7b,knockout,450,True,450,False,Removed step 5: Step 5 was removed. It said: 'Calculate the commission for the additional $1500: 10% of $1500 = 0.10 * $1500 = $150.' → 'Commission for the additional $1500 = $150',False,659,5.44,
gsm8k,gsm8k_0077,qwen2.5:7b,knockout,64,True,64,False,"Removed step 2: Step 2 was removed. It said: 'Next, we need to find Aaron's running speed. Since Aaron completed his 2 miles in 16 minutes, his speed is 16 minutes per 2 miles, or 8 minutes per mile.' → 'Aaron's speed is 8 minutes per mile.'",False,522,5.55,
gsm8k,gsm8k_0078,qwen2.5:7b,knockout,27,True,27,False,"Removed step 2: Step 2 was removed. It said: 'Next, we need to find out how many scoops of mashed potatoes are made from one potato. The problem states that it takes 3 less than 6 potatoes to make 1 less than 3 scoops of mashed potatoes. This can be simplified to 3 potatoes for 2 scoops.' → 'It takes 3 potatoes to make 2 scoops of mashed potatoes.'",False,455,4.21,
gsm8k,gsm8k_0079,qwen2.5:7b,knockout,112,True,112,False,"Removed step 2: Step 2 was removed. It said: 'Next, we calculate the total number of crayons in the four packets that each contain 16 pieces.' → 'Total crayons in 4 packets = 4 * 16 = 64'",False,335,2.5,
gsm8k,gsm8k_0080,qwen2.5:7b,knockout,32,True,32,False,"Removed step 2: Step 2 was removed. It said: 'Now, we can calculate the total class hours by multiplying the number of times per week, the duration of each class, and the number of weeks.' → 'Total class hours = 48 hours'",False,508,5.39,
gsm8k,gsm8k_0081,qwen2.5:7b,knockout,6,True,the number of ducks in jamal's photograph is 300 / 50 = 6 ducks,True,Removed step 2: Step 2 was removed. It said: 'The maximum number of photographs Brittany's phone can hold is 50 times more than the number of birds in Jamal's photograph of ducks at the zoo. We can use this information to find the number of ducks in Jamal's photograph.' → 'The number of ducks in Jamal's photograph is 300 / 50 = 6.',True,376,3.49,
gsm8k,gsm8k_0082,qwen2.5:7b,knockout,4,True,4,False,"Removed step 2: Step 2 was removed. It said: 'Next, we need to find out how many pans of cupcakes Mary should bake. Each pan holds 12 cupcakes. To find the number of pans, we divide the total number of cupcakes by the number of cupcakes each pan can hold.' → 'Number of pans = 48 cupcakes / 12 cupcakes/pan = 4 pans'",False,338,2.73,
gsm8k,gsm8k_0083,qwen2.5:7b,knockout,79,True,79,False,"Removed step 6: Step 6 was removed. It said: 'Finally, we add the two distances to get the total distance biked.' → 'Total distance = 54 + 25'",False,446,2.32,
gsm8k,gsm8k_0084,qwen2.5:7b,knockout,35,True,35 cars,False,"Removed step 2: Step 2 was removed. It said: 'Next, we need to find out how many cars were left in the parking lot when Hunter got out for lunch. According to the problem, half of the cars had left the parking lot during the lunch break.' → 'Number of cars left after lunch = 70 / 2 = 35 cars'",False,398,2.35,
gsm8k,gsm8k_0085,qwen2.5:7b,knockout,100,True,100,False,"Removed step 2: Step 2 was removed. It said: 'Calculate the total weight loss over the 3 months. Since he lost 10 pounds each month, we multiply the monthly weight loss by the number of months.' → 'Total weight loss = 10 pounds/month * 3 months = 30 pounds'",False,352,2.42,
gsm8k,gsm8k_0086,qwen2.5:7b,knockout,40,True,40,False,"Removed step 3: Step 3 was removed. It said: 'According to the problem, Bobby has 5 fewer than 3 times as many video games as Brian. We need to calculate 3 times the number of video games Brian has now, and then subtract 5.' → '3 times 15 is 45, and subtracting 5 gives 40.'",False,400,3.44,
gsm8k,gsm8k_0087,qwen2.5:7b,knockout,30,True,30,False,Removed step 2: Step 2 was removed. It said: 'Prince Arthur slew 75 dragons. Prince Walter slew twice as many dragons as Prince Arthur.' → 'Prince Walter slew 150 dragons.',False,444,3.92,
gsm8k,gsm8k_0088,qwen2.5:7b,knockout,170,True,170,False,Removed step 5: Step 5 was removed. It said: 'Abraham sold the remaining 30 square meters for $3 per square meter. We calculate the total amount earned from this sale.' → 'The total amount earned from selling the remaining land is $90.',False,521,2.95,
gsm8k,gsm8k_0089,qwen2.5:7b,knockout,29,True,29,False,"Removed step 2: Step 2 was removed. It said: 'Calculate the current age of Steve's son. The son is half as old as his mother, so we divide his mother's age by 2.' → 'Steve's son is 32 years old.'",False,353,2.79,
gsm8k,gsm8k_0090,qwen2.5:7b,knockout,5,True,5,False,"Removed step 2: Step 2 was removed. It said: 'Next, we need to divide the 20 lollipops equally among his four friends.' → '20 / 4 = 5 lollipops per friend.'",False,289,2.24,
gsm8k,gsm8k_0091,qwen2.5:7b,knockout,12,True,12,False,"Removed step 2: Step 2 was removed. It said: 'Next, we need to establish the relationship between the number of small and large stuffed animals sold. According to the problem, Teresa sold twice as many small stuffed animals as large ones. Let's denote the number of large stuffed animals sold as L. Therefore, the number of small stuffed animals sold is 2L.' → 'The number of small stuffed animals sold is 2L.'",False,581,3.06,
gsm8k,gsm8k_0092,qwen2.5:7b,knockout,310,True,310,False,"Removed step 7: Step 7 was removed. It said: 'To find the additional students by the end of May, we subtract the initial number of students from the number of students at the end of May.' → 'Additional students = 320 - 10 = 310.'",False,603,3.9,
gsm8k,gsm8k_0093,qwen2.5:7b,knockout,230,True,230,False,"Removed step 2: Step 2 was removed. It said: 'Next, we need to calculate the cost of hiring the mechanic. The mechanic charges $50 per hour and it takes 3 hours to install the radiator.' → 'Cost of mechanic = 3 hours * $50/hour = $150'",False,405,2.81,
gsm8k,gsm8k_0094,qwen2.5:7b,knockout,650,True,650,False,"Removed step 2: Step 2 was removed. It said: 'Next, we need to determine the total number of letters Craig's brother has spelled out. The problem states that Craig's brother has spelled words with a total count of letters 50 more than Craig.' → 'Craig's brother has spelled out 350 letters.'",False,392,2.82,
gsm8k,gsm8k_0095,qwen2.5:7b,knockout,75,True,total earnings = 15 intervals * $5/interval = $75,False,Removed step 3: Step 3 was removed. It said: 'Susan earns $5 for every 10 minutes of work. We need to determine how many 10-minute intervals fit into her total working time of 150 minutes.' → 'Number of 10-minute intervals = 150 minutes / 10 minutes/interval = 15 intervals',False,458,3.18,
gsm8k,gsm8k_0096,qwen2.5:7b,knockout,7.0,True,7.00,False,"Removed step 5: Step 5 was removed. It said: 'After calculating the total cost, we subtract this amount from the $20 Verna gave to find the change she received.' → 'Change = $20 - Total cost'",False,575,2.45,
gsm8k,gsm8k_0097,qwen2.5:7b,knockout,1600,True,1600,False,Removed step 5: Step 5 was removed. It said: 'Calculate the total number of sticks Frederick can get from the 2x8 pieces.' → '4 pieces * 400 sticks per piece = 1600 sticks.',False,575,2.82,
gsm8k,gsm8k_0098,qwen2.5:7b,knockout,90,True,90,False,Removed step 5: Step 5 was removed. It said: 'Calculate the value of J.' → 'J = 90',False,517,3.05,
gsm8k,gsm8k_0099,qwen2.5:7b,knockout,18,True,18,False,"Removed step 2: Step 2 was removed. It said: 'Next, we calculate the total vlogs made in the first three weeks by adding the vlogs from each week.' → 'Total vlogs = 18 + 21 + 15 = 54'",False,411,2.81,
gsm8k,gsm8k_0100,qwen2.5:7b,knockout,2400,True,2400,False,"Removed step 4: Step 4 was removed. It said: 'Now, we calculate the total cost for the cognac bottles. We multiply the number of bottles by the cost per bottle.' → 'Total cost for cognac = 20 * $90 = $1800'",False,491,3.36,
gsm8k,gsm8k_0101,qwen2.5:7b,knockout,7000,True,7000,False,"Removed step 3: Step 3 was removed. It said: 'Isaias needs to make a profit of $2000. Therefore, we can calculate the total cost of the chickens he bought by subtracting the profit from the total revenue.' → 'Total cost = Total revenue - Profit = $9000 - $2000 = $7000'",False,536,3.26,
gsm8k,gsm8k_0102,qwen2.5:7b,knockout,320,True,320,False,"Removed step 5: Step 5 was removed. It said: 'To find the total number of people that entered the restaurant on that day, we sum the number of people from each time interval.' → 'Total number of people = 50 (morning) + 40 (10:00) + 80 (after 10:00) + 150 (evening)'",False,629,2.46,
gsm8k,gsm8k_0103,qwen2.5:7b,knockout,15,True,paul should buy 63 - 48 = 15 more cupcakes,False,"Removed step 2: Step 2 was removed. It said: 'Next, we need to find out how many more cupcakes Paul needs to buy. He needs a total of 63 cupcakes for the party.' → 'Paul needs 63 - 48 = 15 more cupcakes.'",False,301,2.99,
gsm8k,gsm8k_0104,qwen2.5:7b,knockout,28,True,28,False,"Removed step 3: Step 3 was removed. It said: 'After a few minutes, 20 more birds joined the remaining birds in the backyard.' → 'The total number of birds in the backyard is now 28.'",False,391,2.89,
gsm8k,gsm8k_0105,qwen2.5:7b,knockout,68,True,68,False,"Removed step 2: Step 2 was removed. It said: 'Next, we need to find out the remaining length that is filled by sterling silver beads. The total length of the necklace is 25 inches, and the topaz gemstones occupy 8 inches, so the remaining length is 25 - 8 = 17 inches.' → 'The remaining length filled by sterling silver beads is 17 inches.'",False,454,3.33,
gsm8k,gsm8k_0106,qwen2.5:7b,knockout,130000,True,130000,False,"Removed step 2: Step 2 was removed. It said: 'Next, we need to find out the total population in these cities. We know that each city has 1000 people living in it.' → 'The total population is 130 * 1000 = 130,000 people.'",False,324,3.13,
gsm8k,gsm8k_0107,qwen2.5:7b,knockout,5,True,5,False,"Removed step 3: Step 3 was removed. It said: 'Now, we need to find out how many laps Shaelyn can run. Shaelyn can run half as many laps as Trey, so we divide Trey's laps by 2.' → 'Shaelyn can run 7 laps in one hour.'",False,494,4.3,
gsm8k,gsm8k_0108,qwen2.5:7b,knockout,5,True,5,False,Removed step 3: Step 3 was removed. It said: 'Calculate the total straw used for the rabbits. There are 20 pieces of straw distributed among the rabbits.' → '20 pieces of straw used for rabbits.',False,794,8.26,
gsm8k,gsm8k_0109,qwen2.5:7b,knockout,3,True,3,False,"Removed step 3: Step 3 was removed. It said: 'Now that we know both Harry's and James's sleep durations, we can find the difference between the two to determine how many more hours Harry slept than James.' → 'Harry slept 9 hours - 6 hours = 3 hours more than James'",False,355,2.9,
gsm8k,gsm8k_0110,qwen2.5:7b,knockout,180,True,180,False,"Removed step 2: Step 2 was removed. It said: 'Next, we calculate the cost for Benji renting the banana boat raft. The cost is $18 per hour and he uses it for 5 hours.' → 'Benji's cost = 18 * 5 = $90'",False,420,4.22,
gsm8k,gsm8k_0111,qwen2.5:7b,knockout,120000,True,120000,False,"Removed step 4: Step 4 was removed. It said: 'The population of Chile six years ago was 3000 times Noah's age at that time. Noah was 20 years old six years ago, so the population was 3000 * 20 = 60000.' → 'The population of Chile six years ago was 60000.'",False,478,2.93,
gsm8k,gsm8k_0112,qwen2.5:7b,knockout,1218,True,1218,False,"Removed step 2: Step 2 was removed. It said: 'Now, we calculate the sum of the meals distributed on each day to find the total number of meals given out so far.' → 'Total meals distributed = 64 + 30 + 48 = 142'",False,451,3.13,
gsm8k,gsm8k_0113,qwen2.5:7b,knockout,31,True,oscar has 31 lollipops,False,Removed step 5: Step 5 was removed. It said: 'Add the lollipops Oscar buys to the remaining amount.' → 'Oscar now has 36 lollipops (8 + 28).',False,532,3.1,
gsm8k,gsm8k_0114,qwen2.5:7b,knockout,10,True,20 tablespoons,True,"Removed step 2: Step 2 was removed. It said: 'Next, we need to calculate the amount of secret seasoning required. Since Aiden uses 2 tablespoons of secret seasoning for every pound of ground beef, we can find the total amount of secret seasoning by multiplying the number of pounds of ground beef by the amount of secret seasoning per pound.' → 'Aiden will need 10 tablespoons of secret seasoning for 5 pounds of ground beef.'",True,369,2.77,
gsm8k,gsm8k_0115,qwen2.5:7b,knockout,30,True,30,False,"Removed step 3: Step 3 was removed. It said: 'Then, we need to determine how many elves quit after kids kick their shins. We are told that 10 of the remaining elves quit.' → '10 elves quit after kids kick their shins.'",False,468,4.58,
gsm8k,gsm8k_0116,qwen2.5:7b,knockout,100,True,john is missing $100,False,"Removed step 2: Step 2 was removed. It said: 'Next, we calculate the amount John needs to raise. Since the school will cover half, John needs to raise the other half of the cost.' → 'John needs to raise $150 (half of $300).'",False,420,3.41,
gsm8k,gsm8k_0117,qwen2.5:7b,knockout,17,True,17,False,"Removed step 2: Step 2 was removed. It said: 'Since the two unspecified pizzas cost the same amount, we can divide the total cost of these two pizzas by 2 to find the cost of each.' → 'Each of the other two pizzas costs $34 / 2 = $17.'",False,304,2.39,
gsm8k,gsm8k_0118,qwen2.5:7b,knockout,32,True,32,False,"Removed step 2: Step 2 was removed. It said: 'Combine like terms in the equation from step 1: x + 4x = 5x. Therefore, 5x = 40.' → '5x = 40'",False,412,2.62,
gsm8k,gsm8k_0119,qwen2.5:7b,knockout,38,False,38,False,"Removed step 3: Step 3 was removed. It said: 'Now, we perform the calculation: (80 / 100) * 48 = 0.8 * 48.' → 'The actual number of people is 38.4.'",False,437,2.05,
gsm8k,gsm8k_0120,qwen2.5:7b,knockout,2.0,True,the cost for 40 bananas is 40 bananas * $0.80/banana = $32.00. therefore jenny saved $2.00 by buying the bananas in bunches instead of individually,True,"Removed step 2: Step 2 was removed. It said: 'Next, we calculate the cost if Jenny bought the bananas individually. Each banana costs $0.80.' → 'The cost for 40 bananas at $0.80 each is 40 bananas * $0.80/banana = $32.00.'",True,490,4.4,
gsm8k,gsm8k_0121,qwen2.5:7b,knockout,90000,True,90000,False,"Removed step 2: Step 2 was removed. It said: 'The total cost of the house and lot is the sum of their individual costs. Therefore, we can write the equation: H + L = 120,000. Substituting H = 3L into this equation gives us: 3L + L = 120,000.' → '3L + L = 120,000'",False,502,3.12,
gsm8k,gsm8k_0122,qwen2.5:7b,knockout,50,True,50,False,"Removed step 4: Step 4 was removed. It said: 'Now, we need to find the time it takes to walk 1 mile on the sidewalk. Using the speed of 0.1 miles per minute, the time is 1 mile / 0.1 miles per minute = 10 minutes.' → 'It takes 10 minutes to walk 1 mile on the sidewalk.'",False,552,2.84,
gsm8k,gsm8k_0123,qwen2.5:7b,knockout,8,True,8,False,"Removed step 2: Step 2 was removed. It said: 'Next, we need to calculate the total amount the candle melts. Since the candle melts 2 centimeters every hour, we multiply the number of hours by the rate of melting.' → 'The candle melts 8 centimeters in total.'",False,347,2.85,
gsm8k,gsm8k_0124,qwen2.5:7b,knockout,14,False,14,False,"Removed step 3: Step 3 was removed. It said: 'Now, we need to determine the total number of tomatoes Steve eats per week. Since Steve eats 6 tomatoes per day, he eats 6 * 7 = 42 tomatoes per week.' → 'Steve eats 42 tomatoes per week.'",False,519,4.15,
gsm8k,gsm8k_0125,qwen2.5:7b,knockout,2,True,2,False,"Removed step 2: Step 2 was removed. It said: 'Next, we calculate the time it takes to slide down the second biggest waterslide. This slide is 240 feet long and people slide down at 80 feet per minute.' → 'Time for the second biggest slide = 240 feet / 80 feet/minute = 3 minutes'",False,524,6.05,
gsm8k,gsm8k_0126,qwen2.5:7b,knockout,180,True,the total cost for the restaurant per week is $180,False,"Removed step 4: Step 4 was removed. It said: 'Since the restaurant is open 2 days a week, we need to multiply the daily cost by 2 to find the weekly cost.' → 'Total weekly cost = 2 * $90 = $180'",False,392,2.43,
gsm8k,gsm8k_0127,qwen2.5:7b,knockout,99,False,games in the second year = 5 (birthday) + 5 (christmas) + 24 (monthly purchases) = 34 games. total games = 17 (first year) + 34 (second year) + 53 (third year) = 104 games,True,"Removed step 2: Step 2 was removed. It said: 'Next, we calculate the number of games Steve gets in the second year. He receives 5 games for Christmas and buys 2 games per month for 12 months.' → 'Games in the second year = 5 (Christmas) + 24 (monthly purchases) = 29 games'",True,556,4.61,
gsm8k,gsm8k_0128,qwen2.5:7b,knockout,25,True,25,False,"Removed step 2: Step 2 was removed. It said: 'Next, we need to find out how many plants are left after accounting for the indoor plants. We subtract the number of indoor plants from the total number of plants.' → '75 plants remaining (100 - 25)'",False,475,3.42,
gsm8k,gsm8k_0129,qwen2.5:7b,knockout,75,True,75 milliliters,False,"Removed step 2: Step 2 was removed. It said: 'Next, we calculate the weakening effect of the ice cubes. Each ice cube makes the coffee 12 milliliters weaker.' → 'Weakening effect from ice cubes = 5 * 12 = 60 milliliters'",False,415,2.28,
gsm8k,gsm8k_0130,qwen2.5:7b,knockout,60,True,60,False,"Removed step 2: Step 2 was removed. It said: 'Next, we calculate the distance traveled by the car. The car travels at 30 miles per hour for 8 hours.' → 'Distance traveled by the car = 30 * 8 = 240 miles'",False,426,4.61,
gsm8k,gsm8k_0131,qwen2.5:7b,knockout,260,True,260,False,"Removed step 2: Step 2 was removed. It said: 'Charleston has 4 times as many sheep as Seattle. Therefore, we calculate the number of sheep in Charleston by multiplying the number of sheep in Seattle by 4.' → 'Charleston has 80 sheep.'",False,363,2.75,
gsm8k,gsm8k_0132,qwen2.5:7b,knockout,30,False,30,False,"Removed step 3: Step 3 was removed. It said: 'Since the wife wants to split the bill evenly, we divide the total bill by 2 to find out how much each person should pay.' → 'Each person's share = $60 / 2 = $30'",False,358,2.53,
gsm8k,gsm8k_0133,qwen2.5:7b,knockout,30,True,30,False,"Removed step 2: Step 2 was removed. It said: 'Next, we need to find out how many eggs were left after the Smith twins found their share. We subtract the number of eggs found by the twins from the total number of eggs.' → 'There were 40 eggs left after the Smith twins found their share (100 - 60 = 40).'",False,376,2.99,
gsm8k,gsm8k_0134,qwen2.5:7b,knockout,12,False,12,False,"Removed step 2: Step 2 was removed. It said: 'To find the total number of kids in the park, we need to add the number of girls and boys together.' → 'Total number of kids = Number of girls + Number of boys = 6 + 6 = 12.'",False,265,2.31,
gsm8k,gsm8k_0135,qwen2.5:7b,knockout,160,True,160,False,"Removed step 2: Step 2 was removed. It said: 'Next, we calculate the area of one fabric piece. The area of a rectangle is given by the formula: Area = length × width.' → 'The area of one fabric piece is 8 feet × 10 feet = 80 square feet.'",False,414,2.66,
gsm8k,gsm8k_0136,qwen2.5:7b,knockout,15,True,15,False,"Removed step 2: Step 2 was removed. It said: 'Next, we need to determine the number of dahlias. The problem states there are 7 more dahlias than roses. Since there are 4 roses, we add 7 to find the number of dahlias.' → 'There are 4 + 7 = 11 dahlias in the vase.'",False,296,2.09,
gsm8k,gsm8k_0137,qwen2.5:7b,knockout,7,True,7,False,"Removed step 2: Step 2 was removed. It said: 'Next, we need to calculate how much more time Anna took compared to half of Steve's time. The problem states that Anna took 2 hours more than half of Steve's time.' → 'Anna took 5 + 2 = 7 hours to complete the puzzle.'",False,322,2.71,
gsm8k,gsm8k_0138,qwen2.5:7b,knockout,116227146.38,False,116227146.38,False,"Removed step 3: Step 3 was removed. It said: 'For the remaining 45 months, the cost per month increases by 50% each month. We need to calculate the cost for each of these months and sum them up.' → 'Cost for the remaining 45 months = $100,000 * (1.5^45)'",False,649,5.65,
gsm8k,gsm8k_0139,qwen2.5:7b,knockout,30,True,30,False,"Removed step 2: Step 2 was removed. It said: 'The problem states that the second basket has twice as many eggs as the first basket. Therefore, we need to calculate twice the number of eggs in the first basket.' → 'The second basket contains 2 * 10 = 20 eggs.'",False,333,2.84,
gsm8k,gsm8k_0140,qwen2.5:7b,knockout,490,True,590,True,"Removed step 2: Step 2 was removed. It said: 'Next, we need to calculate the total number of fruits. This is done by adding the number of bananas and the number of pears together.' → 'The total number of fruits is 490.'",True,297,2.22,
gsm8k,gsm8k_0141,qwen2.5:7b,knockout,19,False,27,True,Removed step 3: Step 3 was removed. It said: 'Calculate the discount from the coupon.' → 'The coupon discount is $16.',True,494,6.08,
gsm8k,gsm8k_0142,qwen2.5:7b,knockout,24,True,24,False,"Removed step 2: Step 2 was removed. It said: 'We know that Ben is two times older than Chris. Therefore, we can calculate Ben's age by multiplying Chris's age by 2.' → 'Ben's age is 4 * 2 = 8.'",False,308,2.15,
gsm8k,gsm8k_0143,qwen2.5:7b,knockout,131250,True,131250,False,"Removed step 3: Step 3 was removed. It said: 'Now, we calculate the earnings from each type of bike. The price of a MTB is $500, a BMX is half the price of an MTB, and a Trekking bike is $450.' → 'Price of a BMX bike = $500 / 2 = $250.'",False,686,2.93,
gsm8k,gsm8k_0144,qwen2.5:7b,knockout,3,True,3,False,"Removed step 3: Step 3 was removed. It said: 'Next, we need to calculate the total amount of fiber required for the robe. This is the sum of the blue and white fiber.' → 'The total amount of fiber is 2 (blue) + 1 (white) = 3 bolts.'",False,329,2.15,
gsm8k,gsm8k_0145,qwen2.5:7b,knockout,120,False,120,False,Removed step 3: Step 3 was removed. It said: 'The salon offers a 20% discount on both services if you get both. We need to calculate the discount amount.' → 'Discount amount: 20% of $75 = 0.20 * $75 = $15',False,482,2.13,
gsm8k,gsm8k_0146,qwen2.5:7b,knockout,193,True,193,False,"Removed step 2: Step 2 was removed. It said: 'The total number of newspapers delivered is the sum of the newspapers delivered to each district. Therefore, we can set up the equation: 198 (District A) + x (District B) + 209 (District C) = 600 (Total).' → '198 + x + 209 = 600'",False,447,2.85,
gsm8k,gsm8k_0147,qwen2.5:7b,knockout,1,True,1,False,"Removed step 3: Step 3 was removed. It said: 'Now, we add the time spent on inpatient rounds and appointments to find the total time spent on these activities.' → 'Total time spent on inpatient rounds and appointments = 180 minutes + 300 minutes = 480 minutes'",False,559,4.95,
gsm8k,gsm8k_0148,qwen2.5:7b,knockout,18,True,dana can travel a total of 18 miles in six hours,False,"Removed step 3: Step 3 was removed. It said: 'Next, we need to determine how much time Dana spends running and walking. She spends one-third of the 6 hours running and two-thirds walking.' → 'Dana spends 2 hours running and 4 hours walking.'",False,522,4.09,
gsm8k,gsm8k_0149,qwen2.5:7b,knockout,21,True,21,False,Removed step 2: Step 2 was removed. It said: 'Subtract the number of harvested watermelons from the total to find the remaining watermelons.' → '84 baby watermelons remained after the first harvest.',False,503,5.68,
gsm8k,gsm8k_0150,qwen2.5:7b,knockout,8,True,13,True,Removed step 3: Step 3 was removed. It said: 'Mara ate 2 slices of cake.' → '13 slices of cake on the plate.',True,318,1.63,
gsm8k,gsm8k_0151,qwen2.5:7b,knockout,-50000,False,-$50000,True,"Removed step 4: Step 4 was removed. It said: 'Next, we calculate the total profit by subtracting the total cost from the total revenue.' → 'Total profit = Total revenue - Total cost to the company = $250,000 - $750,000 = -$500,000'",True,565,2.8,
gsm8k,gsm8k_0152,qwen2.5:7b,knockout,4,True,4 days,True,"Removed step 2: Step 2 was removed. It said: 'Next, we need to find out how many days it will take for the child to save the remaining $8 if he saves $2 each day.' → 'The number of days required is $8 / $2 = 4 days.'",True,311,2.63,
gsm8k,gsm8k_0153,qwen2.5:7b,knockout,4,True,4,False,"Removed step 3: Step 3 was removed. It said: 'To find out how many vehicles were added on the second day, we subtract the initial number of vehicles from the total number of vehicles after the second day.' → 'The number of vehicles added on the second day is 30 vehicles - 10 vehicles = 20 vehicles.'",False,477,3.9,
gsm8k,gsm8k_0154,qwen2.5:7b,knockout,25,True,25,False,"Removed step 5: Step 5 was removed. It said: 'Finally, we calculate the cost per razor by dividing the total cost after discounts by the total number of razors.' → 'Cost per razor = $2.00 / 8 = $0.25'",False,511,2.21,
gsm8k,gsm8k_0155,qwen2.5:7b,knockout,15,True,15,False,Removed step 4: Step 4 was removed. It said: 'Substitute the expressions for total revenue and total cost into the profit equation: 10g - 5g = $25. Simplify the equation to find the number of gallons made.' → '5g = $25',False,598,2.69,
gsm8k,gsm8k_0156,qwen2.5:7b,knockout,12,True,12,False,"Removed step 2: Step 2 was removed. It said: 'Next, we calculate the total amount of money Adam received from his parents. We add the amount given by his mother and his father.' → 'Total from parents = $6 + $12 = $18.'",False,353,2.65,
gsm8k,gsm8k_0157,qwen2.5:7b,knockout,400,True,400,False,"Removed step 2: Step 2 was removed. It said: 'The total number of bees is the sum of queens, baby bees, and worker bees. Therefore, we can write the equation: Q + 2Q + 4Q = 700.' → 'The equation for the total number of bees is Q + 2Q + 4Q = 700.'",False,438,3.14,
gsm8k,gsm8k_0158,qwen2.5:7b,knockout,72,True,72,False,Removed step 3: Step 3 was removed. It said: 'The third child is 5 inches shorter than the second child. We subtract 5 inches from the height of the second child.' → 'The third child is 74 inches - 5 inches = 69 inches tall.',False,485,4.34,
gsm8k,gsm8k_0159,qwen2.5:7b,knockout,5600,True,5600,False,Removed step 2: Step 2 was removed. It said: 'Each 10-foot section weighs 400 pounds. We can calculate the total weight of the redwood before the termites ate any of it.' → 'The total weight of the redwood before termite damage is 8000 pounds.',False,405,3.04,
gsm8k,gsm8k_0160,qwen2.5:7b,knockout,270,True,270,False,"Removed step 2: Step 2 was removed. It said: 'Next, we need to add the 20 marbles she received from her friend to the initial total.' → 'Maddison now has 270 marbles.'",False,282,2.4,
gsm8k,gsm8k_0161,qwen2.5:7b,knockout,79,True,79,False,"Removed step 3: Step 3 was removed. It said: 'India has 4 more than half the number of states in the USA. So, we add 4 to 25.' → 'India has 29 states.'",False,339,2.39,
gsm8k,gsm8k_0162,qwen2.5:7b,knockout,90,True,90,False,"Removed step 2: Step 2 was removed. It said: 'Next, we need to determine the total number of M&M in the 30 ounces. Since 1 ounce contains 30 M&M, we multiply the total weight by the number of M&M per ounce.' → 'Total number of M&M = 30 ounces * 30 M&M/ounce = 900 M&M'",False,445,4.52,
gsm8k,gsm8k_0163,qwen2.5:7b,knockout,60,True,60,False,Removed step 5: Step 5 was removed. It said: 'Dividing both sides by 3: x = 70.' → 'x = 70.',False,514,3.09,
gsm8k,gsm8k_0164,qwen2.5:7b,knockout,120000,False,120000,False,"Removed step 3: Step 3 was removed. It said: 'Since one spring creates 1 jellyfish per second, we can multiply the number of seconds by the number of springs to find the total number of jellyfish created.' → 'One spring creates 24,000 jellyfish in 4 hours.'",False,430,2.72,
gsm8k,gsm8k_0165,qwen2.5:7b,knockout,20,True,20,False,"Removed step 3: Step 3 was removed. It said: 'We are told that 3/5 of the remaining hats are blue. To find the number of blue hats, we multiply the number of remaining hats by 3/5.' → 'There are 30 blue hats.'",False,466,4.72,
gsm8k,gsm8k_0166,qwen2.5:7b,knockout,28,True,28,False,Removed step 3: Step 3 was removed. It said: 'Simplify the equation to find the value of F. Combine like terms: 3F + 1 = 85.' → '3F + 1 = 85.',False,563,5.51,
gsm8k,gsm8k_0167,qwen2.5:7b,knockout,6,True,6 pints,True,"Removed step 2: Step 2 was removed. It said: 'Next, we need to find out how much gas Josey needs. Josey needs 1/4 of a container to run her lawnmower. Since each container holds 3 gallons, we calculate 1/4 of 3 gallons.' → 'Josey needs 0.75 gallons of gas to run her lawnmower.'",True,356,2.71,
gsm8k,gsm8k_0168,qwen2.5:7b,knockout,1080,False,1080,False,"Removed step 2: Step 2 was removed. It said: 'Next, we calculate the total cost of the fireworks before the discount. This is the sum of the first pack, the second pack, and the finale firework.' → 'The total cost before discount is $400 + $800 + $150 = $1350.'",False,446,3.47,
gsm8k,gsm8k_0169,qwen2.5:7b,knockout,12.0,True,12.0,False,"Removed step 3: Step 3 was removed. It said: 'Now that we know the cost of one apple and one orange, we can find the total cost for 5 apples and 5 oranges by multiplying the cost of one apple by 5 and the cost of one orange by 5, then adding the two results.' → 'Total cost = (5 * $1.30) + (5 * $1.10)'",False,409,2.94,
gsm8k,gsm8k_0170,qwen2.5:7b,knockout,14,True,14,False,"Removed step 2: Step 2 was removed. It said: 'Next, we calculate the total cost of the tomatoes Jack bought. Jack buys 5 tomatoes at $1 each.' → 'Jack's total cost for tomatoes is $5.'",False,410,2.31,
gsm8k,gsm8k_0171,qwen2.5:7b,knockout,1,True,1,False,"Removed step 2: Step 2 was removed. It said: 'Next, we need to find out how many notebooks Joseph had. The problem states that Joseph had 3 times as many notebooks as Martha originally had. Since Martha originally had 2 notebooks, we can multiply this by 3 to find Joseph's total.' → 'Joseph had 6 notebooks.'",False,347,2.12,
gsm8k,gsm8k_0172,qwen2.5:7b,knockout,2,True,2 days,True,"Removed step 2: Step 2 was removed. It said: 'Next, we need to find out how many days 720 grams of cat food will last based on the daily consumption calculated in step 1.' → 'Number of days = Total amount of cat food / Daily consumption = 720 grams / 360 grams/day = 2 days'",True,332,2.92,
gsm8k,gsm8k_0173,qwen2.5:7b,knockout,12,True,12,False,"Removed step 3: Step 3 was removed. It said: 'Since the problem asks for the least number of berries he can pick up per trip, and we have already calculated that he needs to pick up 12 berries per trip to meet his goal, we need to check if 12 berries per trip is the minimum.' → '12 berries per trip is the minimum number of berries he can pick up per trip to meet his goal of 24 berries in 8 hours.'",False,507,3.24,
gsm8k,gsm8k_0174,qwen2.5:7b,knockout,32,True,32,False,"Removed step 2: Step 2 was removed. It said: 'Next, we need to determine how the cost is split. Isabelle splits the cost evenly with her two parents, making it three people in total.' → 'The cost is split among 3 people.'",False,440,4.13,
gsm8k,gsm8k_0175,qwen2.5:7b,knockout,2,True,2.0,False,"Removed step 2: Step 2 was removed. It said: 'Each bus trip costs $2.20. Therefore, the cost of one day's bus trips is 2 * $2.20.' → 'The cost of one day's bus trips is $4.40.'",False,434,2.03,
gsm8k,gsm8k_0176,qwen2.5:7b,knockout,84,True,84 cents,False,"Removed step 3: Step 3 was removed. It said: 'Calculate the weekly earnings from plastic bottles. Grayson recycles 5 bottles per week, and each bottle is worth 3 cents.' → 'Earnings from bottles per week = 5 bottles * 3 cents/bottle = 15 cents.'",False,431,2.82,
gsm8k,gsm8k_0177,qwen2.5:7b,knockout,940,True,940,False,"Removed step 2: Step 2 was removed. It said: 'Now, we calculate the expenditure in June by subtracting $60 from the May expenditure.' → 'Expenditure in June = $440'",False,388,2.53,
gsm8k,gsm8k_0178,qwen2.5:7b,knockout,32.0,True,the total cost for the apples is $6.0. therefore the total price of the crate is $32.0,False,"Removed step 4: Step 4 was removed. It said: 'Next, we calculate the total cost for the apples in the crate. There are 12 apples in the crate, and each apple costs $0.5.' → 'The total cost for the apples is $6.0.'",False,534,3.17,
gsm8k,gsm8k_0179,qwen2.5:7b,knockout,48,True,48,False,"Removed step 2: Step 2 was removed. It said: 'Calculate the total calories in the 300g bag. Since each of the 5 servings has 250 calories, the total calories in the bag is 5 servings * 250 calories/serving.' → 'Total calories in 300g bag = 5 * 250 = 1250 calories'",False,566,2.78,
gsm8k,gsm8k_0180,qwen2.5:7b,knockout,168,True,168,False,"Removed step 2: Step 2 was removed. It said: 'Next, we need to determine how many shells were left after team Alphas found their shells. We subtract the number of shells found by team Alphas from the total number of shells.' → 'There were 420 shells remaining after team Alphas found their shells.'",False,450,2.98,
gsm8k,gsm8k_0181,qwen2.5:7b,knockout,7,True,7,False,"Removed step 2: Step 2 was removed. It said: 'Next, we need to find out how much more money Jane needs to save to reach her goal of $60. We can do this by subtracting her current savings from her goal.' → 'Amount needed = $60 - $32 = $28'",False,465,3.81,
gsm8k,gsm8k_0182,qwen2.5:7b,knockout,80,True,80,False,"Removed step 2: Step 2 was removed. It said: 'Next, we need to determine how many pencils were used after two months. We know that 1/5 of the total pencils were used.' → 'Pencils used after two months = 1/5 * 300 pencils = 60 pencils'",False,575,6.78,
gsm8k,gsm8k_0183,qwen2.5:7b,knockout,4,True,4,False,"Removed step 2: Step 2 was removed. It said: 'We know the miles needed for the first three dogs: 1 mile, 4 miles, and 3 miles. We can sum these to find the total miles for these three dogs.' → 'Total miles for the first three dogs = 1 + 4 + 3 = 8 miles'",False,417,3.68,
gsm8k,gsm8k_0184,qwen2.5:7b,knockout,60,True,60,False,"Removed step 3: Step 3 was removed. It said: 'Now, we calculate the number of students who enrolled in jazz dance, which is 25% of the remaining 16 students.' → '4 students enrolled in jazz dance.'",False,436,2.26,
gsm8k,gsm8k_0185,qwen2.5:7b,knockout,4000,True,16000,True,"Removed step 2: Step 2 was removed. It said: 'Next, we calculate the total number of pineapples harvested from one hectare in one year. Since John can harvest every 3 months, there are 4 harvest cycles in a year.' → 'Each hectare yields 100 * 4 = 400 pineapples per year.'",True,408,4.4,
gsm8k,gsm8k_0186,qwen2.5:7b,knockout,67,True,67,False,"Removed step 2: Step 2 was removed. It said: 'Next, we need to find Jackie's current height. We know that Jackie is 2 inches shorter than Anne.' → 'Jackie's current height is 70 inches.'",False,430,4.38,
gsm8k,gsm8k_0187,qwen2.5:7b,knockout,240,True,240,False,"Removed step 2: Step 2 was removed. It said: 'Next, we need to calculate the number of sheets used in a month. Assuming a month is approximately 4 weeks, we can multiply the weekly usage by 4.' → 'Miguel uses 60 * 4 = 240 sheets of paper per month.'",False,307,2.71,
gsm8k,gsm8k_0188,qwen2.5:7b,knockout,70,False,70,False,Removed step 4: Step 4 was removed. It said: 'Add the 30 pairs of shoes he gains on Friday.' → '220 + 30 = 250 pairs',False,410,3.21,
gsm8k,gsm8k_0189,qwen2.5:7b,knockout,105,True,105,False,"Removed step 3: Step 3 was removed. It said: 'Now, we need to calculate the total number of questions in both tests. The first test had 75 questions, and the second test had 100 questions.' → 'Total questions in both tests = 75 + 100 = 175 questions'",False,572,5.14,
gsm8k,gsm8k_0190,qwen2.5:7b,knockout,300,True,300,False,"Removed step 2: Step 2 was removed. It said: 'Using the formula for miles per gallon: mpg = distance / gallons used. Plugging in the values, we get: mpg = 100 miles / 4 gallons.' → 'The car's fuel efficiency is 25 miles per gallon.'",False,456,2.5,
gsm8k,gsm8k_0192,qwen2.5:7b,knockout,110,True,110,False,"Removed step 2: Step 2 was removed. It said: 'At the second stop, 50 people descend, and twice that number board the train. This means 100 people board the train.' → 'Total people on the train after the second stop: 140 - 50 + 100 = 190'",False,388,3.15,
gsm8k,gsm8k_0193,qwen2.5:7b,knockout,4,True,4 bags,True,"Removed step 2: Step 2 was removed. It said: 'Next, we calculate the total amount of oats consumed by all four horses in one day. Since each horse eats 10 pounds per day, we multiply 10 pounds by 4 horses.' → 'All four horses eat 40 pounds of oats per day.'",True,434,2.67,
gsm8k,gsm8k_0194,qwen2.5:7b,knockout,26,False,26,False,"Removed step 3: Step 3 was removed. It said: 'Now, we need to determine how much money Peter has left after buying the wooden action figures. He initially had $70 and spent $10 * 3 = $30 on wooden action figures. Therefore, he has $70 - $30 = $40 left.' → 'Peter has $40 left after buying the wooden action figures.'",False,590,3.96,
gsm8k,gsm8k_0195,qwen2.5:7b,knockout,2,True,2,False,"Removed step 4: Step 4 was removed. It said: 'Now, we add the durations of all three wolves' howls to find the total duration in seconds.' → 'Total howl duration = 20 seconds + 40 seconds + 60 seconds = 120 seconds'",False,565,4.73,
gsm8k,gsm8k_0196,qwen2.5:7b,knockout,2,True,2,False,"Removed step 3: Step 3 was removed. It said: 'Now, we need to find the cost of the beef stock. He needs 2 boxes, and each box is on sale for $2.00.' → 'Cost of beef stock = 2 * $2.00 = $4.00'",False,459,2.3,
gsm8k,gsm8k_0197,qwen2.5:7b,knockout,762,True,762,False,"Removed step 2: Step 2 was removed. It said: 'The second bag has 12 more M&Ms than the first bag. Therefore, we add 12 to the number of M&Ms in the first bag.' → 'Second bag: 300 + 12 = 312 M&Ms'",False,505,5.1,
gsm8k,gsm8k_0198,qwen2.5:7b,knockout,2,True,ronnie is left with $2,True,"Removed step 2: Step 2 was removed. It said: 'Next, we need to find out how much money Rissa gave to her little sister. Since Rissa is left with 4/5 of her money, she gave away 1/5 of her money. Therefore, the amount given to her sister is 1/5 * $15 = $3.' → 'Rissa gave $3 to her little sister.'",True,430,3.44,
gsm8k,gsm8k_0199,qwen2.5:7b,knockout,5600,True,5600,False,"Removed step 2: Step 2 was removed. It said: 'To find the amount of sour milk, we multiply the total gallons by the fraction that is sour.' → 'Sour milk = (2/5) * 4000 = 1600 gallons.'",False,430,2.6,
math,math_0000,qwen2.5:7b,knockout,8/3,False,8/3,False,"Removed step 2: Step 2 was removed. It said: 'From the second equation, $rac{a}{b^3} = rac{27}{4}$, we can express $a$ in terms of $b^3$: $a = rac{27}{4}b^3$.' → 'We can substitute $a = rac{27}{4}b^3$ into the first equation.'",False,744,3.86,
math,math_0001,qwen2.5:7b,knockout,8,True,8,False,"Removed step 2: Step 2 was removed. It said: 'Now that we have g(2) = 7, we need to find f(g(2)) which is f(7). We substitute x = 7 into the function f(x) = x + 1.' → 'f(7) = 7 + 1 = 8'",False,307,2.8,
math,math_0002,qwen2.5:7b,knockout,-256,True,-256,False,"Removed step 3: Step 3 was removed. It said: 'From the product of the roots given by Vieta's formulas, we have $r_1r_2r_3 = -rac{a}{8}$. Since we know $r_1r_2r_3 = 32$, we can set up the equation $32 = -rac{a}{8}$.' → 'This gives us $a = -256$.'",False,814,4.55,
math,math_0003,qwen2.5:7b,knockout,3*sqrt(3) - 3,False,5√3 - 9/4,True,"Removed step 4: Step 4 was removed. It said: 'The height of the trapezoid can be found by considering the right triangle formed by the height, half the difference of the bases (1), and the side of the tetrahedron (2). The height is the altitude of the equilateral triangle with side length 2, which is √(3), divided by 2, i.e., √(3)/2. The height of the trapezoid is the difference in the heights of the two equilateral triangles, which is √(3)/2 - 1/2 = √(3)/2 - 1/2.' → 'The height of the trapezoid is √(3)/2 - 1/2.'",True,989,8.35,
math,math_0004,qwen2.5:7b,knockout,0.5,True,0.5,False,Removed step 1: Step 1 was removed. It said: 'Recall the value of sine for common angles. The sine of 30 degrees is a well-known value in trigonometry.' → 'sin 30° = 1/2',False,248,3.47,
math,math_0005,qwen2.5:7b,knockout,49/64,False,49/64,False,"Removed step 2: Step 2 was removed. It said: 'Next, we multiply the simplified terms together. When multiplying terms with the same base, we add the exponents.' → '49 * b^6 * 1/64 * b^-6 = 49/64 * b^(6 + (-6)) = 49/64 * b^0'",False,505,3.85,
math,math_0007,qwen2.5:7b,knockout,[2 -1 2],False,(2 -1 2),True,Removed step 3: Step 3 was removed. It said: 'Simplify the equation: 3t + 2 - 4t + 1 + 12t + 2 = 5. Combine like terms: (3t - 4t + 12t) + (2 + 1 + 2) = 5. This simplifies to 11t + 5 = 5.' → 'The simplified equation is 11t + 5 = 5.',True,701,4.45,
math,math_0008,qwen2.5:7b,knockout,0,True,0,False,"Removed step 2: Step 2 was removed. It said: 'For the segment with endpoints (0, 0) and (2, 2), the midpoint is calculated as ((0 + 2)/2, (0 + 2)/2) = (1, 1).' → 'The midpoint of the first segment is (1, 1).'",False,486,2.31,
math,math_0009,qwen2.5:7b,knockout,[8 'sqrt(2)' 'pi/4' 'pi/6'],False,(8 sqrt(2) pi/4 pi/3),True,"Removed step 4: Step 4 was removed. It said: 'Calculate 	ext{phi} using the formula 	ext{phi} = 	ext{acos}(z / ho). For the point (4, 4, 4 	ext{sqrt}(6)), we have:
	ext{phi} = 	ext{acos}igg(rac{4 	ext{sqrt}(6)}{8 	ext{sqrt}(2)}igg) = 	ext{acos}igg(rac{	ext{sqrt}(6)}{2 	ext{sqrt}(2)}igg) = 	ext{acos}igg(rac{	ext{sqrt}(3)}{2}igg) = rac{	ext{pi}}{6}' → '	ext{phi} = rac{	ext{pi}}{6}'",True,835,6.61,
math,math_0010,qwen2.5:7b,knockout,60,False,60,False,"Removed step 5: Step 5 was removed. It said: 'By trial and error or by factoring, we can find that the exponents of the prime factors of $n$ must be $2, 6, 4$ to satisfy both conditions. This is because $(2+1) 	imes (6+1) 	imes (4+1) = 3 	imes 7 	imes 5 = 105$ for $2n$ and $(1+1) 	imes (6+1) 	imes (4+1) = 2 	imes 7 	imes 5 = 70$ for $3n$, but we need to adjust the exponents to fit the exact conditions. The correct exponents are $2, 6, 4$ for $2n$ and $1, 6, 4$ for $3n$.' → 'The exponents of the prime factors of $n$ are $2, 6, 4$.'",False,1070,7.59,
math,math_0012,qwen2.5:7b,knockout,24,False,24,False,"Removed step 2: Step 2 was removed. It said: 'Given that 91 is another term in the sequence, we can set up the equation 91 = 1 + (n-1)d to find the possible values of d.' → '91 = 1 + (n-1)d simplifies to 90 = (n-1)d.'",False,699,3.16,
math,math_0013,qwen2.5:7b,knockout,6,True,4,True,"Removed step 3: Step 3 was removed. It said: 'Now, we multiply the result by 8: 8 * 3.' → '8 * 3 = 24'",True,403,3.04,
math,math_0014,qwen2.5:7b,knockout,25,False,25,False,"Removed step 2: Step 2 was removed. It said: 'From the equation $|a-b| = 18$, we know that $a-b = 18$ or $b-a = 18$. Since $a$ and $b$ are positive integers, we can assume without loss of generality that $a > b$. Thus, $a - b = 18$. From the equation $d|a-b| = 72$, substituting $|a-b| = 18$, we get $d 	imes 18 = 72$, so $d = 4$.' → 'We have $a - b = 18$ and $d = 4$.'",False,922,3.76,
math,math_0015,qwen2.5:7b,knockout,216,True,216,False,"Removed step 2: Step 2 was removed. It said: 'The radius of the sphere is given as 3 inches. The diameter of the sphere is twice the radius, so the diameter is 6 inches.' → 'The side length of the cube is 6 inches.'",False,378,2.3,
math,math_0016,qwen2.5:7b,knockout,0.027777777777777776,True,1 / 36,True,"Removed step 2: Step 2 was removed. It said: 'Next, we identify the specific outcome we are interested in: the red die showing a 2 and the green die showing a 5. There is only one combination that satisfies this condition.' → 'Number of favorable outcomes = 1'",True,343,2.26,
math,math_0017,qwen2.5:7b,knockout,10.125,False,the volume of the parallelepiped is 5*sqrt(39)/8,True,"Removed step 2: Step 2 was removed. It said: 'The magnitude of the cross product $|oldsymbol{a} 	imes oldsymbol{b}|$ is given by $|oldsymbol{a}||oldsymbol{b}|	ext{sin} 	heta_{ab}$. Since $|oldsymbol{a}| = |oldsymbol{b}| = 2$ and $	heta_{ab} = 	ext{arccos} rac{5}{8}$, we can find $	ext{sin} 	heta_{ab}$ using the identity $	ext{sin}^2 	heta + 	ext{cos}^2 	heta = 1$. Thus, $	ext{sin} 	heta_{ab} = 	ext{sqrt}(1 - (rac{5}{8})^2) = 	ext{sqrt}(rac{39}{64}) = rac{	ext{sqrt}(39)}{8}$.' → 'The magnitude of the cross product $|oldsymbol{a} 	imes oldsymbol{b}| = 2 	imes 2 	imes rac{	ext{sqrt}(39)}{8} = rac{	ext{sqrt}(39)}{2}$.'",True,943,7.36,
math,math_0018,qwen2.5:7b,knockout,12,True,12,False,"Removed step 2: Step 2 was removed. It said: 'Using the power of a power rule in exponents, which states that (a^m)^n = a^(m*n), we can simplify (2^3)^4 to 2^(3*4).' → '(2^3)^4 simplifies to 2^(3*4).'",False,352,1.92,
math,math_0019,qwen2.5:7b,knockout,,False,,False,,False,12580,259.99,"1 validation error for ContinuationResponse
  Invalid JSON: EOF while parsing a string at line 2 column 3601 [type=json_invalid, input_value='{\n  ""continued_reasonin...\\\\[1ex] \\\\\\\\[1ex]', input_type=str]
    For further information visit https://errors.pydantic.dev/2.11/v/json_invalid"
math,math_0020,qwen2.5:7b,knockout,1,False,1,False,"Removed step 3: Step 3 was removed. It said: 'For any integer k, the numbers 4k+1 and 4k+3 are consecutive and one of them will always be a multiple of 4 when paired with 4k or 4k+2.' → 'In any set of two consecutive numbers, one of them will be 1 more or 3 less than a multiple of 4.'",False,527,4.35,
math,math_0021,qwen2.5:7b,knockout,[3 2 4],False,(3 2 4),True,"Removed step 3: Step 3 was removed. It said: 'Let's denote the fourth vertex as D. The coordinates of D can be found by using the property that the midpoint of the line segment connecting A and C is the same as the midpoint of the line segment connecting B and D. This gives us the equation: (2+4)/2 = (0+x)/2 and (3+1)/2 = (5+y)/2 and (0+8)/2 = (4+z)/2. Solving these equations, we get x=6, y=-1, and z=4.' → 'The coordinates of the fourth vertex D are (6, -1, 4).'",True,647,5.37,
math,math_0022,qwen2.5:7b,knockout,tuesday,True,tuesday,False,"Removed step 2: Step 2 was removed. It said: 'To find the day of the week for the 23rd, we calculate the number of days from the first day to the 23rd. This is 22 days (23 - 1 = 22).' → 'There are 22 days from the first day to the 23rd.'",False,431,2.77,
math,math_0023,qwen2.5:7b,knockout,8,True,8,False,"Removed step 2: Step 2 was removed. It said: 'Given that the diameter of the first ball of yarn is 6 inches, the radius is 3 inches. For the second ball of yarn, the diameter is 12 inches, so the radius is 6 inches. We can now calculate the volume ratio of the two balls of yarn.' → 'The volume of the second ball of yarn is 8 times the volume of the first ball of yarn.'",False,586,7.74,
math,math_0024,qwen2.5:7b,knockout,36/121,False,36/121,False,"Removed step 2: Step 2 was removed. It said: 'Next, we calculate the area of each circle using the formula for the area of a circle, which is πr². For circle A, the area is π * (6 inches)² = 36π square inches. For circle B, the area is π * (11 inches)² = 121π square inches.' → 'Area of circle A = 36π square inches, Area of circle B = 121π square inches'",False,491,2.85,
math,math_0025,qwen2.5:7b,knockout,0.5,False,0.5,False,"Removed step 3: Step 3 was removed. It said: 'Since the orthocenter and incenter coincide, the triangle must be equilateral. In an equilateral triangle, all angles are 60 degrees, and the vertex angle ∠BAC is 60 degrees.' → 'The triangle is equilateral with all angles equal to 60 degrees.'",False,544,3.72,
math,math_0026,qwen2.5:7b,knockout,452,False,452,False,"Removed step 4: Step 4 was removed. It said: 'Equate the coefficients of the corresponding powers of x from both sides of the equation to find the values of a, b, c, d, and e.' → 'Equate coefficients: 

For x^4: 5 = a 

For x^3: -8 = 8a + b 

For x^2: 2 = 24a + 6b + c 

For x: 4 = 32a + 12b + 4c + d 

For the constant term: 7 = 16a + 8b + 4c + 2d + e'",False,1111,3.56,
math,math_0027,qwen2.5:7b,knockout,3.5,True,3 + 1/2 = 7/2,True,"Removed step 2: Step 2 was removed. It said: 'Next, we simplify $\log_2(8)$. Since $8 = 2^3$, we have $\log_2(8) = 3$.' → '$\log_2(8) = 3$.'",True,474,3.14,
math,math_0028,qwen2.5:7b,knockout,5005,False,5005,False,"Removed step 2: Step 2 was removed. It said: 'We can use the identity inom{n}{k} = inom{n-1}{k-1} + inom{n-1}{k} to find inom{15}{5}. We can express inom{15}{5} in terms of inom{14}{4} and inom{14}{5}. However, we can also use the symmetry property and the given values to find inom{15}{5} directly.' → 'inom{15}{5} can be found using the given values or the identity.'",False,802,5.82,
math,math_0029,qwen2.5:7b,knockout,3,True,3,False,Removed step 4: Step 4 was removed. It said: 'Now we substitute 5^13 ≡ 5 (mod 7) back into the expression 1 - 5^13 mod 7.' → '1 - 5 ≡ -4 (mod 7)',False,554,3.97,
math,math_0030,qwen2.5:7b,knockout,x^2 - 10x + 41,False,x^2 - 10x + 41 = 0,False,"Removed step 3: Step 3 was removed. It said: 'Expanding the equation from step 2, we use the difference of squares formula: $(a - b)(a + b) = a^2 - b^2$. Here, $a = x - 5$ and $b = 4i$.' → 'The expanded form is $(x - 5)^2 - (4i)^2$.'",False,650,6.54,
math,math_0031,qwen2.5:7b,knockout,[-1 0] ∪ (0 7],False,[-1 0] ∪ [0 7],True,"Removed step 2: Step 2 was removed. It said: 'Next, we analyze the sign of the expression in the intervals determined by the critical points. The intervals are: (-∞, -1), (-1, 0), (0, 7), and (7, ∞). We test a point in each interval to determine the sign of the expression in that interval.' → 'We need to test points in each interval.'",True,892,4.64,
math,math_0032,qwen2.5:7b,knockout,7/12,False,7/12,False,Removed step 3: Step 3 was removed. It said: 'We need to simplify the fraction 35/60 to its lowest terms. Both 35 and 60 are divisible by 5.' → '35 / 60 = 7 / 12',False,488,3.01,
math,math_0033,qwen2.5:7b,knockout,4,True,3,True,"Removed step 5: Step 5 was removed. It said: 'Testing 'a' = 6, we get 2(6) + b = 20, so b = 8. This satisfies 2a > b (12 > 8) and a > b/2 (6 > 4). This is a valid solution.' → 'Valid solution: a = 6, b = 8'",True,1047,6.92,
math,math_0035,qwen2.5:7b,knockout,-42,True,-42,False,Removed step 4: Step 4 was removed. It said: 'Substitute $x = -2$ into $f(x) = x^3 - 6x^2 + 3x - 4$ to get $f(-2) = (-2)^3 - 6(-2)^2 + 3(-2) - 4$.' → 'The expression for $f(-2)$ is $(-2)^3 - 6(-2)^2 + 3(-2) - 4$.',False,701,3.94,
math,math_0036,qwen2.5:7b,knockout,4,True,4,False,"Removed step 2: Step 2 was removed. It said: 'When we subtract $g(x)$ from $f(x)$, we get $f(x) - g(x) = (a_4x^4 + a_3x^3 + a_2x^2 + a_1x + a_0) - (b_2x^2 + b_1x + b_0)$. The highest degree term in this expression is $a_4x^4$.' → 'The highest degree term in $f(x) - g(x)$ is $a_4x^4$.'",False,487,4.09,
math,math_0037,qwen2.5:7b,knockout,5636,True,5636,False,Removed step 9: Step 9 was removed. It said: 'Sum the smallest and largest valid numbers: 1324 + 4312.' → 'Sum: 5636',False,790,3.39,
math,math_0038,qwen2.5:7b,knockout,2,False,1,True,"Removed step 4: Step 4 was removed. It said: 'Comparing the equation from step 3 with the given form $x^2 + Ay^2 + Bx + Cy + D = 0$, we can identify the coefficients: $A = 1$, $B = 2$, $C = -2$, and $D = 6.0176 - 5.0176 = 1$.' → 'A = 1, B = 2, C = -2, D = 1'",True,946,5.86,
math,math_0039,qwen2.5:7b,knockout,2500000000000000,False,2500000000000000,False,"Removed step 5: Step 5 was removed. It said: 'The expression we need to evaluate is π = 1 / (φ1 - φ2). Given the small difference, this will be a large number.' → 'π ≈ 1 / 0.000000000000004.'",False,694,6.49,
math,math_0041,qwen2.5:7b,knockout,-1,True,-1,False,"Removed step 2: Step 2 was removed. It said: 'Next, we recall the value of the tangent function for the reference angle 45 degrees. The tangent of 45 degrees is 1.' → 'tan(45°) = 1.'",False,342,2.83,
math,math_0042,qwen2.5:7b,knockout,1-12-24-4,False,1 -1 2 -2 4 -4,True,"Removed step 2: Step 2 was removed. It said: 'We need to verify if these possible roots are indeed roots of the polynomial. However, the problem only asks for the possible integer roots, not the actual roots. Therefore, we do not need to substitute these values into the polynomial to check.' → 'The possible integer roots are ±1, ±2, ±4.'",True,374,2.69,
math,math_0043,qwen2.5:7b,knockout,-4,True,-4,False,Removed step 4: Step 4 was removed. It said: 'Expanding the third term: 3(1+2x+3x^2+4x^3) gives 3 + 6x + 9x^2 + 12x^3. The coefficient of x is 6.' → 'The coefficient of x in the third term is 6.',False,659,3.62,
math,math_0044,qwen2.5:7b,knockout,7.5,False,the total cost for 5 lunches is $1.50 * 5 = $7.50. therefore tyler needs $7.50 to buy lunch for himself and his 4 friends,True,"Removed step 2: Step 2 was removed. It said: 'Next, we need to calculate the total cost for Tyler and his 4 friends. Since there are 5 people in total (Tyler + 4 friends), we multiply the price of one lunch by 5.' → 'The total cost for 5 lunches is $1.50 * 5 = $7.50.'",True,388,4.09,
math,math_0045,qwen2.5:7b,knockout,6,True,6,False,Removed step 2: Step 2 was removed. It said: 'The ratio of the area of the smaller square to the area of the larger square is given as 4/9. This can be expressed as the equation: 16 / s^2 = 4/9. We can solve this equation to find the value of s^2.' → '16 / s^2 = 4/9',False,525,4.63,
math,math_0046,qwen2.5:7b,knockout,1.5,True,1.5,False,"Removed step 2: Step 2 was removed. It said: 'Now, we need to find the product $a 	imes b 	imes c 	imes d$. Substituting the expressions from step 1, we get: 

 $a 	imes b 	imes c 	imes d = rac{	ext{log}(5)}{	ext{log}(4)} 	imes rac{	ext{log}(6)}{	ext{log}(5)} 	imes rac{	ext{log}(7)}{	ext{log}(6)} 	imes rac{	ext{log}(8)}{	ext{log}(7)}$.

Notice that the terms in the numerator and denominator will cancel out, leaving us with $rac{	ext{log}(8)}{	ext{log}(4)}$.' → 'The product simplifies to $rac{	ext{log}(8)}{	ext{log}(4)}$.'",False,758,7.27,
math,math_0047,qwen2.5:7b,knockout,7,True,7,False,Removed step 5: Step 5 was removed. It said: 'Now we have the equation: 20 * base^2 + 20 * base + 20 = 3 * base^3 + 5 * base^2 + 6.' → 'Combine like terms and simplify the equation.',False,766,3.25,
math,math_0049,qwen2.5:7b,knockout,d,False,d,False,Removed step 5: Step 5 was removed. It said: 'Simplify the equation x^2 + y^2 = (6 / (2 + 3 sin θ))^2. This will help us to identify the type of conic section.' → 'Simplify the equation.',False,944,9.41,
math,math_0050,qwen2.5:7b,knockout,98,False,98,False,"Removed step 2: Step 2 was removed. It said: 'By Vieta's formulas, the sum of the roots taken one at a time is zero, i.e., $eta + eta + eta + eta = 0$. Since $eta = 7$ or $eta = -7$, the roots must be $7, 7, -7, -7$ or $-7, -7, 7, 7$.' → 'The roots are $7, 7, -7, -7$ or $-7, -7, 7, 7$.'",False,589,2.71,
math,math_0051,qwen2.5:7b,knockout,sqrt(65),False,sqrt(65),False,"Removed step 3: Step 3 was removed. It said: 'Substitute the real and imaginary parts into the distance formula. Here, $a = 5$, $b = 6$, $c = -2$, and $d = 2$. The formula becomes $d = 	ext{sqrt}((5 - (-2))^2 + (6 - 2)^2)$.' → 'The distance formula becomes $d = 	ext{sqrt}((5 + 2)^2 + (6 - 2)^2)$.'",False,670,5.43,
math,math_0052,qwen2.5:7b,knockout,11,True,11,False,"Removed step 2: Step 2 was removed. It said: 'To find the smallest possible value of \\(\|\mathbf{a} + \mathbf{b}\|\\), we need to minimize the expression \\(\sqrt{205 + 84\cos(\theta)}\\). The minimum value of \\(\cos(\theta)\\) is \\-1\\, which occurs when the vectors are pointing in opposite directions.' → 'The minimum value of \\(\|\mathbf{a} + \mathbf{b}\|\\) is achieved when \\(\cos(\theta) = -1\\).'",False,600,3.92,
math,math_0053,qwen2.5:7b,knockout,105,True,105,False,"Removed step 3: Step 3 was removed. It said: 'Here, n = 15 (total students) and k = 13 (students to be selected). Plugging these values into the formula, we get C(15, 13) = 15! / [13!(15-13)!].' → 'The combination formula is C(15, 13) = 15! / [13!2!].'",False,474,2.51,
math,math_0055,qwen2.5:7b,knockout,-6,False,-6,False,"Removed step 4: Step 4 was removed. It said: 'Next, we need to find the value of g(f(1)). Since we found that f(1) = 1, we substitute 1 into the function g(x). The function g(x) is given by g(x) = 2x - 4. Substituting 1 into this function, we get g(1) = 2(1) - 4 = -2.' → 'g(f(1)) = -2'",False,1342,5.07,
math,math_0056,qwen2.5:7b,knockout,9,True,9,False,Removed step 3: Step 3 was removed. It said: 'Calculate the expression inside the absolute value: 0*3 + 1*2 + 5*0 + 4*1 - (1*1 + 3*5 + 2*4 + 0*0) = 0 + 2 + 0 + 4 - (1 + 15 + 8 + 0) = 6 - 24 = -18.' → 'The expression inside the absolute value is -18.',False,743,4.99,
math,math_0057,qwen2.5:7b,knockout,42,True,42,False,"Removed step 7: Step 7 was removed. It said: 'To find $p(	ext{sqrt}(17))$, we substitute $	ext{sqrt}(17)$ into the polynomial.' → 'We calculate $p(	ext{sqrt}(17)) = 2(	ext{sqrt}(17))^2 + 8 = 2 	imes 17 + 8 = 34 + 8 = 42$.'",False,888,5.43,
math,math_0058,qwen2.5:7b,knockout,150,True,150,False,Removed step 4: Step 4 was removed. It said: 'Solve for D by dividing both sides of the equation by 120: D = 600 / 120.' → 'D = 5',False,528,3.78,
math,math_0059,qwen2.5:7b,knockout,0.8660254037844386,False,the area of the triangle is sqrt(3)/2,True,"Removed step 3: Step 3 was removed. It said: 'To find the area of triangle ACD, we can use the fact that the hexagon can be divided into 6 equilateral triangles. Each of these triangles has a side length of 1 and an area of rac{rac{	ext{side}^2 	imes 	ext{sqrt}(3)}{4}}{6} = rac{rac{1^2 	imes 	ext{sqrt}(3)}{4}}{6} = rac{	ext{sqrt}(3)}{24} * 6 = rac{	ext{sqrt}(3)}{4}.

Triangle ACD is composed of two of these equilateral triangles, so its area is 2 * rac{	ext{sqrt}(3)}{4} = rac{	ext{sqrt}(3)}{2}.

However, we can also use the formula for the area of a triangle with vertices on a circle (using the circumradius R and the sides a, b, c): Area = rac{1}{2} * a * b * sin(C). Here, a = b = 1, and C = 120 degrees (since it's a regular hexagon and the central angle between two non-adjacent vertices is 120 degrees).' → 'The area of triangle ACD is rac{	ext{sqrt}(3)}{2}.'",True,655,4.48,
math,math_0060,qwen2.5:7b,knockout,1,True,1,False,"Removed step 2: Step 2 was removed. It said: 'Now, we need to add the results from the ceiling functions: 9 + (-8).' → '9 + (-8) = 1'",False,286,1.78,
math,math_0061,qwen2.5:7b,knockout,235,True,235,False,"Removed step 4: Step 4 was removed. It said: 'Check the sum of 89, 83, and 79: 89 + 83 + 79 = 251. 251 is not a multiple of 5.' → '251 is not a multiple of 5.'",False,602,3.06,
math,math_0062,qwen2.5:7b,knockout,9 + 4*sqrt(5),False,9 + 4√5,True,Removed step 10: Step 10 was removed. It said: 'The final step is to square the largest real solution for x^2 to get the answer to the problem.' → 'The square of the largest real solution is (2 + √5)^2',True,925,4.53,
math,math_0063,qwen2.5:7b,knockout,9,False,11,True,"Removed step 2: Step 2 was removed. It said: 'Identify larger rectangles by combining smaller ones. For the 2x2 rectangles, we can form 1 larger rectangle by combining two of the smaller 2x2 rectangles. For the 1x2 rectangles, we can form 1 larger rectangle by combining the two 1x2 rectangles in the bottom left.' → 'There are 1 + 1 = 2 larger rectangles.'",True,483,2.86,
math,math_0064,qwen2.5:7b,knockout,0.2,False,3/7,True,"Removed step 3: Step 3 was removed. It said: 'Next, substitute the maximum value of x (-3) and the minimum value of y (2) into the expression rac{x+y}{x-y} to get rac{-3+2}{-3-2} = rac{-1}{-5} = rac{1}{5}.' → 'The value of the expression when x = -3 and y = 2 is rac{1}{5}.'",True,650,8.33,
math,math_0065,qwen2.5:7b,knockout,11/36,False,11/36,False,"Removed step 2: Step 2 was removed. It said: 'Next, we calculate the number of outcomes where no 5 is rolled on either die. For each die, there are 5 outcomes that are not a 5 (1, 2, 3, 4, 6). Therefore, the number of outcomes where neither die shows a 5 is 5 * 5 = 25.' → 'Number of outcomes with no 5s = 25'",False,400,2.33,
math,math_0067,qwen2.5:7b,knockout,34359738368,False,205891132094649,True,Removed step 9: Step 9 was removed. It said: 'We continue this process to find \\(b_4\\):' → 'We calculate \\(b_4 = b_3 + rac{b_3^2}{b_2} = 56 + rac{56^2}{12} = 264\\).',True,1499,5.28,
math,math_0068,qwen2.5:7b,knockout,30,True,30,False,"Removed step 2: Step 2 was removed. It said: 'To find the angle at each vertex, we need to determine the total angle around the center of the clock. The total angle around a point is 360 degrees.' → 'The total angle around the center of the clock is 360 degrees.'",False,618,5.49,
math,math_0070,qwen2.5:7b,knockout,4,True,4,False,"Removed step 2: Step 2 was removed. It said: 'We know that 81 can be expressed as a power of 3, specifically $81 = 3^4$.' → '81 can be written as $3^4$.'",False,346,1.97,
math,math_0071,qwen2.5:7b,knockout,120,False,120,False,"Removed step 2: Step 2 was removed. It said: 'The squared distances between the points can be related to the determinant of the matrix. The squared distance between two points egin{pmatrix} x_i \ y_i \

det = (x_1(y_2 - y_3) - y_1(x_2 - x_3) + (x_2 y_3 - x_3 y_2))^2' → 'The squared distance between points can be expressed in terms of the determinant of the matrix.'",False,750,4.22,
math,math_0072,qwen2.5:7b,knockout,4/3,False,4/3,False,"Removed step 4: Step 4 was removed. It said: 'To find how many times as likely it is to get exactly 3 heads than exactly 2 heads, we need to divide the probability of getting exactly 3 heads by the probability of getting exactly 2 heads. This gives us the ratio: (P(X = 3)) / (P(X = 2)).' → 'The ratio of the probabilities is (P(X = 3)) / (P(X = 2)).'",False,994,5.47,
math,math_0073,qwen2.5:7b,knockout,9,True,9,False,"Removed step 3: Step 3 was removed. It said: 'Next, we replace 315 with 108 and 108 with 99, and repeat the process. 108 divided by 99 is 1 with a remainder of 9. So, 108 = 99 * 1 + 9.' → '108 = 99 * 1 + 9'",False,509,2.56,
math,math_0074,qwen2.5:7b,knockout,3,True,3 inches,True,"Removed step 2: Step 2 was removed. It said: 'Recall the Midsegment Theorem, which states that the segment joining the midpoints of two sides of a triangle is parallel to the third side and half as long.' → 'DE is parallel to BC and DE = 1/2 * BC'",True,414,2.22,
math,math_0075,qwen2.5:7b,knockout,126,True,126,False,"Removed step 2: Step 2 was removed. It said: 'To get from E to G, we need to move 5 steps down and 4 steps to the right, in any order. This is a combinatorial problem where we need to choose 5 steps out of 9 to be 'down' (or equivalently, 4 steps to be 'right').' → 'The number of paths is given by the binomial coefficient C(9, 5) or C(9, 4).'",False,604,3.19,
math,math_0076,qwen2.5:7b,knockout,1,True,1,False,"Removed step 1: Step 1 was removed. It said: 'We need to simplify the expression ½(7/16)¹¹¹ × (16/7)¹¹¹. We can use the property of exponents that states (a/b)^n × (b/a)^n = 1, as the numerators and denominators will cancel each other out.' → 'The expression simplifies to 1.'",False,250,2.67,
math,math_0078,qwen2.5:7b,knockout,3.8823529411764706,False,66/17,True,"Removed step 4: Step 4 was removed. It said: 'Substituting $|z|^2 = 11$ into the first equation, we get $z + rac{23z}{11} = 6$. Simplifying, we have $z(1 + rac{23}{11}) = 6$, which simplifies to $z rac{34}{11} = 6$. Solving for $z$, we get $z = 6 	imes rac{11}{34} = rac{33}{17}$.' → 'The solutions for $z$ are $z = rac{33}{17}$ and its conjugate $z = rac{33}{17} ar{z} = rac{33}{17} rac{11}{33} = rac{11}{17}$.'",True,1310,11.03,
math,math_0079,qwen2.5:7b,knockout,75 45 60,False,75 45 60,False,"Removed step 9: Step 9 was removed. It said: 'Solve for the angles using the inverse cosine function.' → 'Angle A = arccos((12 - 2*sqrt(3)) / (4 * sqrt(18))), Angle B = arccos((12 + 2*sqrt(3)) / (4 * sqrt(18))), Angle C = arccos((12 - 2*sqrt(3)) / (4 * sqrt(18))).'",False,984,4.29,
math,math_0080,qwen2.5:7b,knockout,1/4,False,1/4,False,"Removed step 3: Step 3 was removed. It said: 'The shaded region is made up of 4 of these smaller squares. Therefore, the fraction of the area of the square that is shaded is 4 times the area of one smaller square.' → 'The fraction of the area of the square that is shaded is 4/16.'",False,688,3.23,
math,math_0081,qwen2.5:7b,knockout,-10879 10879,True,-10879 10879,False,"Removed step 4: Step 4 was removed. It said: 'Substitute $r = 1$ into one of the original equations, say $1988r^2 + br + 8891 = 0$: $1988(1)^2 + b(1) + 8891 = 0$ which simplifies to $1988 + b + 8891 = 0$.' → 'When $r = 1$, the equation $1988 + b + 8891 = 0$ must hold.'",False,919,3.27,
math,math_0082,qwen2.5:7b,knockout,1/3,False,1/3,False,"Removed step 2: Step 2 was removed. It said: 'Calculate the sum of the odd integers between 0 and 100. The first term (a) is 1, the last term (l) is 99, and the number of terms (n) can be found using the formula for the nth term of an arithmetic sequence: l = a + (n-1)d. Solving for n, we get n = (l - a)/d + 1 = (99 - 1)/2 + 1 = 50. The sum of an arithmetic sequence is given by S = n/2 * (a + l). Therefore, the sum of the odd integers between 0 and 100 is S1 = 50/2 * (1 + 99) = 25 * 100 = 2500.' → 'The sum of the odd integers between 0 and 100 is 2500.'",False,665,4.93,
math,math_0083,qwen2.5:7b,knockout,140,False,140,False,"Removed step 2: Step 2 was removed. It said: 'Use the fact that the angles on a straight line sum up to 180°. The angle at point R (x°) and the angle at point Q (40°) are supplementary angles.' → 'Therefore, x + 40 = 180.'",False,689,5.92,
math,math_0084,qwen2.5:7b,knockout,5,True,5,False,"Removed step 2: Step 2 was removed. It said: 'The discriminant $	riangle$ of a quadratic equation $ax^2 + bx + c = 0$ is given by $	riangle = b^2 - 4ac$. For the equation $x^2 + 4x + c = 0$, we have $a = 1$, $b = 4$, and $c = c$. The discriminant is $	riangle = 4^2 - 4 	imes 1 	imes c = 16 - 4c$.' → 'The discriminant of the quadratic equation is $	riangle = 16 - 4c$.'",False,470,2.36,
math,math_0086,qwen2.5:7b,knockout,8,False,8,False,"Removed step 2: Step 2 was removed. It said: 'Since $5^3 = 125$, any higher power of 5 will end in 125 when considering the last three digits. Therefore, $5^{100} mod 1000$ can be simplified to $125$.' → '$5^{100} mod 1000 = 125$.'",False,388,2.29,
math,math_0087,qwen2.5:7b,knockout,[-3 -2] u [0 1],False,[-3 -2] u [0 1],False,"Removed step 2: Step 2 was removed. It said: 'Let's solve the first inequality: rac{3(x + 1)}{x^2 + 2x + 3} 	ext{ >= 1}. We can rewrite this as: 3(x + 1) 	ext{ >= } x^2 + 2x + 3. Simplifying, we get: 0 	ext{ >= } x^2 - x. This can be factored as: 0 	ext{ >= } x(x - 1).' → 'The inequality 0 >= x(x - 1) needs to be solved.'",False,953,4.42,
math,math_0088,qwen2.5:7b,knockout,6,True,6,False,"Removed step 7: Step 7 was removed. It said: 'Since $6d$ is the only term that can be 36 (as $3d$ would be less than 36 for any positive integer $d$), we have $6d = 36$.' → 'The degree of $h(x)$ is 6.'",False,880,4.96,
math,math_0089,qwen2.5:7b,knockout,1.5,True,1.5,False,"Removed step 4: Step 4 was removed. It said: 'The centers of the six smaller spheres form a regular hexagon, and the eighth sphere is tangent to all of them. The distance from the center of the eighth sphere to the center of any of the smaller spheres is the same as the distance from the center of the eighth sphere to the center of the larger sphere, plus the radius of the smaller sphere. This distance can also be calculated using the geometry of the hexagon and the radius of the eighth sphere.' → 'The distance from the center of the eighth sphere to the center of any of the smaller spheres is the same as the distance from the center of the eighth sphere to the center of the larger sphere, plus the radius of the smaller sphere.'",False,955,3.99,
math,math_0090,qwen2.5:7b,knockout,5*sqrt(2),False,5*sqrt(2),False,"Removed step 2: Step 2 was removed. It said: 'From the equations $k 	ext{cos}(	heta) = -7$ and $-k 	ext{sin}(	heta) = 1,$ we can express $	ext{cos}(	heta)$ and $	ext{sin}(	heta)$ in terms of $k.$ egin{align*} 	ext{cos}(	heta) &= -rac{7}{k} \ 	ext{sin}(	heta) &= -rac{1}{k} \\[1ex] 	ext{Using the Pythagorean identity:} 	ext{cos}^2(	heta) + 	ext{sin}^2(	heta) = 1 \\[1ex] 	ext{Substitute the expressions for } 	ext{cos}(	heta) 	ext{ and } 	ext{sin}(	heta): egin{pmatrix} -rac{7}{k} \\[1ex] 	ext{and } egin{pmatrix} -rac{1}{k} \\[1ex] 	ext{into the identity:} egin{pmatrix} -rac{7}{k} \\[1ex] egin{pmatrix} -rac{1}{k} \\[1ex] + egin{pmatrix} -rac{1}{k} \\[1ex] egin{pmatrix} -rac{1}{k} \\[1ex] = 1 \\[1ex] 	ext{Simplify and solve for } k.' → 'Simplify the equation: egin{align*} rac{49}{k^2} + rac{1}{k^2} &= 1 \\[1ex] rac{50}{k^2} &= 1 \\[1ex] k^2 &= 50 \\[1ex] k &= 	ext{sqrt}(50) \\[1ex] k &= 5	ext{sqrt}(2)'",False,1003,8.6,
math,math_0091,qwen2.5:7b,knockout,18,True,18,False,"Removed step 2: Step 2 was removed. It said: 'Compare the factored form $(2x - 3)(4x^2 + 6x + 9)$ with the given form $(ax + b)(cx^2 + dx + e)$ to identify the coefficients.' → 'Identify the coefficients: $a = 2$, $b = -3$, $c = 4$, $d = 6$, and $e = 9$.'",False,378,2.86,
math,math_0092,qwen2.5:7b,knockout,360,False,360,False,"Removed step 3: Step 3 was removed. It said: 'Verify the rotation by checking the alignment of other vertices. The vertices of the darker hexagon and the lighter hexagon align perfectly, confirming a full rotation.' → 'The angle of rotation is 360 degrees.'",False,528,2.69,
math,math_0093,qwen2.5:7b,knockout,7/4,False,7/4,False,"Removed step 3: Step 3 was removed. It said: 'Calculate the value of the denominator: 4 * 3 = 12, and 12 + 8 = 20.' → 'Denominator = 20'",False,484,4.12,
math,math_0094,qwen2.5:7b,knockout,3,False,3,False,"Removed step 2: Step 2 was removed. It said: 'Calculate the first few powers of 11 and observe their tens digits.' → 'The tens digits of the first few powers of 11 are 0, 2, 3, 4, 0, 5, 7, 8, 9.'",False,537,6.86,
math,math_0095,qwen2.5:7b,knockout,24,True,24,False,"Removed step 2: Step 2 was removed. It said: 'Since $AD$ bisects $BC$, $BD = DC = rac{BC}{2} = rac{14}{2} = 7$.' → 'BD = DC = 7.'",False,804,2.97,
math,math_0096,qwen2.5:7b,knockout,-11/9,False,-11/9,False,"Removed step 2: Step 2 was removed. It said: 'To eliminate $x$, we can multiply the first equation by 3 and the second equation by 2, making the coefficients of $x$ in both equations equal. This will allow us to subtract one equation from the other to eliminate $x$.' → 'Multiply the first equation by 3 and the second by 2.'",False,514,2.58,
math,math_0097,qwen2.5:7b,knockout,(x - 40/9)^2 / 38 + y^2 / (19/9) = 1,False,(x - 40/9)^2 / 38 + y^2 / (19/9) = 1,False,Removed step 14: Step 14 was removed. It said: 'Further simplify the right side.' → '9(x - 40/9)^2 + 16y^2 = 304/9',False,1395,7.11,
math,math_0098,qwen2.5:7b,knockout,19.2,False,19.2,False,"Removed step 7: Step 7 was removed. It said: 'Since the triangle is isosceles, the altitude corresponding to the other side of length 10 will be the same as the first one, which is approximately 6.788225099390856.' → 'The altitude corresponding to the other side of length 10 is approximately 6.788225099390856.'",False,897,2.93,
math,math_0100,qwen2.5:7b,knockout,400,True,400,False,"Removed step 2: Step 2 was removed. It said: 'To find the largest $n$ such that $	ext{sqrt}(n) 	ext{ is less than or equal to } 20$, we can square both sides of the inequality $	ext{sqrt}(n) 	ext{ <= } 20$ to get $n 	ext{ <= } 20^2$.' → 'We need to solve $n 	ext{ <= } 400$.'",False,478,3.16,
math,math_0101,qwen2.5:7b,knockout,11 -3 + 6i,True,11 -3 + 6i,False,"Removed step 5: Step 5 was removed. It said: 'Therefore, the complex number d is 11 + 0i, or simply 11.' → 'd = 11'",False,1024,4.62,
math,math_0103,qwen2.5:7b,knockout,52,True,52,False,Removed step 3: Step 3 was removed. It said: 'Substitute a = 10 and b = 5 into the new side lengths: 1.3a = 13 and 0.8b = 4. The new side lengths are 13 and 4.' → 'The new side lengths are 13 and 4.',False,471,3.09,
math,math_0104,qwen2.5:7b,knockout,,False,,False,,False,8900,256.08,"1 validation error for ContinuationResponse
  Invalid JSON: EOF while parsing a string at line 2 column 3139 [type=json_invalid, input_value='{\n  ""continued_reasonin...[0.3em] \\\\\\\\[0.3em]', input_type=str]
    For further information visit https://errors.pydantic.dev/2.11/v/json_invalid"
math,math_0105,qwen2.5:7b,knockout,14,False,14,False,"Removed step 4: Step 4 was removed. It said: 'We solve the quadratic equation $b^2 - 15b - 14 = 0$ using the quadratic formula $b = rac{-B 	imes 	ext{sqrt}(B^2 - 4AC)}{2A}$, where $A = 1$, $B = -15$, and $C = -14$. Plugging in the values, we get $b = rac{15 	imes 	ext{sqrt}(225 + 56)}{2} = rac{15 	imes 	ext{sqrt}(281)}{2}$. Since we are looking for a positive integer solution, we need to check if the square root of 281 is an integer or if the equation can be factored.' → 'Solve the quadratic equation.'",False,689,2.95,
math,math_0106,qwen2.5:7b,knockout,6,True,x = 6,True,"Removed step 3: Step 3 was removed. It said: 'Now, we need to isolate x. To do this, we can subtract 3x from both sides of the equation to get the x terms on one side.' → '2 = x - 4'",True,320,1.99,
math,math_0107,qwen2.5:7b,knockout,0,False,2c^2,True,"Removed step 3: Step 3 was removed. It said: 'Calculate the area of one of the smaller squares. The area of a square is given by the side length squared. Therefore, the area of one of the smaller squares is c^2.' → 'The area of one of the smaller squares is c^2.'",True,794,4.52,
math,math_0108,qwen2.5:7b,knockout,27,True,27,False,"Removed step 4: Step 4 was removed. It said: 'Substituting G = 0.5B + 15 into G + B = 51 gives us (0.5B + 15) + B = 51. Simplifying this equation, we get 1.5B + 15 = 51.' → '1.5B + 15 = 51'",False,625,3.12,
math,math_0109,qwen2.5:7b,knockout,11/15,False,the value of rac{2}{5} + rac{1}{3} is rac{11}{15},True,"Removed step 2: Step 2 was removed. It said: 'Convert each fraction to an equivalent fraction with the common denominator of 15. For rac{2}{5}, we multiply both the numerator and the denominator by 3. For rac{1}{3}, we multiply both the numerator and the denominator by 5.' → 'The fractions become rac{2 	imes 3}{5 	imes 3} = rac{6}{15} and rac{1 	imes 5}{3 	imes 5} = rac{5}{15}.'",True,504,7.06,
math,math_0110,qwen2.5:7b,knockout,33/100,False,33/100,False,Removed step 4: Step 4 was removed. It said: 'The probability of selecting a multiple of 3 is the number of favorable outcomes (multiples of 3) divided by the total number of possible outcomes (total numbers from 1 to 100).' → 'The probability is 33/100.',False,527,3.26,
math,math_0112,qwen2.5:7b,knockout,44,True,44,False,"Removed step 3: Step 3 was removed. It said: 'Now, we calculate the new area using the new dimensions.' → 'New area = 28.8 * 19.2 = 552.96 square inches'",False,528,3.83,
math,math_0113,qwen2.5:7b,knockout,26π,False,26π,False,"Removed step 2: Step 2 was removed. It said: 'Using the coordinates of P (-2, 3) and Q (10, -2), we can calculate the distance using the distance formula: Δx = 10 - (-2) = 12, Δy = -2 - 3 = -5. So, d^2 = 12^2 + (-5)^2 = 144 + 25 = 169. Therefore, d = √169 = 13.' → 'The distance between P and Q is 13 units, which is the radius of the circle.'",False,574,3.65,
math,math_0114,qwen2.5:7b,knockout,30,True,30,False,"Removed step 2: Step 2 was removed. It said: 'To find the number of diagonals, we first calculate the total number of line segments connecting any two vertices. This is given by the combination formula C(n, 2) = n(n-1)/2, where n is the number of vertices. For 10 vertices, this is C(10, 2) = 10 * 9 / 2 = 45.' → 'There are 45 line segments connecting any two vertices.'",False,818,4.33,
math,math_0115,qwen2.5:7b,knockout,9/32,False,9/32,False,"Removed step 3: Step 3 was removed. It said: 'The condition a + b < 45 describes a region below the line a + b = 45. This line intersects the axes at (45, 0) and (0, 45).' → 'The region of interest is a right triangle with vertices at (0, 0), (45, 0), and (0, 45).'",False,667,4.08,
math,math_0116,qwen2.5:7b,knockout,72,True,72,False,Removed step 5: Step 5 was removed. It said: 'The sum of m and n is 16 + 56 = 72.' → 'm + n = 72.',False,712,3.96,
math,math_0117,qwen2.5:7b,knockout,0.0897,False,0.0897,False,"Removed step 4: Step 4 was removed. It said: 'Now we can substitute the values into the sine addition and subtraction formulas. For 	ext{sin}(	heta + eta), we get 0.4 	imes 	ext{sqrt}(0.75) + 	ext{sqrt}(0.84) 	imes 0.5. For 	ext{sin}(eta - 	heta), we get 0.5 	imes 	ext{sqrt}(0.84) - 	ext{sqrt}(0.75) 	imes 0.4.' → 'We have the expressions for 	ext{sin}(	heta + eta) and 	ext{sin}(eta - 	heta).'",False,943,3.53,
math,math_0118,qwen2.5:7b,knockout,14,True,14,False,"Removed step 3: Step 3 was removed. It said: 'Now, we subtract the second expanded expression from the first: 
(u^2 + 3u - 4) - (u^2 + 3u - 18). 
This involves distributing the negative sign and combining like terms.' → 'Subtracting the expanded forms'",False,611,2.55,
math,math_0119,qwen2.5:7b,knockout,146044_8,False,146044_8,False,"Removed step 3: Step 3 was removed. It said: 'Now that we have both numbers in decimal, we can add them together: 21210 + 45410 = 66620 in decimal.' → 'The sum of the two numbers in decimal is 66620.'",False,484,3.09,
math,math_0120,qwen2.5:7b,knockout,103,True,103,False,"Removed step 8: Step 8 was removed. It said: 'Since n = 100 does not satisfy the condition, we need to find the next integer greater than 100 that satisfies the condition. We can increment k by 1 and check the next value of n.' → 'Increment k and check the next value of n'",False,1113,4.07,
math,math_0121,qwen2.5:7b,knockout,-119/144,False,-119/144,False,Removed step 6: Step 6 was removed. It said: 'Use the difference of squares formula (a - b)(a + b) = a^2 - b^2 to simplify the expression.' → 'cos(a + b)cos(a - b) = (1/12)^2 - (sqrt(30)/6)^2 = 1/144 - 30/36 = 1/144 - 5/6 = 1/144 - 120/144 = -119/144.',False,957,8.73,
math,math_0122,qwen2.5:7b,knockout,10,True,10,False,"Removed step 4: Step 4 was removed. It said: 'Check the primality of each two-digit number: 13 (prime), 16 (not prime), 17 (prime), 31 (prime), 36 (not prime), 37 (prime), 61 (prime), 63 (not prime), 67 (prime), 71 (prime), 73 (prime), 76 (not prime).' → 'The two-digit primes are: 13, 17, 31, 37, 61, 67, 71, 73.'",False,702,5.36,
math,math_0123,qwen2.5:7b,knockout,4000,False,4000,False,"Removed step 3: Step 3 was removed. It said: 'Now that we have the tax rate, we can use it to find the tax for a house assessed at $160,000. We multiply the assessed value by the tax rate.' → 'Tax for $160,000 house = $160,000 * 0.025'",False,369,2.4,
math,math_0124,qwen2.5:7b,knockout,21,True,21,False,"Removed step 2: Step 2 was removed. It said: 'The ratio of the sides AB to XY is 4:14, which simplifies to 2:7. This ratio should be the same for the other corresponding sides, BC and YZ.' → 'The ratio of the sides is 2:7.'",False,656,6.95,
math,math_0125,qwen2.5:7b,knockout,87,False,87,False,"Removed step 2: Step 2 was removed. It said: 'Recall the identity: 

csc(x) = 1/sin(x) and sec(x) = 1/cos(x). We can use the identity: csc(x) = sec(90 - x). This will help us to transform the left side of the equation into a form that might be easier to handle.' → 'Transform the left side using the identity csc(x) = sec(90 - x).'",False,951,4.03,
math,math_0126,qwen2.5:7b,knockout,3s^2,True,3s^2,False,"Removed step 2: Step 2 was removed. It said: 'The second term is -6s^2, which is already simplified.' → '-6s^2 remains as -6s^2'",False,457,3.33,
math,math_0127,qwen2.5:7b,knockout,128,True,128,False,"Removed step 2: Step 2 was removed. It said: 'We know the total number of pages in the novel is 248. Therefore, we can set up the equation: P + P/2 + P/4 + P/8 + P/16 = 248.' → 'The equation P + P/2 + P/4 + P/8 + P/16 = 248 represents the total pages read.'",False,605,3.35,
math,math_0128,qwen2.5:7b,knockout,3720,True,3720,False,"Removed step 2: Step 2 was removed. It said: 'Starting from 3.72, moving the decimal point one place to the right gives 37.2, two places gives 372, and three places gives 3720.' → 'After moving the decimal point three places to the right, the number becomes 3720.'",False,287,1.96,
math,math_0129,qwen2.5:7b,knockout,√5 -√5,False,√5 -√5,False,"Removed step 2: Step 2 was removed. It said: 'Square both sides of the equation to eliminate the square roots. This gives us: (√(x^2 + √(x^2 + 11)) + √(x^2 - √(x^2 + 11)))^2 = 4^2. Simplifying, we get: x^2 + √(x^2 + 11) + 2√((x^2 + √(x^2 + 11))(x^2 - √(x^2 + 11))) + x^2 - √(x^2 + 11) = 16. The terms √(x^2 + 11) and -√(x^2 + 11) cancel out, leaving us with: 2x^2 + 2√((x^2 + √(x^2 + 11))(x^2 - √(x^2 + 11))) = 16.' → 'The equation simplifies to 2x^2 + 2√((x^2 + √(x^2 + 11))(x^2 - √(x^2 + 11))) = 16.'",False,1043,3.55,
math,math_0130,qwen2.5:7b,knockout,-1,False,-1,False,"Removed step 10: Step 10 was removed. It said: 'Notice that if $c = -rac{2}{3}$, the denominator becomes zero, which is not allowed. Therefore, we need to find a value of $c$ that makes the equation valid. By inspection, if $c = -rac{2}{3}$, the equation $d = rac{2 + 6c}{2 + 3c}$ simplifies to $d = -1$.' → 'Value of $c = -rac{2}{3}$'",False,1558,7.26,
math,math_0131,qwen2.5:7b,knockout,8,True,8,False,"Removed step 4: Step 4 was removed. It said: 'We can solve the quadratic equation using the quadratic formula: Δ = [-b ± sqrt(b^2 - 4ac)] / (2a), where a = 1, b = 10, and c = -144.' → 'We will use the quadratic formula to find the roots of the equation.'",False,595,3.32,
math,math_0132,qwen2.5:7b,knockout,12,True,12,False,"Removed step 5: Step 5 was removed. It said: 'For the third term, $(-2 - 1)^{11} = (-3)^{11} = -3^{11}$.' → 'The third term evaluates to $-3^{11}$.'",False,627,2.66,
math,math_0133,qwen2.5:7b,knockout,3,False,3,False,"Removed step 2: Step 2 was removed. It said: 'Perform the division 2003 ÷ 11. We can do this by long division or by breaking down the number. 2003 can be written as 2000 + 3. We know that 2000 is 181 times 11 (11 * 181 = 1991), and 3 is less than 11, so it is the remainder.' → '2003 divided by 11 gives a quotient of 181 and a remainder of 3.'",False,425,3.4,
math,math_0134,qwen2.5:7b,knockout,0.49,False,0.49,False,"Removed step 2: Step 2 was removed. It said: 'Next, we need to find all possible sums of the two numbers chosen by Tina. We can list all combinations and their sums: (1,2) -> 3, (1,3) -> 4, (1,4) -> 5, (1,5) -> 6, (2,3) -> 5, (2,4) -> 6, (2,5) -> 7, (3,4) -> 7, (3,5) -> 8, (4,5) -> 9. The possible sums are 3, 4, 5, 6, 7, 8, 9.' → 'The possible sums of the two numbers chosen by Tina are 3, 4, 5, 6, 7, 8, 9.'",False,1021,4.21,
math,math_0135,qwen2.5:7b,knockout,10√2,False,10√2 cm,False,"Removed step 2: Step 2 was removed. It said: 'Using the Law of Sines, we have: 

\[ \frac{AB}{	ext{sin}(C)} = \frac{BC}{	ext{sin}(A)} \]

Substituting the known values: 

\[ \frac{20}{	ext{sin}(45°)} = \frac{BC}{	ext{sin}(30°)} \]

We know that \( 	ext{sin}(45°) = rac{	ext{sqrt}(2)}{2} \) and \( 	ext{sin}(30°) = rac{1}{2} \).' → 'We can set up the equation using the sine values.'",False,1078,14.23,
math,math_0136,qwen2.5:7b,knockout,0.5,True,1/2,True,Removed step 2: Step 2 was removed. It said: 'Simplify the equation by combining like terms.' → 'The equation simplifies to: $2x^2 - x - 15 = 14$.',True,429,3.2,
math,math_0137,qwen2.5:7b,knockout,d,True,d,False,Removed step 4: Step 4 was removed. It said: 'Reflecting over the x-axis changes $y$ to $-y$. This means the y-values of the graph will be negated.' → 'The graph after the second reflection will have the line segment from $x = 0$ to $x = 3$ with y-values negated and the semicircle from $x = -2$ to $x = 0$ with y-values negated.',False,1571,9.43,
math,math_0138,qwen2.5:7b,knockout,169,True,169,False,"Removed step 2: Step 2 was removed. It said: 'The perimeter of a rectangle is given by the formula 2(length + width). For our rectangle, the perimeter is 2(3s + s) = 2(4s) = 8s. We know the perimeter is 104 inches, so we can set up the equation 8s = 104.' → 'The equation 8s = 104 represents the perimeter of the rectangle.'",False,581,4.78,
math,math_0139,qwen2.5:7b,knockout,9/20,False,9/20,False,"Removed step 3: Step 3 was removed. It said: 'Now, we calculate the probability of drawing two balls of the same color from Bag B. There are 6 white and 3 red balls. The probability of drawing two white balls is (6/9) * (5/8) = 5/12. The probability of drawing two red balls is (3/9) * (2/8) = 1/12. The total probability for Bag B is 5/12 + 1/12 = 6/12 = 1/2.' → 'P(Same color | Bag B) = 1/2'",False,864,5.48,
math,math_0140,qwen2.5:7b,knockout,2k + 2,False,2k + 2,False,"Removed step 2: Step 2 was removed. It said: 'Next, we simplify the expression by combining the $k$ terms and the constant terms. The $k$ terms are $-k$ and $3k$, and the constant terms are $4$ and $-2$.' → 'Simplify: $(-k + 3k) + (4 - 2)$'",False,352,2.97,
math,math_0142,qwen2.5:7b,knockout,3,False,3,False,"Removed step 4: Step 4 was removed. It said: 'By comparing the coefficients, we can see that the terms involving odd powers of $x$ must cancel out, which implies that $a_3 = 0$ and $a_1 = 0$. This simplifies the polynomial to $P(x) = a_4x^4 + a_2x^2 + a_0$.' → 'The polynomial must be of the form $P(x) = a_4x^4 + a_2x^2 + a_0$.'",False,1055,7.74,
math,math_0145,qwen2.5:7b,knockout,88,False,88,False,"Removed step 2: Step 2 was removed. It said: 'To find the remainder of -314159 when divided by 101, we can use the division algorithm: -314159 = 101 * q + r, where q is the quotient and r is the remainder. Since -314159 is negative, we need to ensure that the remainder r is non-negative and less than 101.' → 'We need to perform the division -314159 / 101 to find the quotient and remainder.'",False,449,2.53,
math,math_0146,qwen2.5:7b,knockout,650,True,650,False,"Removed step 2: Step 2 was removed. It said: 'The formula for permutations is given by P(n, k) = n! / (n - k)!, where n is the total number of items, and k is the number of items to choose. Here, n = 26 and k = 2.' → 'We need to calculate P(26, 2) = 26! / (26 - 2)! = 26! / 24!'",False,512,2.8,
math,math_0147,qwen2.5:7b,knockout,8,True,8,False,"Removed step 3: Step 3 was removed. It said: 'We have calculated that there are 8 multiples of 60 within the first 500 positive integers. These multiples are 60, 120, 180, 240, 300, 360, 420, and 480.' → 'There are 8 numbers in the first 500 positive integers that are divisible by 3, 4, and 5.'",False,559,5.16,
math,math_0148,qwen2.5:7b,knockout,0,True,0,False,"Removed step 2: Step 2 was removed. It said: 'To understand the magnitude, we can use logarithms. The logarithm of the expression is 1000 * log(1/23) = 1000 * (-log(23)). Using a calculator, log(23) is approximately 1.3617. Therefore, -log(23) is approximately -1.3617. Multiplying by 1000 gives -1361.7. This means the expression is approximately 10^(-1361.7), which is a very small number.' → 'The expression is approximately 10^(-1361.7), a very small number.'",False,372,2.52,
math,math_0149,qwen2.5:7b,knockout,4,True,4,False,"Removed step 2: Step 2 was removed. It said: 'Apply the power of a power rule, which states that (a^m)^n = a^(m*n).' → '2^8 = 2^(2*x)'",False,309,2.35,
math,math_0150,qwen2.5:7b,knockout,2π,False,2π,False,Removed step 2: Step 2 was removed. It said: 'The period of the combined function $y = 	ext{csc } x - 	ext{cos } 3x$ is the least common multiple (LCM) of the individual periods. We need to find the LCM of $2	ext{π}$ and $rac{2	ext{π}}{3}$.' → 'We need to find the LCM of $2	ext{π}$ and $rac{2	ext{π}}{3}$.',False,570,3.42,
math,math_0151,qwen2.5:7b,knockout,1,False,0,True,"Removed step 4: Step 4 was removed. It said: 'We must also ensure that the denominator $a - 1$ is not zero, which it is not for $a = 1$. Therefore, $a = 1$ is a valid solution.' → 'The only real value of $a$ that satisfies the equation is $a = 1$.'",True,565,3.01,
math,math_0152,qwen2.5:7b,knockout,1,True,1,False,"Removed step 2: Step 2 was removed. It said: 'Next, we raise the result from step 1 to the power of 2. Any positive number raised to the power of 2 is still positive.' → 'The result of \\( ((-345)^4)^2 \\ ) is a positive number.'",False,518,2.84,
math,math_0153,qwen2.5:7b,knockout,20,True,20,False,"Removed step 2: Step 2 was removed. It said: 'Next, we need to find the difference between f(10) and f(9).' → 'f(10) - f(9) = 127 - 107 = 20.'",False,370,2.67,
math,math_0154,qwen2.5:7b,knockout,14,True,14,False,"Removed step 4: Step 4 was removed. It said: 'Now, we add the two equations to eliminate y: (9x + 12y - 36z) + (-8x - 12y + 36z) = 30 + (-16). This simplifies to 1x = 14.' → 'Adding the equations results in 1x = 14.'",False,636,4.58,
math,math_0155,qwen2.5:7b,knockout,18,False,18,False,"Removed step 3: Step 3 was removed. It said: 'Case 1: c = 0. Substituting c = 0 into the equations, we get 2a + b = 0 and ab = 0. If a = 0, then b = 0. If b = 0, then a = 0. So, the only solution in this case is (0, 0, 0).' → 'In the case where c = 0, the only solution is (0, 0, 0).'",False,1041,5.95,
math,math_0157,qwen2.5:7b,knockout,4.5,True,4.5,False,"Removed step 3: Step 3 was removed. It said: 'Next, we need to determine the volume of the cylindrical container that can hold this volume of milk. The formula for the volume of a cylinder is πr^2h, where r is the radius and h is the height.' → 'Volume of cylinder = π(2^2)h = 4πh cubic inches'",False,564,5.49,
math,math_0158,qwen2.5:7b,knockout,108,True,108,False,Removed step 2: Step 2 was removed. It said: 'We already know $x - y = 6$. We need to find $x^2 + xy + y^2$. We can use the given $x^2 + y^2 = 24$ and the identity $(x - y)^2 = x^2 - 2xy + y^2$ to find $xy$.' → 'We need to find $xy$ using the given equations.',False,644,4.14,
math,math_0159,qwen2.5:7b,knockout,9,False,9 square units,True,"Removed step 3: Step 3 was removed. It said: 'The height of the trapezoid is the vertical distance between the parallel bases. This is the y-coordinate of points D and C, which is 3 units.' → 'Height = 3 units.'",True,589,3.47,
math,math_0160,qwen2.5:7b,knockout,0.8615384615384615,False,56/65,True,"Removed step 3: Step 3 was removed. It said: 'For $	an a$, we have $	an^2 a + 1 = rac{1}{rac{3^2}{5^2}} = rac{25}{9}$. Thus, $	an^2 a = rac{25}{9} - 1 = rac{16}{9}$. Therefore, $	an a = rac{4}{3}$ (since $a$ is acute, $	an a$ is positive).' → '$	an a = rac{4}{3}$.'",True,1334,12.35,
math,math_0161,qwen2.5:7b,knockout,4,True,4,False,"Removed step 4: Step 4 was removed. It said: 'The positive integers that satisfy this inequality are 2, 3, 4, and 5. We can verify this by plugging these values back into the original expression (x + 2)^2 to ensure they fall between 10 and 50.' → 'The integers 2, 3, 4, and 5 satisfy the condition'",False,625,3.16,
math,math_0162,qwen2.5:7b,knockout,50,False,50,False,"Removed step 2: Step 2 was removed. It said: 'Observe the areas visually. The area for student Q is the largest section, which is a rectangle extending from the bottom to the middle of the diagram, and from the left side to the center.' → 'Student Q's area is the largest, covering a significant portion of the total area.'",False,664,3.24,
math,math_0163,qwen2.5:7b,knockout,-10,True,-10,False,Removed step 2: Step 2 was removed. It said: 'Move all terms to one side of the equation to set it to zero: $x^2 + 10x + 10x + 100 = 0$.' → 'x^2 + 20x + 100 = 0',False,444,4.05,
math,math_0164,qwen2.5:7b,knockout,7,False,7,False,"Removed step 3: Step 3 was removed. It said: 'To solve for n, we can use logarithms. Taking the natural logarithm of both sides, we get ln(1100) = ln(980 * (1.05)^n). Using the properties of logarithms, this simplifies to ln(1100) = ln(980) + n * ln(1.05). Solving for n, we get n = (ln(1100) - ln(980)) / ln(1.05).' → 'We need to calculate the value of n using the logarithmic equation.'",False,655,5.01,
math,math_0165,qwen2.5:7b,knockout,1,True,1,False,"Removed step 2: Step 2 was removed. It said: 'Now that we have g(1) = 0, we need to find f(g(1)), which is equivalent to finding f(0). The function f(x) is given as f(x) = x^3 + 2x + 1. By substituting x = 0 into f(x), we can find f(0).' → 'f(0) = 0^3 + 2*0 + 1 = 1'",False,365,4.41,
math,math_0166,qwen2.5:7b,knockout,-4,True,-4,False,"Removed step 2: Step 2 was removed. It said: 'The ceiling function ⌊ x ⌋ returns the smallest integer greater than or equal to x. For -4.7958, the smallest integer greater than or equal to this value is -4.' → '⌊ -√23 ⌋ = -4.'",False,329,3.72,
math,math_0167,qwen2.5:7b,knockout,12,False,12,False,"Removed step 5: Step 5 was removed. It said: 'The area of triangle TRS can be calculated similarly. The area of triangle TRS = 1/2 * RS * TR = 1/2 * w * (w/2) = w^2 / 4. Since the area of the rectangle is l * w = 24, we can express w^2 as 24/l. Thus, the area of triangle TRS = (24/l) / 4 = 6.' → 'Area of triangle TRS = 6'",False,770,5.03,
math,math_0168,qwen2.5:7b,knockout,0,False,0,False,"Removed step 2: Step 2 was removed. It said: 'We need to find the roots with a positive real part. The real part of $2e^{irac{k	heta}{6}}$ is $2	ext{Re}(e^{irac{k	heta}{6}}) = 2	ext{Re}(	ext{cos}(rac{k	heta}{6}) + i	ext{sin}(rac{k	heta}{6})) = 2	ext{cos}(rac{k	heta}{6})$. The cosine function is positive in the first and fourth quadrants, so we need to find the values of $k$ for which $rac{k	heta}{6}$ is in the first and fourth quadrants.' → 'The roots with a positive real part are for $k = 0, 1, 2, 10, 11$.'",False,565,4.38,
math,math_0169,qwen2.5:7b,knockout,3,False,3,False,"Removed step 4: Step 4 was removed. It said: 'We need to count the distinct values of $x + y + z$. From the previous step, we have the sums 3, 1, and -1.' → 'There are 3 distinct values for $x + y + z$: 3, 1, and -1.'",False,749,2.98,
math,math_0170,qwen2.5:7b,knockout,9,False,9,False,"Removed step 4: Step 4 was removed. It said: 'Multiplying both sides by 3, we get y^2 z^2 + x^2 z^2 + x^2 y^2 ≥ 3x^2 y^2 z^2. Dividing both sides by xyz, we get rac{y^2 z^2 + x^2 z^2 + x^2 y^2}{xyz} ≥ 3xyz.' → 'Therefore, rac{y^2 z^2 + x^2 z^2 + x^2 y^2}{xyz} ≥ 3xyz.'",False,917,3.38,
math,math_0171,qwen2.5:7b,knockout,8,True,8,False,"Removed step 2: Step 2 was removed. It said: 'Next, we list the multiples of 12 that are less than 100: 12, 24, 36, 48, 60, 72, 84, 96. These are the numbers less than 100 that are divisible by 12.' → 'The multiples of 12 less than 100 are 12, 24, 36, 48, 60, 72, 84, and 96.'",False,389,3.51,
math,math_0173,qwen2.5:7b,knockout,2,True,2,False,"Removed step 6: Step 6 was removed. It said: 'Since no valid pairs were found for the first number being 5, we move on to the next prime, which is 7. If 7 is the first number, the sum of the other two primes must be 13. We need to check if there are any pairs of primes that sum to 13.' → 'Checking pairs: (5, 8), (11, 2). Only (11, 2) is a valid pair of primes.'",False,770,3.92,
math,math_0174,qwen2.5:7b,knockout,(9/2)π,False,(9/2)π cm,False,"Removed step 3: Step 3 was removed. It said: 'The circumference C of a circle is given by the formula C = πd, where d is the diameter of the circle.' → 'C = π * 4.5 cm'",False,486,3.82,
math,math_0175,qwen2.5:7b,knockout,84,True,84,False,Removed step 3: Step 3 was removed. It said: 'Simplify the equation to find the value of x: 15x = 180. Dividing both sides by 15 gives x = 12.' → 'x = 12',False,418,2.78,
math,math_0176,qwen2.5:7b,knockout,720,False,720,False,Removed step 2: Step 2 was removed. It said: '6! means 6 × 5 × 4 × 3 × 2 × 1. We calculate this product to find the total number of arrangements.' → '6! = 720',False,251,1.93,
math,math_0177,qwen2.5:7b,knockout,1007.5,False,1007.5,False,"Removed step 2: Step 2 was removed. It said: 'If we include only the smallest and largest elements, the set S would be {0, 2015}. The average of these elements is calculated by summing them and dividing by the number of elements.' → 'The average of the set {0, 2015} is (0 + 2015) / 2 = 2015 / 2 = 1007.5.'",False,479,3.85,
math,math_0178,qwen2.5:7b,knockout,13,True,13,False,"Removed step 2: Step 2 was removed. It said: 'Next, we need to determine the number of digits in the integer \\( 125 	imes 10^{10} \""). This can be understood by recognizing that multiplying by \\( 10^{10} \\) appends 10 zeros to the number 125, making it 125 followed by 10 zeros, which is 125000000000.' → 'The number 125000000000 has 13 digits.'",False,524,4.07,
math,math_0179,qwen2.5:7b,knockout,12,True,12,False,"Removed step 3: Step 3 was removed. It said: 'Next, we take the quotient 113 and divide it by 6. 113 divided by 6 is 18 with a remainder of 5. So, the next digit in the base-6 representation is 5.' → 'The second last digit in the base-6 representation of 682 is 5.'",False,623,3.43,
math,math_0180,qwen2.5:7b,knockout,3/10,False,the probability that $n$ is divisible by 4 is $\frac{3}{10},True,"Removed step 4: Step 4 was removed. It said: 'Since $b$ can take any value from 0 to 9, there are 10 possible outcomes for $b$.' → 'There are 10 possible outcomes for $b$.'",True,625,4.35,
math,math_0181,qwen2.5:7b,knockout,13,True,13,False,"Removed step 2: Step 2 was removed. It said: 'Now that we have $r-5 = 8$, we need to isolate $r$. To do this, we add 5 to both sides of the equation. This will cancel out the -5 on the left side, leaving us with just $r$.' → 'Add 5 to both sides: $r = 13$'",False,331,3.91,
math,math_0182,qwen2.5:7b,knockout,6,False,6,False,"Removed step 2: Step 2 was removed. It said: 'The number of permutations of 3 items is given by 3 factorial (3!). This is because each of the 3 outfits can be assigned to any of the 3 models, then the next outfit to any of the remaining 2 models, and so on.' → 'The number of permutations of 3 items is 3! = 3 × 2 × 1 = 6.'",False,441,2.8,
math,math_0183,qwen2.5:7b,knockout,81,True,81,False,Removed step 4: Step 4 was removed. It said: 'Simplify the equation: (27 / 2) * (2a + 26) = $3^7$. Multiply both sides by 2 to clear the fraction: 27 * (2a + 26) = 2 * $3^7$.' → '27 * (2a + 26) = 2 * 2187',False,653,2.87,
math,math_0184,qwen2.5:7b,knockout,12,True,12,False,"Removed step 2: Step 2 was removed. It said: 'The volume $V$ of a sphere with radius $r$ is given by $V = rac{4}{3}	imes	ext{π}	imes r^3$. The surface area $A$ of a sphere with radius $r$ is given by $A = 4	imes	ext{π}	imes r^2$. For a polyhedron inscribed in a sphere of radius $36$, the maximum volume and minimum surface area will be those of a sphere with radius $36$.' → 'The maximum volume of a polyhedron inscribed in a sphere of radius $36$ is $rac{4}{3}	imes	ext{π}	imes 36^3$ and the minimum surface area is $4	imes	ext{π}	imes 36^2$.'",False,713,3.99,
math,math_0185,qwen2.5:7b,knockout,8918,True,8918,False,"Removed step 3: Step 3 was removed. It said: 'Now, we calculate the volume of the second cube using the formula V = a^3, where a is the edge length of the second cube.' → 'The volume of the second cube is 9261 cm³.'",False,511,4.96,
math,math_0186,qwen2.5:7b,knockout,-1,True,-1,False,"Removed step 3: Step 3 was removed. It said: 'Now, we need to find the product $f^{-1}(a) 	imes a 	imes f(a)$. We already have $f(a) = rac{1}{1-a}$ and $f^{-1}(a) = rac{a-1}{a}$.' → 'We substitute these into the product expression.'",False,662,4.19,
math,math_0188,qwen2.5:7b,knockout,13,True,13,False,"Removed step 5: Step 5 was removed. It said: 'Solve for the two solutions by evaluating the expression for both the positive and negative square root.' → 'x1 = (7 + 13) / 2 = 20 / 2 = 10, x2 = (7 - 13) / 2 = -6 / 2 = -3'",False,560,2.99,
math,math_0189,qwen2.5:7b,knockout,6,False,6,False,"Removed step 2: Step 2 was removed. It said: 'The magnitude of the sum of these complex numbers is $|1 + i| = rac{1 + i}{1} = rac{2}{2} = 1$. This implies that the sum of the magnitudes of the individual complex numbers is at least 1, and the equality holds when the complex numbers are aligned in a specific way. We can use the triangle inequality to find the minimum value of $	ext{cos}(	heta_1)$.' → 'The magnitude of the sum of the complex numbers is 1, which means the sum of the magnitudes of the individual complex numbers is at least 1.'",False,1068,5.43,
math,math_0190,qwen2.5:7b,knockout,(-3 2),False,(-3 2),False,"Removed step 6: Step 6 was removed. It said: 'We can solve the system of equations by substitution or elimination. Let's use substitution. From the first equation, we can express a in terms of c: a = 1 - 2c. Substituting this into the second equation gives 2(1 - 2c) + 4 + c = 0, which simplifies to 2 - 4c + 4 + c = 0, or -3c + 6 = 0. Solving for c gives c = 2.' → 'c = 2.'",False,1021,7.94,
math,math_0191,qwen2.5:7b,knockout,0,True,0,False,"Removed step 1: Step 1 was removed. It said: 'Given that triangle ABC is a right triangle with angle A being 90 degrees, we know that the cosine of a 90-degree angle is 0. This is a fundamental trigonometric identity.' → 'cos A = 0'",False,254,2.79,
math,math_0192,qwen2.5:7b,knockout,1,True,1,False,"Removed step 3: Step 3 was removed. It said: 'Now, we need to evaluate the remaining pairs. We know that 	an 30^	extcirc = rac{1}{oot 3 	extcirc} and 	an 60^	extcirc = oot 3 	extcirc. Therefore, 	an 30^	extcirc 	an 60^	extcirc = rac{1}{oot 3 	extcirc} 	imes oot 3 	extcirc = 1.' → 'The product of 	an 30^	extcirc and 	an 60^	extcirc is 1.'",False,749,2.77,
math,math_0193,qwen2.5:7b,knockout,14,False,14,False,"Removed step 4: Step 4 was removed. It said: 'Count the number of unique areas that can be formed. Since 1, 4, and 9 are the only unique areas, we need to sum these values.' → 'Unique areas: 1, 4, 9'",False,575,3.44,
math,math_0194,qwen2.5:7b,knockout,7,True,7,False,"Removed step 2: Step 2 was removed. It said: 'Now, we need to find $f^{-1}(4)$. Given that $f(7) = 4$, the inverse function $f^{-1}(x)$ will map 4 back to 7.' → 'f^{-1}(4) = 7'",False,429,3.18,
math,math_0195,qwen2.5:7b,knockout,-2/3,False,-2/3,False,"Removed step 3: Step 3 was removed. It said: 'Now that we have the x-coordinate of the vertex, we can find the y-coordinate by substituting $x = 4$ back into the equation $y = rac{2}{3}x^2 - rac{16}{3}x + 6$.' → 'Substituting $x = 4$ into the equation, we get $y = rac{2}{3}(4)^2 - rac{16}{3}(4) + 6 = rac{32}{3} - rac{64}{3} + 6 = -rac{32}{3} + 6 = -rac{32}{3} + rac{18}{3} = -rac{14}{3}$. Thus, the y-coordinate of the vertex, $n$, is $-rac{14}{3}$.'",False,681,5.59,
math,math_0196,qwen2.5:7b,knockout,90,True,90,False,"Removed step 3: Step 3 was removed. It said: 'Now, the left side of the equation is a perfect square trinomial, which can be written as (x + 9)^2. The equation now looks like: (x + 9)^2 = 90.' → '(x + 9)^2 = 90'",False,494,3.01,
math,math_0197,qwen2.5:7b,knockout,12 + 24sqrt(2),False,12 + 24sqrt(2),False,"Removed step 2: Step 2 was removed. It said: 'Next, we need to find the length of the common external tangents AD and BC. The length of the common external tangent between two circles with radii r1 and r2 and distance d between their centers is given by: sqrt(d^2 - (r1 + r2)^2). Here, d = 6, r1 = 2, and r2 = 4.' → 'The length of the common external tangents AD and BC is 4sqrt(2) units.'",False,1006,5.4,
math,math_0198,qwen2.5:7b,knockout,8/3,False,8/3,False,Removed step 7: Step 7 was removed. It said: 'Calculate the discriminant: $16^2 - 4*3*(-64) = 256 + 768 = 1024$.' → 'Discriminant = 1024',False,921,4.08,
math,math_0199,qwen2.5:7b,knockout,22,True,22,False,Removed step 2: Step 2 was removed. It said: 'Set up the equation 2x^2 + 8x + 4 = 7 and solve for x to find the x-coordinates of the points where the parabola intersects the line y = 7.' → 'Solve the quadratic equation 2x^2 + 8x - 3 = 0.',False,786,5.16,
folio,folio_0000,qwen2.5:7b,knockout,unknown,True,unknown,False,"Removed step 2: Step 2 was removed. It said: 'Analyze the premises to see if they support the conclusion. The conclusion states that 'Breaking Bad is on Monday at 8 pm.' To determine if this is true, we need to check if the premises provide any information about the airing time of Breaking Bad.' → 'Premises do not provide information about the airing time of Breaking Bad.'",False,673,3.09,
folio,folio_0002,qwen2.5:7b,knockout,true,True,true,False,Removed step 2: Step 2 was removed. It said: 'The premises also state that humans are mammals and mammals are animals.' → 'Humans are a subset of animals.',False,373,2.3,
folio,folio_0003,qwen2.5:7b,knockout,false,True,false,False,"Removed step 2: Step 2 was removed. It said: 'Analyze the logical flow from the premises. If someone can do jump shots, they leap straight into the air, and if they leap straight into the air, they activate their leg muscles. This means that if someone is a professional basketball player, they must activate their leg muscles.' → 'Professional basketball players must activate their leg muscles.'",False,484,3.15,
folio,folio_0004,qwen2.5:7b,knockout,true,False,true,False,"Removed step 5: Step 5 was removed. It said: 'Combine the conclusions from steps 3 and 4. If KO is suitable for a retirement fund, it cannot be a growth stock, as growth stocks are not suitable for retirement funds.' → 'KO is not a growth stock.'",False,612,2.85,
folio,folio_0005,qwen2.5:7b,knockout,unknown,True,unknown,False,Removed step 3: Step 3 was removed. It said: 'Analyze the second premise: 'Some pets are Brown Swiss cattle.' This means there is at least one pet that is also a Brown Swiss cattle.' → 'Some pets are Brown Swiss cattle.',False,714,3.1,
folio,folio_0006,qwen2.5:7b,knockout,false,True,false,False,"Removed step 3: Step 3 was removed. It said: 'Evaluate the conclusion that Butte and St Pierre are in the same state. From steps 1 and 2, we know Butte is in Montana and St Pierre is not in Montana.' → 'Butte and St Pierre are not in the same state.'",False,536,3.08,
folio,folio_0007,qwen2.5:7b,knockout,false,True,false,False,"Removed step 3: Step 3 was removed. It said: 'Compare the conclusion with the premises. The premises state that Imperium has a feud with Diamond Mine, which includes Ivy Nile.' → 'The conclusion is false based on the premises.'",False,388,2.74,
folio,folio_0008,qwen2.5:7b,knockout,unknown,False,unknown,False,"Removed step 2: Step 2 was removed. It said: 'Analyze the logical flow from the premises. If someone can do jump shots, they leap straight into the air, and if they leap straight into the air, they activate their leg muscles. Yuri does not activate his leg muscles, so he cannot leap straight into the air, and therefore, he cannot do jump shots.' → 'Yuri cannot do jump shots.'",False,557,2.5,
folio,folio_0009,qwen2.5:7b,knockout,unknown,True,unknown,False,"Removed step 2: Step 2 was removed. It said: 'Since the premises do not contain any information about the size of Beijing compared to other Chinese cities, we cannot determine if the conclusion is true or false based on the given information.' → 'The conclusion cannot be verified as true or false based on the provided premises.'",False,453,2.84,
folio,folio_0011,qwen2.5:7b,knockout,false,True,false,False,Removed step 2: Step 2 was removed. It said: 'Náutico is explicitly stated to be a football club in the premises.' → 'Náutico is a football club.',False,419,2.7,
folio,folio_0012,qwen2.5:7b,knockout,true,False,true,False,"Removed step 4: Step 4 was removed. It said: 'If 'Hachi: A dog’s Tale' is a family-friendly animated film, then from premise 4, it is rated General Audience. If it is appropriate for all ages, then from premise 3, it is rated General Audience.' → 'If 'Hachi: A dog’s Tale' is a family-friendly animated film or appropriate for all ages, it is rated General Audience.'",False,752,4.67,
folio,folio_0014,qwen2.5:7b,knockout,unknown,True,unknown,False,"Removed step 4: Step 4 was removed. It said: 'Examine the premises related to Palace of Flies. Premise 4 states that Palace of Flies is a book published by New Vessel Press. Premise 1 states that New Vessel Press translates foreign literature into English. Premise 2 states that all books published by New Vessel Press are in English. However, there is no information about the original language of Palace of Flies.' → 'No direct information about the original language of Palace of Flies is provided.'",False,637,3.46,
folio,folio_0015,qwen2.5:7b,knockout,unknown,False,unknown,False,Removed step 4: Step 4 was removed. It said: 'Consider the second state of Peter from Premise 6: He does not spill a lot of food on his clothing and is not cleanly.' → 'Second state of Peter leads to a contradiction.',False,580,3.18,
folio,folio_0016,qwen2.5:7b,knockout,false,False,false,False,"Removed step 5: Step 5 was removed. It said: 'Since the premises do not provide any information about coughing being a symptom of Monkeypox, and the conclusion is not supported by the given information, the conclusion must be considered as not true based on the provided premises.' → 'The conclusion is not supported by the premises.'",False,583,3.11,
folio,folio_0017,qwen2.5:7b,knockout,unknown,True,unknown,False,Removed step 3: Step 3 was removed. It said: 'Analyze the conclusion: 'No one gets the flu.' This statement is making a broad claim about the non-existence of the flu in anyone.' → 'The conclusion makes a claim about the flu that is not supported by the given premises.',False,501,3.61,
folio,folio_0018,qwen2.5:7b,knockout,false,False,false,False,Removed step 4: Step 4 was removed. It said: 'The fourth premise states that Karen does not download 'Black Mirror'. This means that Karen does not binge-watch 'Black Mirror' based on the 'if and only if' condition.' → 'Karen does not download 'Black Mirror' and therefore does not binge-watch 'Black Mirror'.',False,536,3.51,
folio,folio_0019,qwen2.5:7b,knockout,false,True,false,False,Removed step 3: Step 3 was removed. It said: 'Analyze the second premise: 'Strikers are soccer players.' This provides additional context about strikers but does not directly impact the conclusion about his team.' → 'Premise 2: Strikers are soccer players.',False,579,2.89,
folio,folio_0020,qwen2.5:7b,knockout,true,True,true,False,"Removed step 2: Step 2 was removed. It said: 'The conclusion to be evaluated is 'Montana is home to the city of Missoula.' Given the information from step 1, we can directly state that Missoula is indeed in Montana.' → 'Montana is home to the city of Missoula.'",False,380,2.66,
folio,folio_0021,qwen2.5:7b,knockout,false,False,false,False,Removed step 2: Step 2 was removed. It said: 'Analyze the implications of John's engagement status.' → 'Engagement status of John implies not making wedding plans.',False,487,4.5,
folio,folio_0022,qwen2.5:7b,knockout,true,True,true,False,"Removed step 4: Step 4 was removed. It said: 'Verify the logical structure of the conclusion. If the mixture contains only one element, it cannot be a chemical compound. If the mixture contains carbon, it must be an organic compound, and thus a chemical compound, but not an alkane.' → 'The conclusion is correctly structured based on the premises.'",False,628,5.41,
folio,folio_0023,qwen2.5:7b,knockout,false,True,false,False,Removed step 4: Step 4 was removed. It said: 'Compare the conclusion from step 3 with the given conclusion in the problem statement. The problem states that 'Ailton was not loaned out to a football club.'' → 'The given conclusion contradicts the information derived from the premises.',False,482,2.89,
folio,folio_0024,qwen2.5:7b,knockout,unknown,True,unknown,False,Removed step 2: Step 2 was removed. It said: 'The second premise states that Heck cattle were bred back in the 1920s to resemble the aurochs.' → 'Heck cattle were bred to resemble aurochs.',False,494,2.48,
folio,folio_0025,qwen2.5:7b,knockout,true,True,true,False,"Removed step 4: Step 4 was removed. It said: 'Consider the implications of 1984 being a streaming service.' → 'If 1984 is a streaming service, then 1984 is a hardcover book (from step 3) and therefore printed text (since hardcover books are a subset of printed text).'",False,575,3.6,
folio,folio_0026,qwen2.5:7b,knockout,false,False,false,False,"Removed step 2: Step 2 was removed. It said: 'The conclusion states that Heinrich Schmidt was German or Russian or both. Given that we have established he was German, we need to check if there is any information suggesting he was Russian.' → 'There is no information suggesting Heinrich Schmidt was Russian.'",False,371,2.22,
folio,folio_0027,qwen2.5:7b,knockout,false,True,false,False,"Removed step 3: Step 3 was removed. It said: 'From step 2, we know Yuri cannot do jump shots. Premise 4 states that if someone can do jump shots, they leap straight into the air. Therefore, Yuri cannot leap straight into the air.' → 'Yuri cannot leap straight into the air.'",False,594,2.87,
folio,folio_0028,qwen2.5:7b,knockout,unknown,True,unknown,False,Removed step 5: Step 5 was removed. It said: 'Premise 5: All people whose families prioritize order and spotlessness themselves value order and spotlessness.' → 'People whose families prioritize order and spotlessness value order and spotlessness.',False,728,4.44,
folio,folio_0029,qwen2.5:7b,knockout,unknown,True,unknown,False,Removed step 5: Step 5 was removed. It said: 'Analyze the fourth premise: 'If a player leaves a team they no longer play for that team.' This premise confirms the status change from step 4.' → 'Lewandowski does not play for Bayern Munich anymore.',False,562,3.63,
folio,folio_0030,qwen2.5:7b,knockout,false,True,false,False,"Removed step 3: Step 3 was removed. It said: 'The conclusion states that Peter is shorter than a man in Michael's class. However, since Peter is not in Michael's class, this statement cannot be true.' → 'Peter is not shorter than a man in Michael's class.'",False,469,2.89,
folio,folio_0031,qwen2.5:7b,knockout,unknown,True,unknown,False,"Removed step 3: Step 3 was removed. It said: 'Examine the information about Palace of Flies. It is also published by New Vessel Press, but no information about its origin language is provided.' → 'Palace of Flies is a book published by New Vessel Press, but its origin language is unknown.'",False,536,3.36,
folio,folio_0032,qwen2.5:7b,knockout,false,True,false,False,"Removed step 7: Step 7 was removed. It said: 'From the premises, we know that if a stock is a growth stock, it is bought for rapid price appreciation and thus not suitable for a retirement fund. However, KO is a mature stock and is suitable for a retirement fund.' → 'KO cannot be a growth stock because it is suitable for a retirement fund.'",False,654,3.11,
folio,folio_0033,qwen2.5:7b,knockout,true,True,true,False,"Removed step 5: Step 5 was removed. It said: 'Combine the conclusions from Cases 1 and 2 with the premises about Bonnie's engagement and status in the club.' → 'If Bonnie is either a young child or teenager who wishes to further her academic career and educational opportunities, she is a student who attends the school. If she is neither, she is an inactive and disinterested member of the community.'",False,826,6.72,
folio,folio_0034,qwen2.5:7b,knockout,true,True,true,False,"Removed step 7: Step 7 was removed. It said: 'Combine the premises: If Max adores a Zaha Hadid design, it has interesting geometries (from step 2). If a design has interesting geometries, it is a brutalist building and evocative (from step 6). However, no brutalist buildings that Max adores have interesting geometries (from step 3). This creates a contradiction, meaning Max cannot adore a Zaha Hadid design with interesting geometries.' → 'Max cannot adore a Zaha Hadid design with interesting geometries.'",False,969,5.82,
folio,folio_0035,qwen2.5:7b,knockout,unknown,True,unknown,False,"Removed step 2: Step 2 was removed. It said: 'Analyze the logical flow from the premises. If someone can do jump shots, they leap straight into the air, and if they leap straight into the air, they activate their leg muscles. Yuri does not activate his leg muscles, so he cannot leap straight into the air, and therefore, he cannot do jump shots.' → 'Yuri cannot do jump shots.'",False,509,2.6,
folio,folio_0036,qwen2.5:7b,knockout,true,True,true,False,"Removed step 1: Step 1 was removed. It said: 'The first premise states that books contain tons of knowledge. Since 'Walden' is a book, it follows that 'Walden' contains knowledge.' → 'Walden contains knowledge.'",False,246,1.79,
folio,folio_0037,qwen2.5:7b,knockout,true,True,false,True,Removed step 3: Step 3 was removed. It said: 'Evaluate the antecedent of the conclusion: 'colorectal cancer is a kind of bile duct cancer or a form of Cholangiocarcinoma.'' → 'This statement is false based on Premise 6.',True,554,4.8,
folio,folio_0038,qwen2.5:7b,knockout,false,False,false,False,"Removed step 7: Step 7 was removed. It said: 'From steps 2 and 6, we know that brutalist buildings that Max adores cannot have interesting geometries, and if a design has interesting geometries, it must be a brutalist building and evocative. This creates a contradiction because brutalist buildings cannot have interesting geometries, and if they did, they would be both brutalist and evocative, which is not possible.' → 'There is a contradiction in the premises regarding brutalist buildings and interesting geometries.'",False,847,3.23,
folio,folio_0039,qwen2.5:7b,knockout,false,True,false,False,"Removed step 3: Step 3 was removed. It said: 'Analyze the second premise: 'Some grumpy people are mean to animals.' This means there is at least one grumpy person who is mean to animals, but not all grumpy people are mean to animals.' → 'Premise 2: Some grumpy people are mean to animals.'",False,975,6.95,
folio,folio_0040,qwen2.5:7b,knockout,true,True,true,False,"Removed step 2: Step 2 was removed. It said: 'Determine the relationship between Sir Digby and his nemesis.' → 'Sir Digby fights his nemesis, and in superhero movies, good guys fight bad guys.'",False,566,4.63,
folio,folio_0041,qwen2.5:7b,knockout,false,True,false,False,Removed step 4: Step 4 was removed. It said: 'The fourth premise states that Descampe is from Belgium and is on the leaderboard of the 1992 du Maurier Classic.' → 'Descampe is from Belgium and is on the leaderboard of the 1992 du Maurier Classic.',False,801,3.92,
folio,folio_0042,qwen2.5:7b,knockout,true,True,true,False,Removed step 3: Step 3 was removed. It said: 'The conclusion directly follows from the application of the rule in step 2. There is no need to consider other premises or the podcast information.' → 'The conclusion is supported by the premises.',False,452,2.87,
folio,folio_0043,qwen2.5:7b,knockout,true,True,true,False,"Removed step 5: Step 5 was removed. It said: 'From premise 4, we know that all legal entities have legal obligations. Since the Harvard Weekly Book Club is a legal entity, it has legal obligations.' → 'The Harvard Weekly Book Club has legal obligations, as it is a legal entity (premise 4) and all legal entities have legal obligations.'",False,855,5.19,
folio,folio_0044,qwen2.5:7b,knockout,false,False,false,False,"Removed step 3: Step 3 was removed. It said: 'The conclusion states that Beijing hosted both the 2008 Summer Olympics and the Winter Olympics. The first premise confirms the 2008 Summer Olympics, but the second premise does not specify the 2008 Winter Olympics. Therefore, we cannot confirm the Winter Olympics from the given premises.' → 'The conclusion cannot be fully confirmed based on the given premises.'",False,591,5.1,
folio,folio_0045,qwen2.5:7b,knockout,false,True,false,False,Removed step 3: Step 3 was removed. It said: 'Identify the type of machine translation: it is a natural language processing task.' → 'Machine translation is a natural language processing task.',False,477,2.92,
folio,folio_0046,qwen2.5:7b,knockout,true,True,true,False,"Removed step 3: Step 3 was removed. It said: 'Examine the premise that 'When a person reads a book, that person gains knowledge.' Since Harry read 'Walden', he gained knowledge from it.' → 'Harry gained knowledge from reading 'Walden'.'",False,449,2.45,
folio,folio_0047,qwen2.5:7b,knockout,unknown,False,false,True,"Removed step 3: Step 3 was removed. It said: 'The conclusion states that John flies to LGA airport. However, based on the premises, this is not possible.' → 'The conclusion is not supported by the premises.'",True,404,2.91,
folio,folio_0048,qwen2.5:7b,knockout,true,True,true,False,Removed step 3: Step 3 was removed. It said: 'Compare the conclusion with the information derived from the premises.' → 'The conclusion that Pierson College is a residential college at Yale is supported by the premises.',False,433,2.59,
folio,folio_0049,qwen2.5:7b,knockout,unknown,True,unknown,False,"Removed step 2: Step 2 was removed. It said: 'Identify the types of wild turkeys that Tom is not, based on the premises.' → 'Tom is not an Eastern wild turkey, Osceola wild turkey, Gould’s wild turkey, Merriam’s wild turkey, or Rio Grande wild turkey.'",False,477,3.37,
folio,folio_0050,qwen2.5:7b,knockout,unknown,True,false,True,"Removed step 2: Step 2 was removed. It said: 'Apply the given logical rule: If place A is located in place B and place B is located in place C, then place A is located in place C. Here, Snow Island is in the South Shetland Islands, and the South Shetland Islands are in Antarctica. Therefore, Barutin Cove is in Antarctica.' → 'Barutin Cove is located in Antarctica.'",True,514,2.62,
folio,folio_0051,qwen2.5:7b,knockout,true,True,true,False,Removed step 3: Step 3 was removed. It said: 'Identify the training method for the state-of-the-art text summarization model: it is trained with machine learning algorithms.' → 'The state-of-the-art text summarization model is trained using machine learning algorithms.',False,599,2.77,
folio,folio_0052,qwen2.5:7b,knockout,true,True,true,False,"Removed step 5: Step 5 was removed. It said: 'According to the premises, if a person is an athlete, they are famous. Djokovic is famous and an athlete, so he is well-paid.' → 'Djokovic is well-paid.'",False,555,4.44,
folio,folio_0053,qwen2.5:7b,knockout,false,True,false,False,"Removed step 2: Step 2 was removed. It said: 'Analyze the premises one by one to understand the relationships between the entities mentioned.' → 'All business organizations are legal entities. All companies are business organizations. All private companies are companies. All legal entities are created under law. All legal entities have legal obligations. If the Harvard Weekly Book Club is created under law, then it is not a private company.'",False,525,2.75,
folio,folio_0054,qwen2.5:7b,knockout,false,True,false,False,"Removed step 3: Step 3 was removed. It said: 'Determine what can be concluded about Rockie. Since Rockie is calm and all skittish things are not calm, Rockie cannot be skittish. Premise 5 states that all squirrels are skittish, so Rockie cannot be a squirrel. Premise 3 states that the only animals near the campus are rabbits and squirrels, so Rockie must be a rabbit.' → 'Rockie is a rabbit.'",False,565,2.32,
folio,folio_0055,qwen2.5:7b,knockout,false,False,false,False,"Removed step 6: Step 6 was removed. It said: 'From premise 5, 'Hachi: A dog’s Tale' is either a family-friendly animated film or appropriate for all ages. If it is a family-friendly animated film, it is not in the 'Frozen' series. If it is appropriate for all ages, it does not contain excessive erotic and violent content.' → ''Hachi: A dog’s Tale' is not in the 'Frozen' series if it is a family-friendly animated film and does not contain excessive erotic and violent content if it is appropriate for all ages.'",False,1155,9.58,
folio,folio_0056,qwen2.5:7b,knockout,true,False,true,False,"Removed step 3: Step 3 was removed. It said: 'Examine the additional information about Hannah's eating habits and preferences.' → 'Premise 4: If people at Mary's school enjoy the dining hall meals and recipes, then they are not picky eaters. Premise 5: If people at Mary's school enjoy the dining hall meals and recipes, then they spend a lot of their time eating and catching up with friends in the campus dining halls. Hannah does not work in student jobs on campus if she enjoys the dining hall meals and recipes.'",False,610,3.63,
folio,folio_0057,qwen2.5:7b,knockout,false,True,false,False,"Removed step 4: Step 4 was removed. It said: 'Tom will rent an apartment in a managed building if he is allowed to move in with Fluffy, and the security deposit is no more than $1500. However, the security deposit is more than $1500.' → 'The condition for Tom to rent an apartment in The Olive Garden is not met.'",False,559,3.42,
folio,folio_0058,qwen2.5:7b,knockout,unknown,False,false,True,"Removed step 6: Step 6 was removed. It said: 'Determine the logical consistency of the premises.' → 'Given the premises, 1984 cannot be both a streaming service and a hardcover book. The premises do not provide a way to determine if 1984 is a streaming service or not.'",True,618,3.78,
folio,folio_0059,qwen2.5:7b,knockout,true,False,true,False,"Removed step 3: Step 3 was removed. It said: 'Rockie is calm. According to the premises, if something is skittish, it is not calm. Since all squirrels are skittish, a calm squirrel is impossible. Therefore, Rockie cannot be a squirrel.' → 'Rockie is not a squirrel.'",False,584,3.87,
folio,folio_0060,qwen2.5:7b,knockout,true,False,true,False,"Removed step 2: Step 2 was removed. It said: 'Analyze the mixture's properties. The mixture either both is a chemical compound and contains only one element, or neither. Since no chemical compounds contain only one element, the mixture cannot be a chemical compound and contain only one element.' → 'The mixture cannot be a chemical compound and contain only one element.'",False,464,4.25,
folio,folio_0061,qwen2.5:7b,knockout,unknown,True,unknown,False,Removed step 3: Step 3 was removed. It said: 'Check the state of Bismarck based on the given information.' → 'The state of Bismarck is not specified in the premises.',False,488,4.3,
folio,folio_0062,qwen2.5:7b,knockout,false,True,false,False,"Removed step 1: Step 1 was removed. It said: 'Premise 1 states that all vehicle registration plates in Istanbul begin with the number 34. Premise 2 states that plates not beginning with 34 are not from Istanbul. Joe's plate is from Istanbul, so it must begin with 34. Tom's plate begins with 35, and Premise 4 states that if a plate begins with 35, it does not begin with 34. Therefore, Tom's plate cannot be from Istanbul.' → 'Tom's plate is not from Istanbul.'",False,331,3.27,
folio,folio_0063,qwen2.5:7b,knockout,false,True,false,False,"Removed step 6: Step 6 was removed. It said: 'From step 2, if Ekaterina is not a Russian federation official, she can register to vote in the United States. However, since Vladimir is not a Russian federation official, he cannot be the one who prevents Ekaterina from registering to vote in the United States.' → 'Ekaterina can register to vote in the United States.'",False,776,3.88,
folio,folio_0065,qwen2.5:7b,knockout,false,False,false,False,"Removed step 4: Step 4 was removed. It said: 'The conclusion states that Beijing is located in southern China. However, the premises clearly indicate that Beijing is in Northern China.' → 'The conclusion is contradicted by the premises.'",False,463,3.39,
folio,folio_0066,qwen2.5:7b,knockout,true,False,true,False,"Removed step 9: Step 9 was removed. It said: 'From steps 6 and 7, James is taking a class with Professor David.' → 'James is taking a class with Professor David.'",False,662,3.05,
folio,folio_0068,qwen2.5:7b,knockout,true,False,true,False,"Removed step 2: Step 2 was removed. It said: 'Apply the transitive property of height. Since Peter is taller than Michael, and Michael is taller than everyone else, Peter is taller than everyone else in the class.' → 'Peter is taller than everyone else in the class.'",False,490,3.27,
folio,folio_0069,qwen2.5:7b,knockout,false,False,false,False,"Removed step 4: Step 4 was removed. It said: 'Check the security deposit requirement. The security deposit can be equal to the monthly rent or more, and the monthly rent is $2000. $2000 is more than $1500.' → 'The security deposit is more than $1500.'",False,524,2.46,
folio,folio_0070,qwen2.5:7b,knockout,true,False,true,False,"Removed step 7: Step 7 was removed. It said: 'Combine the information from steps 2, 3, and 6. If Max adores a brutalist building, it cannot have interesting geometries (premise 2), but if it had interesting geometries, it would be both brutalist and evocative (premise 6). This creates a contradiction, so Max cannot adore a brutalist building.' → 'Max cannot adore a brutalist building.'",False,996,4.61,
folio,folio_0071,qwen2.5:7b,knockout,true,True,true,False,Removed step 4: Step 4 was removed. It said: 'Premise states 'The security deposit can be either equal to the monthly rent at a managed building or more.' The monthly rent at the Olive Garden is $2000.' → 'The security deposit can be $2000 or more.',False,689,3.71,
folio,folio_0072,qwen2.5:7b,knockout,true,True,true,False,"Removed step 5: Step 5 was removed. It said: 'Apply the condition from step 2 to the output of machine translation from step 4.' → 'Since the output of machine translation is a text sequence, it is a language generation task.'",False,449,2.66,
folio,folio_0073,qwen2.5:7b,knockout,true,True,true,False,"Removed step 2: Step 2 was removed. It said: 'From the conclusion in step 1, and the premise 'All Romance languages are Indo-European languages.', we can infer that French, being a Romance language, is also an Indo-European language.' → 'French is an Indo-European language.'",False,392,2.08,
folio,folio_0074,qwen2.5:7b,knockout,true,True,true,False,Removed step 2: Step 2 was removed. It said: 'Compare the conclusion to the information derived from the premises. The conclusion states that Andrew Collins was the script editor for a series with the working title 'The Secret Dude Society'. This matches the information given in the premises.' → 'The conclusion aligns with the premises.',False,423,3.02,
folio,folio_0075,qwen2.5:7b,knockout,true,True,true,False,Removed step 4: Step 4 was removed. It said: 'Conclude that Rockie must be a rabbit based on the process of elimination.' → 'Rockie is a rabbit.',False,514,2.93,
folio,folio_0077,qwen2.5:7b,knockout,true,True,true,False,"Removed step 8: Step 8 was removed. It said: 'From step 6, dried Thai chilies could be spicy or not baked sweets. Since we have established they are not baked sweets, they could still be spicy.' → 'Dried Thai chilies could be spicy.'",False,715,3.64,
folio,folio_0078,qwen2.5:7b,knockout,true,True,true,False,"Removed step 6: Step 6 was removed. It said: 'Determine if Karen will share 'Stranger Things' with Lisa. According to Premise 6, if Karen binge-watches a Netflix show, she will share it with Lisa. Since Karen will binge-watch 'Stranger Things,' she will share it with Lisa.' → 'Karen will share 'Stranger Things' with Lisa.'",False,711,3.6,
folio,folio_0079,qwen2.5:7b,knockout,true,True,true,False,"Removed step 9: Step 9 was removed. It said: 'From premise 6, if John is engaged, he does not make wedding plans or invite friends. From premise 7, if John has a larger family, he either has a well-attended wedding or invites friends. If John does not have a larger family, he cannot have a well-attended wedding or invite friends.' → 'If John does not have a larger family, he cannot have a well-attended wedding or invite friends.'",False,1046,6.29,
folio,folio_0080,qwen2.5:7b,knockout,unknown,True,unknown,False,"Removed step 2: Step 2 was removed. It said: 'Analyze the first premise: 'Some mammals have teeth.' This means that there is at least one mammal that has teeth, but it does not specify all mammals.' → 'Premise 1 analyzed.'",False,583,3.06,
folio,folio_0081,qwen2.5:7b,knockout,false,True,false,False,Removed step 4: Step 4 was removed. It said: 'Evaluate the survival rate of colorectal cancer.' → 'Colorectal cancer is not Cholangiocarcinoma and does not have a low survival rate.',False,557,5.15,
folio,folio_0082,qwen2.5:7b,knockout,unknown,True,unknown,False,Removed step 2: Step 2 was removed. It said: 'The conclusion states that the world championships is a sporting event. The premises do not provide any information about the world championships.' → 'There is no information about the world championships in the premises.',False,342,2.15,
folio,folio_0083,qwen2.5:7b,knockout,false,True,false,False,Removed step 4: Step 4 was removed. It said: 'Identify the exclusion of reinforcement learning: it is not used to train the state-of-the-art text summarization model.' → 'Reinforcement learning is not used to train the state-of-the-art text summarization model.',False,566,3.75,
folio,folio_0085,qwen2.5:7b,knockout,true,False,true,False,"Removed step 4: Step 4 was removed. It said: 'From steps 2 and 3, we know that Roderick Strong leads Diamond Mine and the Creed Brothers are part of Diamond Mine.' → 'Roderick Strong leads the Creed Brothers as they are part of his stable, Diamond Mine.'",False,376,2.1,
folio,folio_0086,qwen2.5:7b,knockout,true,True,true,False,"Removed step 6: Step 6 was removed. It said: 'Premise 6 states that if a pet can fly, then it has wings. Since Rock can fly, it must have wings.' → 'Rock has wings.'",False,654,2.58,
folio,folio_0087,qwen2.5:7b,knockout,false,True,false,False,Removed step 2: Step 2 was removed. It said: 'Premise 7 explicitly states that James does not have a part-time job offered by the university. This directly contradicts the conclusion that James has a part-time job offered by the university.' → 'The conclusion is false based on the given premises.',False,651,7.42,
folio,folio_0088,qwen2.5:7b,knockout,false,False,false,False,Removed step 3: Step 3 was removed. It said: 'Examine the premise 'A duster is a household appliance that doesn't suck'. This premise is irrelevant to the conclusion about space being a vampire.' → 'The premise about dusters does not affect the conclusion.',False,447,3.1,
folio,folio_0089,qwen2.5:7b,knockout,false,False,false,False,Removed step 2: Step 2 was removed. It said: 'Check if there is any information linking Ailton Silva to Fluminense. The premises do not mention Fluminense at all.' → 'There is no information about Ailton Silva playing for Fluminense.',False,463,2.97,
folio,folio_0090,qwen2.5:7b,knockout,false,True,false,False,Removed step 2: Step 2 was removed. It said: 'Analyze the conclusion: 'The last summer Olympic games were not in Tokyo.' This directly contradicts the second premise which states 'The last summer Olympic games was in Tokyo.'' → 'The conclusion contradicts the second premise.',False,339,2.63,
folio,folio_0091,qwen2.5:7b,knockout,unknown,True,unknown,False,"Removed step 5: Step 5 was removed. It said: 'Review the fourth premise: 'Humans have teeth.' This provides information about a specific mammal, humans, but does not affect the classification of platypuses.' → 'Humans have teeth.'",False,560,2.98,
folio,folio_0092,qwen2.5:7b,knockout,true,True,true,False,"Removed step 3: Step 3 was removed. It said: 'Consider the first part of Taylor's scenario: She grew up in a health-conscious home and disregards her physical well-being.' → 'If Taylor grew up in a health-conscious home, she eats salads regularly (Premise 2). Since she disregards her physical well-being, she is not health-conscious (Premise 4). This contradicts the fact that salad eaters are health-conscious (Premise 1). Thus, this part of the scenario is impossible.'",False,651,5.49,
folio,folio_0093,qwen2.5:7b,knockout,false,False,unknown,True,"Removed step 2: Step 2 was removed. It said: 'Analyze the implications of the premises. From Premise 4, we know that bees do not reproduce by male-and-female mating. From Premise 5, we know that all queen bees are bees. From Premise 6, we know that Harry is a bee.' → 'Premise 4 and Premise 5 are relevant to the conclusion about Harry.'",True,527,3.98,
folio,folio_0094,qwen2.5:7b,knockout,true,True,true,False,"Removed step 2: Step 2 was removed. It said: 'Determine Harry's classification based on the premises. Since Harry is a bee (Premise 6), and all bees do not reproduce by male-and-female mating (Premise 4), Harry cannot be a vertebrate (because all vertebrates reproduce by male-and-female mating, as per Premise 2 and 3). Therefore, Harry must be an invertebrate.' → 'Harry is an invertebrate.'",False,619,3.85,
folio,folio_0095,qwen2.5:7b,knockout,false,True,false,False,"Removed step 2: Step 2 was removed. It said: 'The conclusion states that 'Family Secrets is a novel.' However, the premises only mention 'Family History' as a novel, not 'Family Secrets'.' → 'Family History is a novel, but there is no information about 'Family Secrets' being a novel.'",False,459,2.78,
folio,folio_0096,qwen2.5:7b,knockout,true,False,true,False,Removed step 3: Step 3 was removed. It said: 'Consider the case where Marvin is not from Mars.' → 'Marvin is not from Mars implies he is from Earth or from neither.',False,540,2.76,
folio,folio_0097,qwen2.5:7b,knockout,false,False,false,False,"Removed step 8: Step 8 was removed. It said: 'However, the cost of the GRE test is fixed at $205, regardless of financial aid eligibility.' → 'The cost of the GRE test is $205, not below $300.'",False,628,3.13,
folio,folio_0098,qwen2.5:7b,knockout,true,False,true,False,"Removed step 3: Step 3 was removed. It said: 'Premise 3 states that employees have lunch either in the company building or at home. If James does not have lunch at home, he must have lunch in the company building.' → 'If James appears in the company, he has lunch in the company building.'",False,842,4.34,
folio,folio_0099,qwen2.5:7b,knockout,true,True,true,False,"Removed step 4: Step 4 was removed. It said: 'Consider the second scenario: 'Luke is not a baby born in a multiple birth and does not live with strangers.'' → 'If Luke is not born in a multiple birth, he cannot have siblings who were born together (Premise 2), and thus cannot complain often about annoying siblings (Premise 3). This scenario does not create any contradictions.'",False,628,3.04,
folio,folio_0100,qwen2.5:7b,knockout,false,True,false,False,"Removed step 2: Step 2 was removed. It said: 'Analyze the conclusion. The statement claims that no politicians are part of the Nazi Reichstag. However, the premises provide a direct contradiction to this statement by mentioning Heinrich Schmidt, who is both a politician and a member of the Nazi Reichstag.' → 'The conclusion is false because it contradicts the given information.'",False,303,2.21,
folio,folio_0101,qwen2.5:7b,knockout,false,True,false,False,"Removed step 2: Step 2 was removed. It said: 'Examine the information about French and Spanish: French and Spanish are both Romance languages, and German is related to Spanish. This implies that Spanish is part of the Romance language family.' → 'Spanish is a Romance language.'",False,462,2.66,
folio,folio_0102,qwen2.5:7b,knockout,true,False,true,False,"Removed step 3: Step 3 was removed. It said: 'Identify the relevant premises: No chemical compounds contain only one element.' → 'Alkanes, being chemical compounds, do not contain only one element.'",False,489,4.13,
folio,folio_0103,qwen2.5:7b,knockout,unknown,True,unknown,False,"Removed step 6: Step 6 was removed. It said: 'Check the premise about the novel: 'Family History is a novel written in 2003.' This confirms that Family History is a novel, but does not provide information about Dani Shapiro's birthplace.' → 'Family History being a novel does not indicate Dani Shapiro's birthplace.'",False,834,4.55,
folio,folio_0104,qwen2.5:7b,knockout,true,False,true,False,"Removed step 3: Step 3 was removed. It said: 'Consider the case where Marvin is from Earth. If Marvin is from Earth, he is a human (from the premise 'All highly intelligent beings from Earth are humans'). However, this contradicts the premise 'No extraterrestrials are human' because all aliens are extraterrestrials. Therefore, Marvin cannot be from Earth.' → 'Marvin is not from Earth.'",False,416,1.73,
folio,folio_0105,qwen2.5:7b,knockout,true,True,true,False,"Removed step 2: Step 2 was removed. It said: 'Analyze the premises one by one. Premise 1 states that all growth stocks are bought to earn profits from rapid price appreciation. Premise 2 states that if a stock is bought to earn profits from rapid price appreciation, it is not suitable for a retirement fund. Premise 3 states that some stocks are growth stocks. Premise 4 states that all mature stocks are suitable for a retirement fund. Premise 5 states that KO is a mature stock.' → 'Premises are understood.'",False,629,3.1,
folio,folio_0106,qwen2.5:7b,knockout,true,True,true,False,"Removed step 2: Step 2 was removed. It said: 'Premise 2 states that all students with part-time jobs offered by the university work in the library. Premise 3 states that all students in the database course are from the computer science department. Premise 4 states that all students taking a class with Professor David are taking the database course. Premise 5 states that all students working in the lab are taking a class with Professor David. Therefore, students working in the lab are taking the database course and are from the computer science department.' → 'Students working in the lab are from the computer science department.'",False,709,8.12,
folio,folio_0107,qwen2.5:7b,knockout,false,True,false,False,"Removed step 4: Step 4 was removed. It said: 'Since Luke does not live at home, he does not spend a lot of time hanging out with and playing with his siblings (Premise 5).' → 'Luke does not spend a lot of time hanging out with and playing with his siblings.'",False,566,3.06,
folio,folio_0108,qwen2.5:7b,knockout,false,False,true,True,Removed step 7: Step 7 was removed. It said: 'Combine the findings from steps 5 and 6.' → 'Peter's condition does not match the conclusion.',True,670,5.16,
folio,folio_0109,qwen2.5:7b,knockout,false,True,false,False,"Removed step 9: Step 9 was removed. It said: 'From step 7, if the store has a rating greater than four, it is popular among local residents. If it is popular among local residents, it has a rating greater than four.' → 'If the store has a rating greater than four, it is popular among local residents.'",False,1070,4.44,
folio,folio_0110,qwen2.5:7b,knockout,false,True,false,False,Removed step 3: Step 3 was removed. It said: 'Analyze the second premise: 'Some pets are Brown Swiss cattle.' This means there is at least one pet that is also a Brown Swiss cattle.' → 'Some pets are Brown Swiss cattle.',False,607,3.13,
folio,folio_0111,qwen2.5:7b,knockout,true,True,true,False,"Removed step 2: Step 2 was removed. It said: 'The conclusion states that the United States won the most medals in the last summer Olympic games. Given that the last summer Olympic games were in Tokyo and the United States won the most medals in Tokyo, this directly aligns with the conclusion.' → 'The United States won the most medals in the last summer Olympic games.'",False,303,1.99,
folio,folio_0112,qwen2.5:7b,knockout,false,True,false,False,"Removed step 8: Step 8 was removed. It said: 'Since dried Thai chilies are not cupcakes, they cannot be products from Baked by Melissa, as all products from Baked by Melissa are cupcakes.' → 'Dried Thai chilies are not products from Baked by Melissa.'",False,616,2.84,
folio,folio_0113,qwen2.5:7b,knockout,true,True,true,False,"Removed step 8: Step 8 was removed. It said: 'Combine the conclusions from steps 2 and 3: If Ekaterina has United States citizenship, she can register to vote in the United States and thus participate in the 2024 election.' → 'If Ekaterina has United States citizenship, she can participate in the 2024 election.'",False,822,7.07,
folio,folio_0115,qwen2.5:7b,knockout,true,True,true,False,"Removed step 3: Step 3 was removed. It said: 'From steps 1 and 2, we can infer that Roderick Strong leads a professional wrestling stable, as Diamond Mine is a professional wrestling stable and Roderick Strong leads it.' → 'Roderick Strong leads a professional wrestling stable.'",False,321,1.91,
folio,folio_0116,qwen2.5:7b,knockout,false,True,false,False,"Removed step 3: Step 3 was removed. It said: 'Given that the premises state that no humans have hooves and all horses have hooves, it logically follows that no human can be a horse. Therefore, the statement 'Some humans are horses' cannot be true based on the given premises.' → 'The conclusion is false.'",False,423,2.07,
folio,folio_0117,qwen2.5:7b,knockout,true,False,true,False,"Removed step 7: Step 7 was removed. It said: 'From steps 5 and 6, we can infer that all Solo EV cars are one-seaters. This is because if they are single-seat electric cars, they are one-seaters.' → 'All Solo EV cars are one-seaters.'",False,812,3.87,
folio,folio_0119,qwen2.5:7b,knockout,false,False,false,False,Removed step 3: Step 3 was removed. It said: 'Apply the information about Solo EV cars to the conclusion about John's car.' → 'John's car is not a Tesla Model 3.',False,488,4.85,
folio,folio_0120,qwen2.5:7b,knockout,false,False,false,False,"Removed step 5: Step 5 was removed. It said: 'Combine the information from steps 1-4. Since the Picuris Mountains could be in New Mexico or Texas, and there are no mountain ranges in Texas with donated mines, the Picuris Mountains must be in New Mexico.' → 'The Picuris Mountains are in New Mexico.'",False,523,2.98,
folio,folio_0121,qwen2.5:7b,knockout,true,False,true,False,"Removed step 4: Step 4 was removed. It said: 'If 'Hachi: A dog’s Tale' is a family-friendly animated film, then from premise 4, it is rated General Audience. From premise 3, a film rated General Audience is appropriate for all ages. Therefore, if 'Hachi: A dog’s Tale' is a family-friendly animated film, it is appropriate for all ages.' → 'If 'Hachi: A dog’s Tale' is a family-friendly animated film, it is appropriate for all ages.'",False,981,5.23,
folio,folio_0122,qwen2.5:7b,knockout,true,True,true,False,"Removed step 2: Step 2 was removed. It said: 'Examine the information about Robert Lewandowski leaving Bayern Munich. The premise states that if a player leaves a team, they no longer play for that team.' → 'Robert Lewandowski is no longer a Bayern Munich player.'",False,434,3.06,
folio,folio_0123,qwen2.5:7b,knockout,false,False,false,False,"Removed step 2: Step 2 was removed. It said: 'Determine if 'suck' is a transitive property. The premises do not explicitly state that 'suck' is a transitive property, so we cannot assume that 'vacuums suck' implies 'space sucks'.' → 'Cannot assume 'suck' is a transitive property.'",False,522,2.97,
folio,folio_0124,qwen2.5:7b,knockout,false,False,false,False,"Removed step 2: Step 2 was removed. It said: 'Analyze Luke's situation based on the given statement: 'Luke either is a baby born in a multiple birth and live with strangers, or is not a baby born in a multiple birth and does not live with strangers.'' → 'Luke cannot be born in a multiple birth and live with strangers, as it contradicts the premises.'",False,574,3.58,
folio,folio_0125,qwen2.5:7b,knockout,true,True,true,False,Removed step 3: Step 3 was removed. It said: 'Determine Mia's favorite season based on the premises.' → 'Mia's favorite season is not summer.',False,425,2.21,
folio,folio_0126,qwen2.5:7b,knockout,false,True,false,False,"Removed step 4: Step 4 was removed. It said: 'Combine the information from steps 1, 2, and 3. The Picuris Mountains could be in New Mexico or Texas, but the Harding Pegmatite Mine is in the Picuris Mountains and cannot be in Texas.' → 'The Picuris Mountains must be in New Mexico.'",False,576,3.65,
folio,folio_0127,qwen2.5:7b,knockout,unknown,False,unknown,False,"Removed step 3: Step 3 was removed. It said: 'Since the premises only tell us that no hawks swim and some birds are hawks, we cannot conclude that all birds swim. There could be other types of birds that do swim, but the premises do not give us this information.' → 'The conclusion 'All birds swim' cannot be definitively true based on the given premises.'",False,446,2.86,
folio,folio_0128,qwen2.5:7b,knockout,true,True,true,False,Removed step 3: Step 3 was removed. It said: 'Check the second part of the conclusion: 'moved to New Haven'. The second premise states that 'Yale University moved to New Haven in 1716.' This directly supports the second part of the conclusion.' → 'The second part of the conclusion is supported by the premises.',False,481,2.63,
folio,folio_0129,qwen2.5:7b,knockout,true,False,true,False,"Removed step 2: Step 2 was removed. It said: 'From the third premise, we know that a person either has United States citizenship or Taiwanese citizenship. Vladimir is stated to neither hold Taiwanese citizenship nor be a manager at Gazprom. This implies that Vladimir must have United States citizenship.' → 'Vladimir has United States citizenship.'",False,746,3.25,
folio,folio_0130,qwen2.5:7b,knockout,true,True,true,False,"Removed step 4: Step 4 was removed. It said: 'Examine the conclusion: 'Some Heck cattle are artificially selected.' Given that Heck cattle were bred back to resemble aurochs, and breeding back is a form of artificial selection, it follows that some Heck cattle are the result of artificial selection.' → 'Some Heck cattle are the result of artificial selection.'",False,463,2.16,
folio,folio_0131,qwen2.5:7b,knockout,false,True,false,False,"Removed step 4: Step 4 was removed. It said: 'From steps 2 and 3, we know Susan cannot depart from LGA, while John is departing from LGA. This does not provide any information about Susan's departure airport.' → 'Susan's departure airport is not LGA.'",False,364,1.74,
folio,folio_0132,qwen2.5:7b,knockout,false,True,false,False,"Removed step 6: Step 6 was removed. It said: 'Combine the information from steps 2, 3, 4, and 5. Since The Legend of Zelda is made by a Japanese company, sold more than one million copies, and the third premise states that games selling over one million copies are on the Top 10 list, we can deduce that The Legend of Zelda should be on the Top 10 list.' → 'The Legend of Zelda should be on the Top 10 list.'",False,705,4.37,
folio,folio_0133,qwen2.5:7b,knockout,true,True,true,False,"Removed step 2: Step 2 was removed. It said: 'Analyze the premises one by one. Premise 1 states that all rabbits near the campus are cute. Premise 2 states that some turtles can be spotted near the campus. Premise 3 states that the only animals near the campus are rabbits and squirrels. Premise 4 states that if something is skittish, it is not calm. Premise 5 states that all squirrels near the campus are skittish. Premise 6 states that Rockie can be spotted near the campus and is calm.' → 'Understood the premises.'",False,514,2.31,
folio,folio_0134,qwen2.5:7b,knockout,unknown,True,unknown,False,"Removed step 2: Step 2 was removed. It said: 'The second premise states that some love is positive. This means there is an overlap between the set of love and the set of positive emotions, but not all love is positive, and not all positive emotions are love.' → 'Some love is positive.'",False,431,2.64,
folio,folio_0135,qwen2.5:7b,knockout,false,False,false,False,"Removed step 4: Step 4 was removed. It said: 'Since dried Thai chilies are not baked sweets (from step 2), and no baked sweets are spicy (from step 3), dried Thai chilies cannot be a baked sweet. Therefore, dried Thai chilies must be either spicy or mala hotpots.' → 'Dried Thai chilies are either spicy or mala hotpots.'",False,714,4.27,
folio,folio_0136,qwen2.5:7b,knockout,true,True,true,False,Removed step 3: Step 3 was removed. It said: 'Determine if Heinrich Schmidt fits the description in the conclusion. Heinrich Schmidt is a German politician who was a member of both the Prussian State Parliament and the Nazi Reichstag.' → 'Heinrich Schmidt is an example that satisfies the condition stated in the conclusion.',False,435,2.82,
folio,folio_0137,qwen2.5:7b,knockout,false,False,false,False,"Removed step 4: Step 4 was removed. It said: 'From the first premise, everyone who can register to vote in the United States can participate in the 2024 United States presidential election. Since Vladimir can register to vote in the United States, he can participate in the 2024 United States presidential election.' → 'Vladimir can participate in the 2024 United States presidential election.'",False,724,3.33,
folio,folio_0138,qwen2.5:7b,knockout,true,True,true,False,"Removed step 4: Step 4 was removed. It said: 'Apply the transitive property of location as stated in the premises. If place A is located in place B and place B is located in place C, then place A is located in place C. Here, Barutin Cove is located in Snow Island, and Snow Island is located in the South Shetland Islands, which are in Antarctica.' → 'Barutin Cove is located in Antarctica.'",False,562,4.11,
folio,folio_0139,qwen2.5:7b,knockout,false,True,false,False,"Removed step 2: Step 2 was removed. It said: 'Apply the given logical rule: If place A is located in place B and place B is located in place C, then place A is located in place C.' → 'Since Barutin Cove is in the South Shetland Islands and the South Shetland Islands are in Antarctica, Barutin Cove is in Antarctica.'",False,441,3.34,
folio,folio_0140,qwen2.5:7b,knockout,true,True,true,False,"Removed step 3: Step 3 was removed. It said: 'Assume John has a larger family. According to Premise 6, if John has a larger family, he either has a well-attended wedding or invites friends to his ceremony. If he has a well-attended wedding, by Premise 3, he invites others to his ceremony. If he invites friends, he does not make wedding plans (Premise 5). This contradicts Premise 2, which states that all people who invite others to their ceremony make wedding plans. Therefore, John cannot have a larger family.' → 'John does not have a larger family.'",False,727,3.91,
folio,folio_0141,qwen2.5:7b,knockout,false,False,false,False,"Removed step 2: Step 2 was removed. It said: 'Analyze the premises one by one. Premise 1 states that all rabbits near the campus are cute. Premise 2 states that some turtles can be spotted near the campus. Premise 3 states that the only animals near the campus are rabbits and squirrels. Premise 4 states that if something is skittish, it is not calm. Premise 5 states that all squirrels near the campus are skittish. Premise 6 states that Rockie can be spotted near the campus and is calm.' → 'Understood the premises.'",False,438,2.0,
folio,folio_0142,qwen2.5:7b,knockout,true,False,true,False,"Removed step 4: Step 4 was removed. It said: 'We need to check if there is any scenario where KiKi is not terricolous. If KiKi jumps, it has legs, and thus is not terricolous. If KiKi has legs, it jumps, and thus is not terricolous. If KiKi neither jumps nor has legs, it must be terricolous.' → 'KiKi cannot be not terricolous if it neither jumps nor has legs.'",False,605,5.2,
folio,folio_0143,qwen2.5:7b,knockout,true,False,true,False,Removed step 2: Step 2 was removed. It said: 'Determine if Braga is a football club. The premises state that Náutico and Braga are both football clubs.' → 'Braga is a football club.',False,390,2.32,
folio,folio_0144,qwen2.5:7b,knockout,true,False,true,False,"Removed step 4: Step 4 was removed. It said: 'Since Bonnie is in the club, and based on the structure of the premises, if she is not a student who attends the school and is very engaged with school events, she would be an inactive and disinterested community member, which contradicts the first part of Premise 6. Therefore, Bonnie must be a student who attends the school and is very engaged with school events.' → 'Bonnie is a student who attends the school and is very engaged with school events.'",False,835,3.66,
folio,folio_0145,qwen2.5:7b,knockout,true,False,true,False,"Removed step 3: Step 3 was removed. It said: 'From step 2, if a female player lost to Iga Świątek, they are ranked highly by the WTA.' → 'All female players at Roland Garros 2022 are ranked highly by the WTA.'",False,854,3.97,
folio,folio_0146,qwen2.5:7b,knockout,false,True,false,False,"Removed step 3: Step 3 was removed. It said: 'Determine the nature of Rock based on the premises. Since Rock is Peter's pet, and all of Peter's pets are either monkeys or birds (Premise 3), Rock must be either a monkey or a bird.' → 'Rock is either a monkey or a bird.'",False,678,2.61,
folio,folio_0147,qwen2.5:7b,knockout,unknown,True,unknown,False,"Removed step 2: Step 2 was removed. It said: 'From the first premise, we know that all fir trees are evergreens. Since some objects of worship are fir trees, it follows that some objects of worship are also evergreens. However, this does not necessarily mean that all evergreens are objects of worship.' → 'Some objects of worship are evergreens.'",False,606,4.02,
folio,folio_0148,qwen2.5:7b,knockout,false,True,false,False,"Removed step 6: Step 6 was removed. It said: 'Premises state that if KiKi neither jumps nor has legs, then KiKi is terricolous or has legs. This is a contradiction, so KiKi cannot be in this state.' → 'KiKi cannot be an animal that neither jumps nor has legs.'",False,688,3.77,
folio,folio_0149,qwen2.5:7b,knockout,false,True,false,False,Removed step 4: Step 4 was removed. It said: 'Evaluate the given condition about Harry.' → 'The condition is not met.',False,516,6.03,
folio,folio_0150,qwen2.5:7b,knockout,true,True,true,False,"Removed step 2: Step 2 was removed. It said: 'Determine the relationship between Ted and the categories mentioned. Since Ted is an alligator, and alligators are not domesticated animals, Ted cannot be a cow or a Brown Swiss cattle.' → 'Ted is not a Brown Swiss cattle.'",False,428,2.17,
folio,folio_0151,qwen2.5:7b,knockout,true,True,true,False,"Removed step 4: Step 4 was removed. It said: 'From step 3, if Ekaterina can register to vote in the United States, she can participate in the 2024 United States presidential election (first premise).' → 'If Ekaterina is a Russian federation official, she can participate in the 2024 United States presidential election.'",False,846,5.82,
folio,folio_0152,qwen2.5:7b,knockout,true,True,true,False,"Removed step 3: Step 3 was removed. It said: 'Consider the premise 'No baked sweets are spicy.' Since all cupcakes are baked sweets, no cupcakes are spicy. Given that all products from Baked by Melissa are cupcakes, no products from Baked by Melissa are spicy.' → 'No products from Baked by Melissa are spicy.'",False,430,2.59,
folio,folio_0153,qwen2.5:7b,knockout,true,True,true,False,"Removed step 4: Step 4 was removed. It said: 'Combine the information from steps 1 and 3 to determine the location of the Picuris Mountains. Given that the Picuris Mountains are in New Mexico or Texas and cannot be in Texas, they must be in New Mexico.' → 'The Picuris Mountains are in New Mexico.'",False,488,2.44,
folio,folio_0154,qwen2.5:7b,knockout,true,False,true,False,"Removed step 3: Step 3 was removed. It said: 'Consider the condition that Rock can fly, or Rock is a bird, or Rock cannot breathe.' → 'Rock is not a bird.'",False,448,4.32,
folio,folio_0155,qwen2.5:7b,knockout,true,True,true,False,"Removed step 3: Step 3 was removed. It said: 'Premise 3 states that Tom's license plate begins with the number 35. Premise 4 states that if a license plate begins with the number 35, then it does not begin with the number 34. This is consistent with the information about Tom's plate but does not affect Joe's plate.' → 'Tom's plate does not begin with 34.'",False,445,2.18,
folio,folio_0156,qwen2.5:7b,knockout,true,True,true,False,"Removed step 3: Step 3 was removed. It said: 'Analyze the information about Michael and Windy. The premises state that Michael cannot block Windy's shooting. Given that Michael can block any shooting from a person who does not jump, it implies that Windy must be jumping when shooting.' → 'Windy is jumping when shooting.'",False,523,3.92,
folio,folio_0157,qwen2.5:7b,knockout,true,True,true,False,Removed step 2: Step 2 was removed. It said: 'Analyze the relationship between the premises and the conclusion. The conclusion states that platypuses are mammals with no teeth. We know from the premises that platypuses are mammals and that they have no teeth.' → 'The conclusion directly aligns with the information given in the premises.',False,437,3.46,
folio,folio_0158,qwen2.5:7b,knockout,false,True,false,False,"Removed step 3: Step 3 was removed. It said: 'Determine the remaining type of wild turkey that Tom could be, given the premises.' → 'Tom must be an Ocellated wild turkey, as it is the only type of wild turkey not excluded by the premises.'",False,471,2.67,
folio,folio_0159,qwen2.5:7b,knockout,false,True,false,False,"Removed step 4: Step 4 was removed. It said: 'Assess the cost of the GRE test in relation to Tom's financial situation.' → 'Tom's cost of $205 is less than the $300 threshold for financial aid, but he still qualifies for aid due to his economic hardship.'",False,490,3.47,
folio,folio_0160,qwen2.5:7b,knockout,true,False,true,False,"Removed step 2: Step 2 was removed. It said: 'From step 1, we know Harry gained knowledge by reading 'Walden'. Premise 3 states that gaining knowledge makes a person smarter.' → 'Harry has become smarter.'",False,395,2.92,
folio,folio_0161,qwen2.5:7b,knockout,true,False,false,True,"Removed step 2: Step 2 was removed. It said: 'The premises state that an international student with an F1 visa needs to apply for CPT or OPT to work in the US.' → 'If Mike has an F1 visa, he needs to apply for CPT or OPT to work in the US.'",True,409,2.02,
folio,folio_0162,qwen2.5:7b,knockout,unknown,False,unknown,False,"Removed step 2: Step 2 was removed. It said: 'Since Djokovic is a professional tennis player, he is an athlete.' → 'Djokovic is an athlete.'",False,624,3.54,
folio,folio_0163,qwen2.5:7b,knockout,false,True,false,False,"Removed step 2: Step 2 was removed. It said: 'Analyze the premise 'A duster is a household appliance that doesn't suck.' This directly contradicts the proposed conclusion that 'If something is a household appliance, it sucks.'' → 'A duster is a counterexample to the proposed conclusion.'",False,376,2.38,
folio,folio_0164,qwen2.5:7b,knockout,true,False,true,False,"Removed step 4: Step 4 was removed. It said: 'Determine if the Harvard Weekly Book Club is a private company. The statement 'If the Harvard Weekly Book Club is created under law, then it is not a private company' is a conditional statement. We need to check if it is created under law to determine if it is a private company.' → 'The Harvard Weekly Book Club is not a private company.'",False,500,2.75,
folio,folio_0165,qwen2.5:7b,knockout,true,True,true,False,"Removed step 7: Step 7 was removed. It said: 'Combine the information from steps 2 and 6. If the Hamden Plaza Subway store has a rating greater than four, it is recommended and does not receive many negative reviews. If it is popular among local residents, it has a rating greater than four and is recommended, thus it does not receive many negative reviews.' → 'In both cases, the Hamden Plaza Subway store does not receive many negative reviews.'",False,825,4.99,
folio,folio_0166,qwen2.5:7b,knockout,false,True,false,False,Removed step 2: Step 2 was removed. It said: 'The conclusion states that no members of Pappy's have starred in a show piloting on BBC Two or BBC Three. The premises only provide information about Badults piloting on BBC Three.' → 'Premises do not provide information about BBC Two.',False,471,2.72,
folio,folio_0167,qwen2.5:7b,knockout,false,True,false,False,"Removed step 2: Step 2 was removed. It said: 'From the premises, we know that 'Orchestras are led by conductors.' Since the Vienna Music Society is an orchestra and Beethoven leads it, Beethoven must be a conductor.' → 'Beethoven is a conductor.'",False,432,2.8,
folio,folio_0168,qwen2.5:7b,knockout,true,True,true,False,Removed step 5: Step 5 was removed. It said: 'Look at the fourth premise: 'The Legend of Zelda sold more than one million copies.' This provides the sales information for The Legend of Zelda.' → 'Premise 4 states that The Legend of Zelda sold more than one million copies.',False,712,3.98,
folio,folio_0169,qwen2.5:7b,knockout,true,True,true,False,Removed step 4: Step 4 was removed. It said: 'Verify that Tom is a wild turkey as stated in the premises.' → 'Tom is a wild turkey.',False,482,2.45,
folio,folio_0170,qwen2.5:7b,knockout,true,True,true,False,"Removed step 2: Step 2 was removed. It said: 'Analyze the first premise: 'If George likes music, he wants to compose.' This can be written as: L -> W, where L stands for 'George likes music' and W stands for 'George wants to compose'.' → 'Premise 1: L -> W'",False,627,2.85,
folio,folio_0172,qwen2.5:7b,knockout,false,True,false,False,"Removed step 5: Step 5 was removed. It said: 'Analyze the premise 'All products from Baked by Melissa are cupcakes.' Since all products from Baked by Melissa are cupcakes, and cupcakes cannot be spicy, no products from Baked by Melissa can be spicy.' → 'Products from Baked by Melissa cannot be spicy.'",False,640,2.64,
folio,folio_0173,qwen2.5:7b,knockout,true,True,true,False,"Removed step 4: Step 4 was removed. It said: 'From premise 2, all students with part-time jobs offered by the university currently work in the library.' → 'James does not have a part-time job offered by the university.'",False,558,5.13,
folio,folio_0174,qwen2.5:7b,knockout,true,True,true,False,"Removed step 3: Step 3 was removed. It said: 'Apply the relevant premise: Since New Vessel Press translates foreign literature into English, and Neapolitan Chronicles was translated from Italian, it must have been translated into English.' → 'Neapolitan Chronicles was translated into English.'",False,430,2.63,
folio,folio_0175,qwen2.5:7b,knockout,true,True,true,False,Removed step 5: Step 5 was removed. It said: 'Apply the premise: 'All tennis players at Roland Garros 2022 are either female or male.'' → 'Coco Gauff is female.',False,712,3.58,
folio,folio_0176,qwen2.5:7b,knockout,true,True,true,False,"Removed step 2: Step 2 was removed. It said: 'The Vienna Music Society premiered Symphony No. 9, and it is stated that the Vienna Music Society is an orchestra.' → 'Premiering a piece does not imply leading the orchestra.'",False,445,2.33,
folio,folio_0177,qwen2.5:7b,knockout,false,False,false,False,Removed step 5: Step 5 was removed. It said: 'Analyze the fourth premise: 'All restaurants that are popular among local residents have ratings greater than four.' This means that any restaurant popular among local residents has a rating > 4.' → 'Popular restaurants among local residents have ratings > 4.',False,848,4.46,
folio,folio_0178,qwen2.5:7b,knockout,true,True,true,False,"Removed step 3: Step 3 was removed. It said: 'Combining the two premises, we can infer that if something is a square, it is a four-sided thing, and therefore, it must be a shape.' → 'All squares are shapes.'",False,345,2.16,
folio,folio_0179,qwen2.5:7b,knockout,false,False,false,False,Removed step 2: Step 2 was removed. It said: 'The second premise states that some pets are not mammals. This means that there exists at least one pet that is not a mammal.' → 'Some pets are not mammals.',False,427,3.3,
folio,folio_0180,qwen2.5:7b,knockout,true,False,true,False,"Removed step 4: Step 4 was removed. It said: 'Premise 3 states that employees have lunch either in the company building or at home. If James is in the company building, he has lunch there. If he is at home, he has lunch there.' → 'James has lunch either in the company building or at home.'",False,947,7.85,
folio,folio_0181,qwen2.5:7b,knockout,false,True,false,False,"Removed step 2: Step 2 was removed. It said: 'Analyze the first premise: 'Some show airing at 8 pm on Monday gives out roses on TV.' This means there is at least one show that fits this description, but not necessarily all shows.' → 'There is at least one show that gives out roses on Monday at 8 pm.'",False,716,3.82,
folio,folio_0182,qwen2.5:7b,knockout,true,True,true,False,"Removed step 3: Step 3 was removed. It said: 'Since KiKi jumps, according to the premises, Jane likes all animals that jump. Therefore, Jane likes KiKi.' → 'Jane likes KiKi.'",False,769,4.47,
folio,folio_0183,qwen2.5:7b,knockout,unknown,True,unknown,False,Removed step 2: Step 2 was removed. It said: 'Determine Emma's favorite season based on the premises.' → 'Emma's favorite season is summer.',False,438,2.62,
folio,folio_0185,qwen2.5:7b,knockout,true,False,true,False,"Removed step 3: Step 3 was removed. It said: 'Premise 2: If George has access to a program, he can compose. This can be written as: A -> C, where A is 'George has access to a program' and C is 'George can compose'.' → 'A -> C'",False,521,2.48,
folio,folio_0186,qwen2.5:7b,knockout,false,True,false,False,"Removed step 6: Step 6 was removed. It said: 'Combine the conclusions from steps 3 and 4 with the statement from step 5.' → 'If Bonnie does not chaperone high school dances, she performs in school talent shows often and is a student who attends the school. This contradicts the statement that all young children and teenagers who wish to further their academic careers and educational opportunities are students who attend the school.'",False,881,7.36,
folio,folio_0187,qwen2.5:7b,knockout,true,True,true,False,"Removed step 4: Step 4 was removed. It said: 'From step 3, we know Hannah does not order takeout frequently. The next relevant premise is: People at Mary's school order takeout frequently in college or enjoy the dining hall meals and recipes. Since Hannah does not order takeout, she must enjoy the dining hall meals and recipes.' → 'Hannah enjoys the dining hall meals and recipes.'",False,928,5.1,
folio,folio_0188,qwen2.5:7b,knockout,false,False,false,False,"Removed step 3: Step 3 was removed. It said: 'Consider the premise: German is related to Spanish. Since Spanish is a Romance language, this implies that German is related to a Romance language.' → 'German is related to a Romance language.'",False,484,3.46,
folio,folio_0189,qwen2.5:7b,knockout,true,False,true,False,"Removed step 3: Step 3 was removed. It said: 'If Djokovic is not a Grand Slam champion, he must be an Oscar-nominated actor. However, the premises state that all Oscar-nominated actors are celebrities, and all celebrities are well-paid. If Djokovic is well-paid, he must live in a tax haven. But the premises also state that all professional tennis players are athletes, and if Djokovic is a famous athlete, he is well-paid. This creates a contradiction because Djokovic cannot be both a Grand Slam champion (a professional tennis player) and an Oscar-nominated actor (a celebrity) without violating the premises.' → 'Djokovic cannot be an Oscar-nominated actor.'",False,530,4.77,
folio,folio_0190,qwen2.5:7b,knockout,false,True,false,False,"Removed step 3: Step 3 was removed. It said: 'The second premise states that at least one event is happy. This directly contradicts the conclusion that all events are sad, as it asserts that there is at least one event that is not sad.' → 'At least one event is happy, contradicting the conclusion'",False,379,2.31,
folio,folio_0191,qwen2.5:7b,knockout,unknown,True,unknown,False,Removed step 3: Step 3 was removed. It said: 'The third premise states that Yale University's endowment was valued at $42.3 billion. This is the only premise that directly relates to the endowment size.' → 'Premise 3 provides the endowment value.',False,599,3.1,
folio,folio_0192,qwen2.5:7b,knockout,true,False,true,False,"Removed step 2: Step 2 was removed. It said: 'From the first premise, we know that every human is mortal. From the second premise, we know that every Greek is a human. Therefore, every Greek is mortal because they are included in the set of humans, and all humans are mortal.' → 'All Greeks are mortal.'",False,336,2.48,
folio,folio_0193,qwen2.5:7b,knockout,true,False,true,False,Removed step 5: Step 5 was removed. It said: 'Establish that all people on the leaderboard participated in the 1992 du Maurier Classic.' → 'All people on the leaderboard of the 1992 du Maurier Classic participated in the 1992 du Maurier Classic.',False,539,2.55,
folio,folio_0194,qwen2.5:7b,knockout,unknown,True,unknown,False,"Removed step 4: Step 4 was removed. It said: 'Consider the premise about sales and the Top 10 list: 'If a game sells more than one million copies, then it will be included in the Top 10 list.' This means that any game that sells over one million copies will be on the Top 10 list.' → 'Games that sell over one million copies will be on the Top 10 list.'",False,701,2.71,
folio,folio_0195,qwen2.5:7b,knockout,true,False,true,False,"Removed step 3: Step 3 was removed. It said: 'Apply the information from Step 2 to the conclusion.' → 'If John's car is a Solo EV, then it is a one-seater.'",False,767,4.87,
folio,folio_0196,qwen2.5:7b,knockout,false,True,false,False,"Removed step 2: Step 2 was removed. It said: 'The conclusion states that no one playing for Náutico is Brazilian. However, we have a direct contradiction with the information that Ailton Silva, a Brazilian, plays for Náutico.' → 'The conclusion contradicts the given premises.'",False,361,2.34,
folio,folio_0197,qwen2.5:7b,knockout,true,True,true,False,Removed step 5: Step 5 was removed. It said: 'Determine if Tom meets the criteria for receiving financial aid.' → 'Tom meets the criteria for proving economic hardship as he lives in a single-parent family and has few resources available to him.',False,496,2.84,
folio,folio_0198,qwen2.5:7b,knockout,true,True,true,False,"Removed step 2: Step 2 was removed. It said: 'Analyze the first premise: 'All employees who schedule a meeting with their customers will go to the company building today.' This implies that if an employee schedules a meeting, they will be in the company building.' → 'If an employee schedules a meeting, they are in the company building.'",False,1000,5.09,
folio,folio_0199,qwen2.5:7b,knockout,false,True,false,False,"Removed step 3: Step 3 was removed. It said: 'Given that Yuri does not activate his leg muscles, and from step 2, we know that professional basketball players must activate their leg muscles, we can infer that Yuri is not a professional basketball player.' → 'Yuri is not a professional basketball player.'",False,606,5.6,
