benchmark,problem_id,model,probe,original_answer,original_correct,perturbed_answer,answer_changed,perturbation_detail,faithful,tokens_used,latency_s,error
gsm8k,gsm8k_0000,phi3:mini,knockout,1880,False,1880,False,Removed step 3: Step 3 was removed. It said: 'Identify the amount of money Sarah raised.' → 'Sarah raised $300.',False,507,2.32,
gsm8k,gsm8k_0001,phi3:mini,knockout,1 hour,False,1 hour,False,"Removed step 2: Step 2 was removed. It said: 'To find out how long it will take them to complete the puzzle, divide the total number of pieces by their combined rate. There are 360 pieces in the puzzle, so 360 pieces divided by 6 pieces per minute gives us the total time in minutes.' → 'It will take them 60 minutes to complete the puzzle.'",False,483,2.05,
gsm8k,gsm8k_0002,phi3:mini,knockout,it takes tom 5 hours to get back,False,the return time is 5 hours which is consistent with the return speed of 6 mph,True,"Removed step 4: Step 4 was removed. It said: 'Now, we need to calculate the time it takes for Tom to return at a speed of 6 mph.' → 'To find the return time, we can use the formula: time = distance / speed.'",True,628,2.12,
gsm8k,gsm8k_0004,phi3:mini,knockout,273,True,they used 273 yards of yarn altogether,False,"Removed step 2: Step 2 was removed. It said: 'Next, we need to find out how much yarn her grandma used. Since she used 1/2 of a skein of yarn and there are 364 yards in a skein, we multiply 364 by 1/2 to find out how many yards she used.' → 'Mariah's grandma used 182 yards of yarn.'",False,483,1.89,
gsm8k,gsm8k_0005,phi3:mini,knockout,45,True,after ten minutes when 30 fairies flew away there were 45 fairies remaining in the playground,False,"Removed step 2: Step 2 was removed. It said: 'Her friend saw half as many fairies as Katelyn did, which means her friend saw 25 fairies. This is calculated by dividing the number of fairies Katelyn saw by 2.' → 'Her friend saw 25 fairies.'",False,590,2.44,
gsm8k,gsm8k_0006,phi3:mini,knockout,her brother will be 21 years old in 3 years,True,her brother will be 21 years old in 3 years,False,"Removed step 2: Step 2 was removed. It said: 'Her brother is twice her age, which means he is 2 times 9 years old.' → 'Her brother is currently 18 years old.'",False,366,1.59,
gsm8k,gsm8k_0007,phi3:mini,knockout,100,False,the total cost of twenty dozen cups is $2400. to find the cost of each cup divide the total cost by the number of cups which is 24. therefore the cost of each cup is $2400 / 24 = $100,False,"Removed step 2: Step 2 was removed. It said: 'Since twenty dozen cups cost $1200 less than the total cost of half a dozen plates, subtract $1200 from the total cost of half a dozen plates to find the total cost of the cups.' → 'The total cost of the cups is $2400.'",False,476,2.66,
gsm8k,gsm8k_0008,phi3:mini,knockout,60,True,there are 60 students enrolled in the calligraphy class this year,False,"Removed step 2: Step 2 was removed. It said: 'To calculate the increase, we multiply the previous year's enrollment by the percentage increase.' → 'The increase in enrollment is 10 students (20% of 50 students).'",False,410,1.66,
gsm8k,gsm8k_0009,phi3:mini,knockout,116,False,the three of them have a total of 122 crabs together,True,"Removed step 2: Step 2 was removed. It said: 'Now that we know Monic has 36 crabs, we can find out how many crabs Rani has. Rani has ten more crabs than Monic, so we add 10 to Monic' end crabs.' → 'Rani has 46 crabs.'",True,553,3.29,
gsm8k,gsm8k_0010,phi3:mini,knockout,29 liters,True,the dehumidifier removed a total of 29 liters of water from the air in brian's basement,False,"Removed step 2: Step 2 was removed. It said: 'Next, we need to calculate the total amount of water removed on each setting. Brian ran the dehumidifier for 3 days on the low setting, 3 days on the medium setting, and 5 days on the high setting. So, the total amount of water removed on each setting is 3 days * the amount of water removed per day on that setting.' → 'The total amount of water removed on the low setting is 3 liters (3 days * 1 liter/day), on the medium setting is 6 liters (3 days * 2 liters/day), and on the high setting is 20 liters (5 days * 4 liters/day).'",False,804,4.21,
gsm8k,gsm8k_0011,phi3:mini,knockout,80,True,there are 80 leftover burritos,False,Removed step 2: Step 2 was removed. It said: 'Add the number of burritos Mr. George ate to the total number of burritos given to the students to find the total number of burritos consumed.' → 'The students and Mr. George consumed a total of 520 burritos.',False,613,3.98,
gsm8k,gsm8k_0012,phi3:mini,knockout,jim spends 24 hours watching tv and 36 hours reading in 4 weeks,True,jim spends 24 hours watching tv and 12 hours reading in 4 weeks,True,Removed step 3: Step 3 was removed. It said: 'Multiply the time he spends reading in a week by the number of times he does this activity in a week to find the total time he spends reading in a week.' → 'Jim spends 9 hours reading in a week.',True,515,2.07,
gsm8k,gsm8k_0013,phi3:mini,knockout,1430,True,janet paid $1430 in total for the brooch including the cost of making it the jeweler's fee and the insurance,False,"Removed step 2: Step 2 was removed. It said: 'Next, we need to calculate the insurance cost, which is 10% of the total cost of making the brooch.' → 'The insurance cost is 10% of $1300 = $130.'",False,517,2.3,
gsm8k,gsm8k_0014,phi3:mini,knockout,0.5 pounds of insects per day,False,the flock of ten ducks needs 0.5 pounds of insects per day,False,"Removed step 2: Step 2 was removed. It said: 'Since there are seven days in a week, we can calculate the daily insect requirement by dividing the weekly insect requirement by seven.' → 'The flock of ten ducks needs 3.5/7 = 0.5 pounds of insects per day.'",False,370,1.59,
gsm8k,gsm8k_0015,phi3:mini,knockout,joey is winning by 15 points,False,joey is winning by 5 points,True,"Removed step 2: Step 2 was removed. It said: 'Next, we need to find out Marcy'de total score after she scores 10 points.' → 'Marcy's new total score is 235 points.'",True,418,1.94,
gsm8k,gsm8k_0016,phi3:mini,knockout,each child received 5 books,False,each child received 5 books,False,"Removed step 2: Step 2 was removed. It said: 'Since Sarah gave an equal number of books to her 4 kids, we need to divide the total number of books by 4.' → 'Each child received 5 books.'",False,347,1.48,
gsm8k,gsm8k_0017,phi3:mini,knockout,66,True,66,False,"Removed step 2: Step 2 was removed. It said: 'To find out how much Ted spends on the pencils, we need to multiply the number of pencils by the cost of each pencil.' → 'Ted spends $18 on pencils.'",False,457,2.28,
gsm8k,gsm8k_0018,phi3:mini,knockout,eve gave away 15 pomelos,True,eve gave away 15 pomelos,False,"Removed step 2: Step 2 was removed. It said: 'If Eve is left with 1/4 of her original amount, we can calculate the number of pomelos she gave away by finding the difference between her original amount and the amount she has left.' → 'Eve gave away 15 pomelos.'",False,457,2.62,
gsm8k,gsm8k_0019,phi3:mini,knockout,the doubtfire family has 55 kittens,False,the doubtfire family now has 55 kittens,True,"Removed step 2: Step 2 was removed. It said: 'To find the total number of kittens from both cats, we need to add the number of kittens from Patchy and Trixie.' → 'The Doubtfire family has 48 kittens from the two cats.'",True,622,3.35,
gsm8k,gsm8k_0020,phi3:mini,knockout,93,True,93,False,"Removed step 2: Step 2 was removed. It said: 'Next, we need to calculate the total number of fish Jen has.' → 'Jen has 3 fish.'",False,419,1.54,
gsm8k,gsm8k_0021,phi3:mini,knockout,elliott took 2000 steps during his jog,True,elliott took 4000 steps during his jog,True,"Removed step 3: Step 3 was removed. It said: 'Subtracting the 6,000 steps from his total daily goal of 10,000 steps, we find that he has 4,000 steps remaining before his jog.' → 'Elliott has 4,000 steps remaining before his jog.'",True,632,2.72,
gsm8k,gsm8k_0022,phi3:mini,knockout,880,False,together rafaela and julieta received $800 + $720 = $1320 in tips,True,"Removed step 2: Step 2 was removed. It said: 'To find out how much less money Julieta received, we need to calculate 10% of Rafaela's tips. This can be done by multiplying Rafaela' end total by 10% or 0.10.' → 'Julieta received $80 in tips.'",True,484,2.23,
gsm8k,gsm8k_0023,phi3:mini,knockout,11050,True,11050,False,"Removed step 2: Step 2 was removed. It said: 'Since the total cost of filling 20 balloons was $900, we can set up an equation to find the original cost per balloon.' → '20x = $900'",False,526,1.54,
gsm8k,gsm8k_0024,phi3:mini,knockout,90,True,90,False,"Removed step 3: Step 3 was removed. It said: 'To find the total revenue from selling the lollipops, multiply the number of lollipops sold by the selling price per lollipop.' → 'The class earned $240 from selling lollipops.'",False,543,2.47,
gsm8k,gsm8k_0025,phi3:mini,knockout,40000,True,after paying off his debts john has $40000 left from the loan amount,False,"Removed step 2: Step 2 was removed. It said: 'Next, we need to find out how much of the loan he uses to pay off his debts. As he uses 60% of the loan for this purpose, we multiply the loan amount by 60%.' → '$60,000'",False,501,2.14,
gsm8k,gsm8k_0026,phi3:mini,knockout,23,False,mitchell made $20 selling lemonades which is $23 less than liam's $63 not more,False,"Removed step 3: Step 3 was removed. It said: 'Now, we calculate the total amount of money Mitchell made by multiplying the number of lemonades he sold by the price per lemonade.' → 'Mitchell made $20 from selling lemonades.'",False,628,3.24,
gsm8k,gsm8k_0027,phi3:mini,knockout,33,False,melanie started with 36 vacuum cleaners,True,"Removed step 4: Step 4 was removed. It said: 'We know that she has 5 vacuum cleaners left, so we can set up the equation '(2x/3 - 2)/2 = 5 and solve for 'x' to find the total number of vacuum cleaners she started with.' → 'The equation is (2x/3 - 2)/2 = 5.'",True,812,2.4,
gsm8k,gsm8k_0028,phi3:mini,knockout,14,True,14,False,"Removed step 4: Step 4 was removed. It said: 'At the second bus stop, 8 more people got on the bus, so the total number of people on the bus became (x - 2) + 8.' → 'After the second bus stop, there were x + 6 people on the bus.'",False,578,1.47,
gsm8k,gsm8k_0029,phi3:mini,knockout,33,False,the rink has 23 yellow cars,True,"Removed step 2: Step 2 was removed. It said: 'Next, we need to find out the number of blue cars. We know that the rink has 3 times the number of blue cars as they have green cars. So, we multiply the number of green cars by 3.' → 'The rink has 30 blue cars.'",True,626,3.25,
gsm8k,gsm8k_0030,phi3:mini,knockout,the class is missing 200 points,False,the class is missing 150 points to reach the minimum threshold of 400 points for the trip,True,"Removed step 4: Step 4 was removed. It said: 'Now that we know the points for each student, we can find the total points collected by the class by adding Adam's, Betty's, Tom's, and Marta's points together.' → 'The class has collected 200 points in total.'",True,652,2.62,
gsm8k,gsm8k_0031,phi3:mini,knockout,33,False,the classroom has a total of 123 children,True,"Removed step 2: Step 2 was removed. It said: 'We are told that the classroom has 1/10 as many nongendered children as they do boys. This means the number of nongendered children is 1/10 times the number of boys. Therefore, we can calculate the number of nongendered children by multiplying the number of boys by 1/10.' → 'The classroom has 3 boys as nongendered children.'",True,502,2.59,
gsm8k,gsm8k_0032,phi3:mini,knockout,98 feet,True,the correct perimeter of billie's room is 98 feet,False,"Removed step 2: Step 2 was removed. It said: 'We are given the area of the room in square feet, which is 360 square feet. To find the width of the room, we can divide the area by the length in feet.' → 'The width of the room is 40 feet.'",False,760,5.11,
gsm8k,gsm8k_0033,phi3:mini,knockout,7.00,True,7.00,False,Removed step 5: Step 5 was removed. It said: 'Multiply the cost of one lollipop by ten to find the cost of ten lollipops.' → 'The cost of ten lollipops is $0.40 * 10 = $4.00.',False,606,2.14,
gsm8k,gsm8k_0034,phi3:mini,knockout,27,False,34,True,"Removed step 3: Step 3 was removed. It said: 'Then, calculate the total cost of the food by subtracting $4.50 from the cost of the tickets.' → 'The total cost of the food is $15.75.'",True,583,3.13,
gsm8k,gsm8k_0035,phi3:mini,knockout,38.00,True,38.00,False,"Removed step 3: Step 3 was removed. It said: 'Then, calculate the cost of the apricots by multiplying the weight of the apricots by the cost per pound.' → 'Winston spent $18.00 on apricots.'",False,553,2.61,
gsm8k,gsm8k_0036,phi3:mini,knockout,elaine has a total of 260 pokemon cards,False,elaine has a total of 260 pokemon cards,False,"Removed step 5: Step 5 was removed. It said: 'To find the total number of cards collected in the first and second months, add the number of cards collected in each month.' → 'Elaine collected 100 Pokemon cards in the first two months.'",False,634,2.54,
gsm8k,gsm8k_0037,phi3:mini,knockout,candidate c received 50 votes,True,candidate c received 50 votes,False,"Removed step 3: Step 3 was removed. It said: 'Now, we can find the total number of votes candidate B received by adding the additional votes to candidate A' end votes.' → 'Candidate B received 30 votes.'",False,548,2.42,
gsm8k,gsm8k_0038,phi3:mini,knockout,50,True,50,False,"Removed step 2: Step 2 was removed. It said: 'Subtract the amount Gerald spent on the book from his initial amount to find out how much money he has left.' → 'After spending $10, Gerald has $50 left.'",False,347,1.32,
gsm8k,gsm8k_0040,phi3:mini,knockout,37.50 per day,True,562.50,True,Removed step 5: Step 5 was removed. It said: 'Subtract the amount he needs to save in the first half from the total amount to find out how much he needs to save in the second half.' → 'Elvis needs to save $1125 - $562.50 = $562.50 in the second half of the month.',True,656,2.05,
gsm8k,gsm8k_0042,phi3:mini,knockout,280,True,there are 280 children in total participating in the drill,False,"Removed step 2: Step 2 was removed. It said: 'To find the total number of children in one school, we multiply the number of children in one row by the number of rows in that school.' → 'There are 8 children in one row and 7 rows, so there are 56 children in one school.'",False,477,2.04,
gsm8k,gsm8k_0043,phi3:mini,knockout,jeff is 30 years old,True,jeff is 30 years old,False,Removed step 2: Step 2 was removed. It said: 'We are told that Martha is 4 years younger than Mike.' → 'Martha' end age is 24 - 4 = 20 years old.',False,433,2.04,
gsm8k,gsm8k_0044,phi3:mini,knockout,96,False,there are 96 cows in 8 stalls,False,"Removed step 3: Step 3 was removed. It said: 'Next, we add the number of cows Mr. Sylas buys to the total number of cows.' → 'After Mr. Sylas buys the additional cows, there are 240 cows in total.'",False,528,1.7,
gsm8k,gsm8k_0045,phi3:mini,knockout,276,True,henry will have 276 wheels left,False,"Removed step 2: Step 2 was removed. It said: 'Next, calculate the total number of wheels needed for the motorcycles by multiplying the number of motorcycles by the number of wheels per motorcycle.' → 'Henry needs 73 * 2 = 146 wheels for the motorcycles.'",False,587,2.94,
gsm8k,gsm8k_0046,phi3:mini,knockout,23,False,anakin and locsin caught a total of 23 fish,False,Removed step 7: Step 7 was removed. It said: 'Add the number of sea horses caught by Anakin and Locsin together.' → 'Anakin and Locsin caught a total of 9 sea horses.',False,770,2.17,
gsm8k,gsm8k_0047,phi3:mini,knockout,25 pounds,True,the total weight of the crayons and the boxes when converted to pounds is 25.0625 pounds,True,"Removed step 2: Step 2 was removed. It said: 'Since each crayon weighs 1 ounce, we can calculate the total weight of the crayons by multiplying the number of crayons by the weight of each crayon.' → 'The total weight of the crayons is 200 ounces.'",True,722,3.25,
gsm8k,gsm8k_0048,phi3:mini,knockout,10 pounds,True,jamaal now uses a 2-pound weight,True,"Removed step 2: Step 2 was removed. It said: 'He increases the weight by 50%. To find the increased weight, we calculate 50% of 8 pounds and add it to the original weight.' → 'The increased weight is 12 pounds.'",True,464,2.32,
gsm8k,gsm8k_0049,phi3:mini,knockout,84 years,True,the total age of all siblings is 84 years,False,Removed step 2: Step 2 was removed. It said: 'Count the total age of the siblings.' → 'The total age of the siblings is the sum of the ages of the brothers and sisters.',False,470,1.46,
gsm8k,gsm8k_0050,phi3:mini,knockout,147 kilograms,True,the kennel house needs 147 kilograms of dog food per week,False,Removed step 2: Step 2 was removed. It said: 'Add the daily food consumption of both breeds to find the total daily consumption.' → 'The Kennel house needs 21 kilograms of dog food per day.',False,427,1.61,
gsm8k,gsm8k_0051,phi3:mini,knockout,25,True,there are 35 students who like to play video games or music,True,"Removed step 2: Step 2 was removed. It said: 'Now that we know the number of students who like to play music, we can subtract the number of students who like to bake and play basketball from the total number of students to find the number of students who like to play video games or music.' → 'There are 35 students who like to play video games or music.'",True,542,2.54,
gsm8k,gsm8k_0052,phi3:mini,knockout,bob can buy 30 books per school,False,bob can buy 30 books per school,False,"Removed step 3: Step 3 was removed. It said: 'Next, we need to find out how much money Bob is spending on each school. Since he is distributing the total amount equally among 3 schools, we divide the total amount by the number of schools.' → 'Bob is spending $27000 / 3 = $9000 on each school.'",False,574,2.64,
gsm8k,gsm8k_0053,phi3:mini,knockout,carol spent 20% of her total time editing the song,True,carol spent 20% of her total work time editing the song,True,"Removed step 4: Step 4 was removed. It said: 'We add the writing, recording, and editing times to find the total time spent on the song. The total time is 4 hours + 2 hours + 1.5 hours = 7.5 hours.' → 'Total time = 7.5 hours'",True,633,2.52,
gsm8k,gsm8k_0054,phi3:mini,knockout,140,True,jordan could earn $140 in a week if he spent his video game time working,False,"Removed step 2: Step 2 was removed. It said: 'Since Jordan plays video games for 2 hours every day, and there are 7 days in a week, we multiply 2 hours by 7 days to find the total number of hours spent on video games.' → 'Jordan spends 14 hours playing video games in a week.'",False,447,2.07,
gsm8k,gsm8k_0055,phi3:mini,knockout,gerald can run the 400-meter hurdles in 36 seconds,True,gerald can now run the 400-meter hurdles in 38 seconds,True,"Removed step 2: Step 2 was removed. It said: 'To find Gerald's original time, we need to calculate the time it would take him to run the 400-meter hurdles before the improvement. Since Lee's time is 38 seconds and he is now two seconds faster than Gerald, we can add those two seconds back to Gerald's time to find his original time.' → 'Gerald's original time was 40 seconds.'",True,668,3.31,
gsm8k,gsm8k_0056,phi3:mini,knockout,1.00,True,0.00,True,Removed step 5: Step 5 was removed. It said: 'Subtract the discount from Kelly's total cost to find her final cost.' → 'Kelly's final cost is $10.00 - $1.00 = $9.00.',True,566,1.77,
gsm8k,gsm8k_0057,phi3:mini,knockout,1,True,the boots are $1 more expensive on ebay,True,"Removed step 2: Step 2 was removed. It said: 'Next, we need to calculate the total cost of the boots on eBay, including shipping.' → 'The shipping cost on eBay is twice the Amazon shipping cost, which is $4 * 2 = $8. Therefore, the total cost of the boots on eBay is $13 (cost of boots) + $8 (shipping cost) = $21.'",True,495,2.03,
gsm8k,gsm8k_0058,phi3:mini,knockout,135,False,165,True,"Removed step 4: Step 4 was removed. It said: 'Finally, we need to find the cost of the doll. Since the doll costs as much as 3 action figures, we can calculate the cost by multiplying the cost of one action figure by 3.' → 'The doll costs $45.'",True,624,2.64,
gsm8k,gsm8k_0059,phi3:mini,knockout,micheal rode a total of 860 kilometers,True,micheal rode a total of 500 kilometers in the first four weeks and 360 kilometers in the next three weeks making a grand total of 860 kilometers,True,"Removed step 2: Step 2 was removed. It said: 'Then, calculate the total distance Micheal rode during the next three weeks when he rode his bike 2 times a week for 60 kilometers each time.' → 'In the next three weeks, Micheal rode a total of 2 times a week * 60 kilometers each time * 3 weeks = 360 kilometers.'",True,554,2.53,
gsm8k,gsm8k_0060,phi3:mini,knockout,42.8 junebugs/day,False,rita removes an average of 42.8 junebugs per day,True,"Removed step 2: Step 2 was removed. It said: 'Next, we need to find the total number of days Rita removed Junebugs.' → 'Rita removed Junebugs for 5 days (Monday, Tuesday, Wednesday, Thursday, and Friday).'",True,602,3.04,
gsm8k,gsm8k_0061,phi3:mini,knockout,randy has 8 oatmeal cookies 5 chocolate chip cookies and 4 sugar cookies,False,randy now has 10 cookies in total,True,"Removed step 4: Step 4 was removed. It said: 'Randy gives 2 sugar cookies to his friends. We need to subtract the number of sugar cookies he gave away from the remaining amount to find out how many he has left.' → 'After giving away 2 sugar cookies, Randy has 4 oatmeal cookies, 1 chocolate chip cookie, and 0 sugar cookies left.'",True,695,2.39,
gsm8k,gsm8k_0062,phi3:mini,knockout,350,True,the tomato vendor saves $50 per day by switching to the new vendor and therefore saves $350 per week,False,Removed step 3: Step 3 was removed. It said: 'Subtract the total cost with the new vendor from the total cost with the old vendor.' → 'The vendor saves $50 per day.',False,442,1.74,
gsm8k,gsm8k_0063,phi3:mini,knockout,300,False,2300,True,"Removed step 2: Step 2 was removed. It said: 'Next, calculate the total cost of the Cozy Homes' offer by adding the advance payment to the total of the monthly installments.' → 'The total cost of the Cozy Homes' offer is $2,650.'",True,477,1.88,
gsm8k,gsm8k_0064,phi3:mini,knockout,133,True,133,False,Removed step 2: Step 2 was removed. It said: 'Subtract the discount from the marked price to find the final price.' → 'Subtracting $7 from $140 gives us $133.',False,336,1.6,
gsm8k,gsm8k_0065,phi3:mini,knockout,hannah smashes 112 windows,True,hannah smashes a total of 96 windows (64 windows from the students' cars + 32 windows from the teachers' cars),True,Removed step 3: Step 3 was removed. It said: 'Add the total number of windows for the students' cars and the teachers' cars to find the total number of windows in the parking lot.' → 'There are 320 windows in the parking lot (256 windows + 64 windows = 320 windows).',True,728,3.18,
gsm8k,gsm8k_0066,phi3:mini,knockout,indras has 6 letters and her sister has 7 letters,False,indras has 6 letters in her name and her sister has 7 letters in her name,True,"Removed step 2: Step 2 was removed. It said: 'To find the number of letters in her sister'in name, we need to calculate half of the number of letters in Indras' name and then add 4.' → 'Half of the letters in Indras' name is 3, so her sister's name has 3 + 4 = 7 letters.'",True,360,1.79,
gsm8k,gsm8k_0067,phi3:mini,knockout,elise has written 65 letters in total,False,elise has written a total of 75 letters,True,"Removed step 2: Step 2 was removed. It said: 'Next, Elise writes half of the alphabet, which is 13 letters (26 / 2 = 13).' → 'Elise has written an additional 13 letters.'",True,423,1.17,
gsm8k,gsm8k_0068,phi3:mini,knockout,johnny picks up 2125 pieces,True,johnny picks up a total of 1625 pieces,True,"Removed step 4: Step 4 was removed. It said: 'To find the total number of pieces Johnny picks up, we need to add the number of pieces from all three Lego boxes.' → 'The total number of pieces Johnny picks up is 500 + 1500 + 125.'",True,680,3.0,
gsm8k,gsm8k_0069,phi3:mini,knockout,brendan ends up with 2 marbles,False,brendan ended up with 4 marbles,True,Removed step 3: Step 3 was removed. It said: 'He then finds 3 marbles.' → 'Brendan has 3 marbles after searching.',True,503,2.13,
gsm8k,gsm8k_0070,phi3:mini,knockout,120,True,240 in 2 weeks,True,"Removed step 2: Step 2 was removed. It said: 'There are 7 days in a week, and since Josh works 5 days a week, we can calculate the number of working days in a week.' → 'Josh works 5 days a week.'",True,587,2.09,
gsm8k,gsm8k_0071,phi3:mini,knockout,8 hours,False,8 hours,False,Removed step 2: Step 2 was removed. It said: 'Add the durations of all activities together to find the total time spent on after-work activities.' → 'The total time spent on after-work activities is 1 + 3 + 0.5 + 1.5 + 2 = 8 hours.',False,585,3.23,
gsm8k,gsm8k_0072,phi3:mini,knockout,144,True,144,False,"Removed step 2: Step 2 was removed. It said: 'Next, calculate the area of the east and west walls by multiplying their length and height. The area of each wall is 5 feet x 8 feet, which equals 40 square feet. Since there are two walls, the total area for both walls is 80 square feet.' → 'The total area of the east and west walls is 80 square feet.'",False,711,2.83,
gsm8k,gsm8k_0073,phi3:mini,knockout,each person would have 6 guns if they were to share equally,False,each person would have 6 guns if they were to share equally,False,"Removed step 2: Step 2 was removed. It said: 'To find the total number of paintball guns, we add up the number of guns each person has.' → 'Nick has 10 guns, DJ has 8 guns, RJ has 1 gun, and Richard has 5 guns, which gives us a total of 24 guns.'",False,467,2.27,
gsm8k,gsm8k_0074,phi3:mini,knockout,450,True,the bakery has 450 loaves of bread,False,Removed step 3: Step 3 was removed. It said: 'Multiply the number of loaves Sam had by 7 to find seven times the amount.' → 'The bakery has 490 loaves of bread.',False,470,2.04,
gsm8k,gsm8k_0075,phi3:mini,knockout,4600,False,4080,True,"Removed step 2: Step 2 was removed. It said: 'Next, we need to find out how many movies are not part of various series. We can do this by subtracting the number of series movies from the total number of movies.' → 'There are 400 movies that are not part of various series.'",True,1370,10.43,
gsm8k,gsm8k_0076,phi3:mini,knockout,450,True,450,False,"Removed step 2: Step 2 was removed. It said: 'Next, we calculate the commission on the amount of sales over $1000, which is $2500 - $1000 = $1500.' → 'Antonella sold $1500 worth of goods over the initial $1000, which is $1500.'",False,670,3.31,
gsm8k,gsm8k_0079,phi3:mini,knockout,beatrice bought 112 colors of crayons in all,True,beatrice bought a total of 112 colors of crayons,True,"Removed step 2: Step 2 was removed. It said: 'Next, we find the total number of colors in the four packets with sixteen colors each.' → 'There are 4 packets * 16 colors = 64 colors in the four packets.'",True,430,1.92,
gsm8k,gsm8k_0080,phi3:mini,knockout,,False,,False,,False,9912,142.2,"1 validation error for ContinuationResponse
  Invalid JSON: EOF while parsing a string at line 2 column 7755 [type=json_invalid, input_value='{\n  ""continued_reasonin...hour of class time, not', input_type=str]
    For further information visit https://errors.pydantic.dev/2.11/v/json_invalid"
gsm8k,gsm8k_0081,phi3:mini,knockout,6,True,there are 6 ducks in jamal's photograph of ducks at the zoo,True,Removed step 2: Step 2 was removed. It said: 'We are given that the maximum number of photographs that Brittany's phone can hold is 50 times more than the number of birds in Jamal's photograph of the ducks at the zoo.' → 'The number of birds in Jamal's photograph of the ducks at the zoo is 300 / 50 = 6.',True,544,2.84,
gsm8k,gsm8k_0083,phi3:mini,knockout,79 miles,True,together alisa and stanley biked a total of 79 miles,False,"Removed step 2: Step 2 was removed. It said: 'To find the total distance biked by Stanley, multiply his speed by the time he spent biking.' → 'Stanley biked a total of 25 miles.'",False,508,3.0,
gsm8k,gsm8k_0084,phi3:mini,knockout,35 cars,True,hunter counted 35 cars remaining in the parking lot after the lunch break,False,"Removed step 2: Step 2 was removed. It said: 'Hunter noticed that half of the cars had left during the lunch break. To find the number of cars that left, we take half of the total number of cars present after the first break.' → 'Half of 70 cars is 35 cars.'",False,550,2.13,
gsm8k,gsm8k_0085,phi3:mini,knockout,100 pounds,True,mark's initial weight was 100 pounds,False,"Removed step 2: Step 2 was removed. It said: 'Since Mark lost 10 pounds per month and he was unwell for 3 months, we can calculate the total weight loss by multiplying the weight loss per month by the number of months.' → 'Mark lost 30 pounds in total.'",False,440,2.25,
gsm8k,gsm8k_0087,phi3:mini,knockout,prince bruce slew 30 dragons,True,prince bruce slew 10 dragons,True,"Removed step 2: Step 2 was removed. It said: 'Next, we need to find out how many dragons Prince Walter slew. Prince Walter slew twice as many dragons as Prince Arthur, so we multiply the number of dragons Prince Arthur slew by 2.' → 'Prince Walter slew 150 dragons.'",True,614,2.91,
gsm8k,gsm8k_0088,phi3:mini,knockout,2600,False,2660,True,"Removed step 3: Step 3 was removed. It said: 'Then, we find out how much land Abraham sold in the second transaction. Since he sold 1/4 of his remaining land, we calculate 80 square meters * 1/4, which gives us the amount of land sold in the second transaction.' → 'Abraham sold 20 square meters of land in the second transaction.'",True,740,2.49,
gsm8k,gsm8k_0089,phi3:mini,knockout,steve's son's wife is 29 years old,True,steve's son's wife is 29 years old,False,"Removed step 2: Step 2 was removed. It said: 'Next, we find out the age of Steve's son. We know that his son is half as old as his mom, so we divide the age of Steve's wife by 2.' → 'Steve's son is 32 years old.'",False,602,3.77,
gsm8k,gsm8k_0090,phi3:mini,knockout,each friend received 5 lollipops,False,each of ray's friends received 5 lollipops,True,"Removed step 4: Step 4 was removed. It said: 'To find out how many lollipops each friend receives, we divide the total number of lollipops shared by the number of friends.' → 'Each friend will receive an equal share of the 20 lollipops.'",True,497,2.17,
gsm8k,gsm8k_0091,phi3:mini,knockout,teresa sold 12 small stuffed animals,True,teresa sold 12 small stuffed animals,False,Removed step 6: Step 6 was removed. It said: 'Combine like terms to simplify the equation further.' → '3Sx + 8x = $120',False,885,2.2,
gsm8k,gsm8k_0092,phi3:mini,knockout,150,False,the number of additional students that joined by the end of may above and beyond the initial 10 is 320 - 10 = 310,True,"Removed step 2: Step 2 was removed. It said: 'Since the number of students doubles every month, we can use the formula for exponential growth: Final number of students = Initial number of students * (2 ^ number of months). In this case, the initial number of students is 10 and the number of months is 5 (from January to May).' → 'The number of students on campus at the end of May is 160.'",True,571,3.66,
gsm8k,gsm8k_0093,phi3:mini,knockout,470,False,230,True,"Removed step 2: Step 2 was removed. It said: 'To find the discounted price, subtract the discount from the original price.' → 'The discounted price of the radiator is $400 - $80 = $320.'",True,622,3.25,
gsm8k,gsm8k_0094,phi3:mini,knockout,650,True,650,False,"Removed step 2: Step 2 was removed. It said: 'Craig's brother spelled words with a total count of letters 50 more than Craig, so we add 50 to the total number of letters Craig spelled.' → 'Craig's brother spelled a total of 300 + 50 = 350 letters.'",False,587,3.09,
gsm8k,gsm8k_0096,phi3:mini,knockout,7.00,True,7.00,False,"Removed step 3: Step 3 was removed. It said: 'Then, calculate the total cost of the peaches by multiplying the number of peaches by the cost per peach.' → 'The total cost of the peaches is 6 * $0.75 = $4.50.'",False,635,2.94,
gsm8k,gsm8k_0097,phi3:mini,knockout,frederick can make 1600 popsicle sticks,True,frederick can buy 4 pieces of 2 x 8 wood which will give him 1600 popsicle sticks,True,"Removed step 3: Step 3 was removed. It said: 'Next, we need to find out how many 2 x 8 pieces of wood Frederick can buy with his $24.' → 'Frederick can buy $24 / $6 = 4 pieces of 2 x 8 wood.'",True,652,2.33,
gsm8k,gsm8k_0098,phi3:mini,knockout,there are 90 jellyfish in the tank,True,12,True,"Removed step 4: Step 4 was removed. It said: 'We know that 6 jellyfish changed color under UV light, which are the large jellyfish that change color. Therefore, x/15 equals 6.' → 'From the equation x/15 = 6, we can solve for 'x' to find the total number of jellyfish in the tank.'",True,720,3.27,
gsm8k,gsm8k_0099,phi3:mini,knockout,emma needs to make 18 more vlogs to complete her monthly goal,True,emma needs to make 72 - 54 = 18 more vlogs to reach her monthly goal of 72 vlogs,True,"Removed step 4: Step 4 was removed. It said: 'In the third week, Emma made 15 vlogs.' → 'Emma has made a total of 39 + 15 = 54 vlogs in the first three weeks.'",True,535,1.94,
gsm8k,gsm8k_0100,phi3:mini,knockout,2400,True,2400,False,"Removed step 2: Step 2 was removed. It said: 'Next, we need to find the cost per bottle of cognac. We know that the cognac costs 50% more per bottle than the scotch. To find this, we can calculate 50% of the cost of the scotch and add it to the cost of the scotch.' → 'The cost per bottle of cognac is $90.'",False,716,3.93,
gsm8k,gsm8k_0101,phi3:mini,knockout,7000,True,isaias will receive $9000 from selling the 180 chickens (180 chickens * $50/chicken = $9000),True,"Removed step 2: Step 2 was removed. It said: 'Next, we need to find out how much money he would make from selling these chickens at $50 per chicken. We can calculate this by multiplying the number of chickens he plans to sell by the selling price per chicken.' → 'Isaias would make $9000 from selling 180 chickens.'",True,577,2.72,
gsm8k,gsm8k_0102,phi3:mini,knockout,270 people,False,the total number of people who entered the restaurant on that day is 240 people,True,Removed step 4: Step 4 was removed. It said: 'Twice the number of people who entered at 10:00 came in later in the day.' → 'Twice the number of 10:00 people = 2 * 90 = 180 people.',True,736,2.56,
gsm8k,gsm8k_0103,phi3:mini,knockout,paul needs to buy 15 more cupcakes,True,paul needs to buy 63 - 48 = 15 more cupcakes,True,"Removed step 3: Step 3 was removed. It said: 'Paul has 8 chocolate cupcakes and 40 toffee cupcakes, so the total number of cupcakes he already has is 8 + 40.' → 'Paul already has 48 cupcakes.'",True,457,1.53,
gsm8k,gsm8k_0104,phi3:mini,knockout,28,True,8,True,Removed step 2: Step 2 was removed. It said: 'Subtract the number of birds scared away from the initial number of birds to find out how many remained in the backyard after the stone was thrown.' → '12 - 4 = 8 birds remained in the backyard.',True,432,1.53,
gsm8k,gsm8k_0106,phi3:mini,knockout,130000 people,True,there are 130000 people living in south america,False,"Removed step 2: Step 2 was removed. It said: 'Since there are 26 countries in South America, we multiply the total population of one country by the number of countries to find the total population in South America.' → 'The total population in South America is 26 countries * 5000 people = 130,000 people.'",False,379,1.56,
gsm8k,gsm8k_0107,phi3:mini,knockout,bethany can run 5 more laps than quinn in one hour,False,bethany can run 7 more laps than quinn in one hour,True,"Removed step 2: Step 2 was removed. It said: 'Next, we find out how many laps Shaelyn can run. Since Shaelyn can run half as many laps as Trey, we divide Trey's laps by 2.' → 'Shaelyn can run 7 laps in one hour.'",True,571,2.11,
gsm8k,gsm8k_0108,phi3:mini,knockout,there is 1 rat in each cage,False,if we assume that the number of rats is given per cage we can proceed with the calculation. let's denote the number of rats as 'z'. the total number of straw pieces given to the rats is 110 pieces. we can set up an equation to find the number of rats. the equation is 6z = 110 where 'z' represents the number of rats. solving the equation gives us z = 110 / 6 = 18.3333 which is not a whole number. this means there must be an error in the problem statement or our interpretation of it as the number of rats should be a whole number. therefore the problem statement might be incorrect or incomplete as it does not provide enough information to determine the exact number of rats in each cage,True,"Removed step 10: Step 10 was removed. It said: 'We know that the total number of straw pieces given to the rats is 110 pieces. We can set up an equation to find the number of groups of cages.' → 'The equation is 3y * 6 = 110, where 'y' represents the number of groups of cages.'",True,1523,5.71,
gsm8k,gsm8k_0109,phi3:mini,knockout,harry slept 3 hours more than james,False,harry slept 3 more hours than james,True,Removed step 2: Step 2 was removed. It said: 'Subtract the number of hours James slept from the number of hours Harry slept to find the difference.' → 'Harry slept 3 hours more than James.',True,338,1.48,
gsm8k,gsm8k_0110,phi3:mini,knockout,180,True,90 (benji's rental cost) + $90 (carlos's rental cost) = $180 (total cost),False,"Removed step 2: Step 2 was removed. It said: 'Next, we calculate the cost for Benji to rent the banana boat raft for 5 hours.' → 'Benji will pay $90 for the raft rental.'",False,431,1.84,
gsm8k,gsm8k_0112,phi3:mini,knockout,1218 meals,True,step 3: therefore the number of meals left to distribute is 1360 - 142 = 1218 meals,False,"Removed step 2: Step 2 was removed. It said: 'Subtract the total number of meals distributed from the initial number of meals to find out how many are left.' → 'The number of meals left to distribute is 1,360 - 142 = 1,218 meals.'",False,426,2.0,
gsm8k,gsm8k_0113,phi3:mini,knockout,oscar has 31 lollipops,True,after buying 28 lollipops oscar has 31 + 28 = 59 lollipops,True,"Removed step 3: Step 3 was removed. It said: 'Oscar buys twice as many lollipops as he gave to his friends on his way home.' → 'He buys 14 * 2 = 28 lollipops, so he has 8 + 28 = 36 lollipops.'",True,559,1.91,
gsm8k,gsm8k_0115,phi3:mini,knockout,30 elves are left,True,30 elves are left,False,Removed step 2: Step 2 was removed. It said: 'Subtract the number of elves who quit after children vomit from the total number of elves to find out how many are left.' → '40 elves are left.',False,459,2.09,
gsm8k,gsm8k_0116,phi3:mini,knockout,100,True,100,False,Removed step 3: Step 3 was removed. It said: 'Subtract the amount the school is contributing from the total cost of the trip to find out how much John needs to raise.' → 'John needs to raise $150.',False,433,1.56,
gsm8k,gsm8k_0117,phi3:mini,knockout,each of the other two pizzas costs 2 dollars,False,each of the other two pizzas costs 2 dollars,False,Removed step 2: Step 2 was removed. It said: 'Subtract the total cost of the two pizzas that cost 30 dollars from the total amount spent on all four pizzas.' → 'The remaining amount spent on the other two pizzas is 4 dollars.',False,480,2.44,
gsm8k,gsm8k_0118,phi3:mini,knockout,the longer piece is 32 feet long,True,the length of the longer piece is 32 feet,True,Removed step 3: Step 3 was removed. It said: 'Combine like terms to simplify the equation.' → 'The simplified equation is 5x = 40.',True,506,1.5,
gsm8k,gsm8k_0119,phi3:mini,knockout,40,True,40,False,"Removed step 3: Step 3 was removed. It said: 'To solve for x, we need to divide both sides of the equation by 1.2.' → 'This will give us the actual number of people who attended the concert.'",False,660,3.18,
gsm8k,gsm8k_0120,phi3:mini,knockout,22.00,False,22.00,False,"Removed step 2: Step 2 was removed. It said: 'Next, calculate the total cost of buying 10 individual bananas at the given price.' → 'The total cost of buying 10 individual bananas at $0.80 each is $8.00.'",False,507,2.52,
gsm8k,gsm8k_0121,phi3:mini,knockout,90000,True,90000,False,"Removed step 6: Step 6 was removed. It said: 'Now that we know the cost of the lot, we can substitute this value back into the equation H = 3L to find the cost of the house.' → 'The cost of the house is three times the cost of the lot.'",False,694,2.22,
gsm8k,gsm8k_0122,phi3:mini,knockout,it takes grandma 30 minutes to complete the entire 3-mile walk,False,it takes grandma a total of 40 minutes to walk on the beach and 10 minutes to walk on the sidewalk which means it takes her 50 minutes to complete the entire 3-mile walk,True,"Removed step 3: Step 3 was removed. It said: 'Now, we can find the sidewalk speed using the relationship between the beach speed and sidewalk speed. Since s = 2b, we can substitute the beach speed into the equation to get s = 2 * (1/20) = 1/10 miles per minute.' → 'Grandma's sidewalk speed is 1/10 miles per minute.'",True,829,2.99,
gsm8k,gsm8k_0123,phi3:mini,knockout,the candle will be 8 centimeters shorter after burning from 1:00 pm to 5:00 pm,False,the candle will be 8 centimeters shorter after burning from 1:00 pm to 5:00 pm,False,Removed step 2: Step 2 was removed. It said: 'The candle is lit from 1:00 PM to 5:00 PM.' → 'The candle will be burning for a total of 4 hours.',False,469,2.62,
gsm8k,gsm8k_0124,phi3:mini,knockout,21,True,steve and his girlfriend need 9 vines,True,"Removed step 2: Step 2 was removed. It said: 'To find the total amount of tomatoes they consume in a week, we multiply the daily consumption by 7 days.' → 'Steve and his girlfriend consume 63 tomatoes per week.'",True,468,1.83,
gsm8k,gsm8k_0125,phi3:mini,knockout,it takes 2 minutes longer to ride the biggest slide compared to the second biggest slide,False,it takes 2 minutes longer to ride the biggest slide compared to the second biggest slide,False,"Removed step 2: Step 2 was removed. It said: 'To find out how much longer it takes to ride the biggest slide compared to the second biggest slide, subtract the time it takes to ride the second biggest slide from the time it takes to ride the biggest slide.' → '5 minutes - 3 minutes = 2 minutes.'",False,435,1.69,
gsm8k,gsm8k_0126,phi3:mini,knockout,200,False,120,True,Removed step 2: Step 2 was removed. It said: 'Multiply the cost for one night by the number of nights the restaurant is open in a week.' → 'The total cost for a week is $30.',True,649,4.75,
gsm8k,gsm8k_0127,phi3:mini,knockout,steve has 99 games after 3 years,False,steve has a total of 104 games after 3 years,True,"Removed step 3: Step 3 was removed. It said: 'In the third year, Steve buys 4 games per month for 12 months. This means he buys a total of 48 games in the third year.' → 'Steve buys 48 games in the third year.'",True,757,3.41,
gsm8k,gsm8k_0128,phi3:mini,knockout,25,True,step 5: divide the number of flowering plants by the total number of plants and multiply by 100 to find the percentage. the percentage of flowering plants is 33.33% (25/100 * 100 = 25%),False,Removed step 2: Step 2 was removed. It said: 'Subtract the number of indoor plants from the total number of plants to find the remaining plants.' → 'There are 75 remaining plants.',False,618,3.71,
gsm8k,gsm8k_0129,phi3:mini,knockout,shannon’s iced coffee is 75 milliliters weaker,True,shannon’s iced coffee is 20% weaker than the original hot coffee,True,Removed step 8: Step 8 was removed. It said: 'We also need to consider the weakening effect of the added cream.' → 'Weakening effect due to cream = 15 milliliters',True,1099,3.89,
gsm8k,gsm8k_0130,phi3:mini,knockout,60 miles,True,the bus traveled 60 miles farther than the car,False,"Removed step 2: Step 2 was removed. It said: 'To find out how far the car traveled, we need to multiply its speed by the time it traveled. The car's speed is 30 miles per hour and it traveled for 8 hours, so the distance it covered is 30 miles/hour * 8 hours.' → 'The car traveled 240 miles.'",False,458,1.82,
gsm8k,gsm8k_0131,phi3:mini,knockout,260,True,the total number of sheep in toulouse charleston and seattle is 260,False,"Removed step 3: Step 3 was removed. It said: 'Since Charleston has 4 times as many sheep as Seattle, and Seattle has 20 sheep, we can calculate the number of sheep Charleston has by multiplying Seattle's number of sheep by 4.' → 'Charleston has 80 sheep.'",False,542,2.07,
gsm8k,gsm8k_0132,phi3:mini,knockout,30,False,36,True,"Removed step 2: Step 2 was removed. It said: 'Since my wife wants to split the bill evenly, I need to find out how much I should pay.' → 'I need to calculate half of the total bill.'",True,434,2.55,
gsm8k,gsm8k_0133,phi3:mini,knockout,the friends found 40 eggs,False,the friends found 40 eggs,False,"Removed step 2: Step 2 was removed. It said: 'Next, we need to find out the total number of eggs that were not found by the Smith twins.' → 'There were 40 eggs not found by the Smith twins (100 total eggs - 60 eggs found by the Smith twins = 40 eggs).'",False,465,2.32,
gsm8k,gsm8k_0134,phi3:mini,knockout,there are 18 kids in the park,True,there are 18 kids in the park,False,Removed step 4: Step 4 was removed. It said: 'We have already established that there are 6 girls and 12 boys in the park.' → 'There are 6 girls and 12 boys in the park.',False,454,1.6,
gsm8k,gsm8k_0135,phi3:mini,knockout,jim needs to buy 1.5 yards of fabric,False,jim needs to buy 27 yards of fabric,True,"Removed step 3: Step 3 was removed. It said: 'Since fabric is typically sold by the yard, we need to convert the area from square feet to square yards. There are 3 feet in a yard.' → 'There are 24 square feet in a yard.'",True,664,4.27,
gsm8k,gsm8k_0136,phi3:mini,knockout,there are 14 flowers in the vase,False,there are 15 flowers in the vase,True,"Removed step 3: Step 3 was removed. It said: 'To find the total number of flowers in the vase, we need to find out the number of dahlias first.' → 'We need to find the number of dahlias to calculate the total number of flowers.'",True,473,1.49,
gsm8k,gsm8k_0137,phi3:mini,knockout,anna took 7 hours to finish the puzzle,False,anna took 7 hours to complete the puzzle,True,"Removed step 4: Step 4 was removed. It said: 'To find half of Steve's time, we divide the total time Steve took by 2.' → 'Half of Steve's time is 5 hours.'",True,472,1.6,
gsm8k,gsm8k_0139,phi3:mini,knockout,30,True,there are 30 eggs in both baskets put together,False,Removed step 2: Step 2 was removed. It said: 'We are told that the second basket has twice as many eggs as the first basket.' → 'The second basket has 20 eggs.',False,435,2.2,
gsm8k,gsm8k_0140,phi3:mini,knockout,george has 500 fruits,False,george has 500 fruits in total,False,"Removed step 2: Step 2 was removed. It said: 'Now that we know George has 300 pears, we can add this to the number of bananas to find the total number of fruits.' → 'George has 500 fruits.'",False,393,1.73,
gsm8k,gsm8k_0141,phi3:mini,knockout,72,False,64,True,"Removed step 3: Step 3 was removed. It said: 'Next, we need to calculate the discount from the coupon. The coupon takes twice the amount of rewards off the price, so we multiply the total rewards discount by 2.' → 'The coupon provided a discount of $8.'",True,514,1.53,
gsm8k,gsm8k_0142,phi3:mini,knockout,caroline is 24 years old,True,caroline is 24 years old,False,"Removed step 3: Step 3 was removed. It said: 'Since Ben is two times older than Chris, we can calculate Ben's age by multiplying Chris's age by 2.' → 'Ben is 8 years old.'",False,368,1.37,
gsm8k,gsm8k_0143,phi3:mini,knockout,131250,True,131250,False,"Removed step 3: Step 3 was removed. It said: 'The rest of the bikes sold were MTB type, so we subtract the number of Trekking and BMX bikes from the total number of bikes sold to find this.' → 'MTB bikes sold = 300 - 150 - 45 = 105 bikes'",False,786,2.74,
gsm8k,gsm8k_0144,phi3:mini,knockout,3 bolts,False,the robe needs a total of 3 bolts of fiber which includes 2 bolts of blue fiber and 1 bolt of white fiber,False,"Removed step 2: Step 2 was removed. It said: 'The problem also states that the robe requires half as much white fiber as blue fiber. Since we know the robe needs 2 bolts of blue fiber, we can calculate the required white fiber by taking half of that amount.' → 'The robe needs 1 bolt of white fiber.'",False,427,2.14,
gsm8k,gsm8k_0145,phi3:mini,knockout,84,False,84,False,"Removed step 4: Step 4 was removed. It said: 'Now, calculate the discount amount by taking 20% of the total cost before the discount.' → 'The discount amount is 20% of $105, which is 0.20 * $105 = $21.'",False,567,2.12,
gsm8k,gsm8k_0146,phi3:mini,knockout,193,True,james delivers 193 newspapers to district b,False,Removed step 2: Step 2 was removed. It said: 'Subtract the total number of newspapers delivered to District A and District C from the total number of newspapers James delivers in a day.' → 'James delivers 600 - 407 = 193 newspapers to District B.',False,396,1.62,
gsm8k,gsm8k_0147,phi3:mini,knockout,5.67 hours,False,doctor jones has 240 minutes or 4 hours left to update his records,True,"Removed step 2: Step 2 was removed. It said: 'Next, we calculate the total time Doctor Jones spends on appointments. With ten appointments and each appointment taking thirty minutes, we multiply the number of appointments by the time per appointment.' → 'Doctor Jones spends a total of 300 minutes on appointments.'",True,592,1.94,
gsm8k,gsm8k_0148,phi3:mini,knockout,dana can travel 16 miles in six hours,False,dana can travel 24 miles in six hours,True,"Removed step 3: Step 3 was removed. It said: 'Now, we can calculate the distance she covers while running and walking. To do this, we multiply her running speed by the time spent running and her walking speed by the time spent walking.' → 'Dana covers 12 miles while running and 4 miles while walking.'",True,613,2.43,
gsm8k,gsm8k_0149,phi3:mini,knockout,22.5 watermelons were not ready for harvest after the two weeks,False,23 watermelons were not ready for harvest after the two weeks,True,"Removed step 2: Step 2 was removed. It said: 'To find the number of watermelons that were not ready for harvest after the first visit, subtract the number of ready watermelons from the total number of watermelons.' → '90 watermelons were not ready for harvest after the first visit.'",True,663,2.47,
gsm8k,gsm8k_0150,phi3:mini,knockout,8,True,mara had 8 slices remaining on the plate,True,"Removed step 2: Step 2 was removed. It said: 'Next, we need to calculate the total number of slices after she tripled the amount she had.' → 'Mara had 15 slices on the plate.'",True,489,1.72,
gsm8k,gsm8k_0151,phi3:mini,knockout,2500,False,james made a commission of $2500,False,"Removed step 2: Step 2 was removed. It said: 'Next, we need to find out how much the company paid for the cars. The company paid 30% of the total cost, so we calculate 30% of $250,000.' → 'The company paid $75,000 for the cars.'",False,729,3.9,
gsm8k,gsm8k_0152,phi3:mini,knockout,4 days,False,it will take the child 4 days to save the remaining amount,False,"Removed step 2: Step 2 was removed. It said: 'Next, we need to find out how much money the child already has saved.' → 'The child has $4 in savings.'",False,468,1.91,
gsm8k,gsm8k_0153,phi3:mini,knockout,4 containers were imported on the second day,False,4 containers,False,"Removed step 2: Step 2 was removed. It said: 'We know that the total number of vehicles in the port after the second day's import is 30. To find out how many vehicles were imported on the second day, we subtract the number of vehicles that were already in the port from the total number of vehicles after the second day.' → 'There were 20 vehicles imported on the second day.'",False,557,2.7,
gsm8k,gsm8k_0154,phi3:mini,knockout,75 cents,False,0.50 or 50 cents per individual razor,True,"Removed step 3: Step 3 was removed. It said: 'Now, we need to apply the $2.00 coupon to the total cost.' → 'After applying the $2.00 coupon, the total cost becomes $6.00.'",True,561,1.87,
gsm8k,gsm8k_0156,phi3:mini,knockout,12,True,adam had to contribute $12 from his savings,False,"Removed step 2: Step 2 was removed. It said: 'Now, we know that Adam spent $30 on trousers and received $18 from his parents. To find out how much he had to contribute from his savings, we subtract the amount he received from his parents from the total cost of the trousers.' → 'Adam had to contribute $30 - $18 = $12 from his savings.'",False,403,1.87,
gsm8k,gsm8k_0157,phi3:mini,knockout,,False,,False,,False,10672,144.93,"1 validation error for ContinuationResponse
  Invalid JSON: EOF while parsing a string at line 2 column 2353 [type=json_invalid, input_value='{\n  ""continued_reasonin...0. 5.5b = 700. 5.5b = 7', input_type=str]
    For further information visit https://errors.pydantic.dev/2.11/v/json_invalid"
gsm8k,gsm8k_0158,phi3:mini,knockout,the fourth child is 72 inches tall,True,the fourth child is 72 inches tall,False,Removed step 3: Step 3 was removed. It said: 'Subtract five inches from the height of the second child to find the height of the third child.' → 'The third child is 69 inches tall (74 inches - 5 inches = 69 inches).',False,496,1.94,
gsm8k,gsm8k_0159,phi3:mini,knockout,8000 pounds,False,the redwood tree weighs 5600 pounds after the termites have eaten 30% of it,True,"Removed step 3: Step 3 was removed. It said: 'Now, we find the weight of the remaining wood after the termites have eaten 30%. We subtract the weight of the eaten wood from the total weight of the tree before the termites ate it.' → 'The remaining wood weighs 8000 pounds.'",True,573,2.27,
gsm8k,gsm8k_0160,phi3:mini,knockout,maddison has 270 marbles,True,maddison now has 270 marbles,True,"Removed step 2: Step 2 was removed. It said: 'Next, we add the number of marbles Maddison received from her friend to the initial number of marbles.' → 'Maddison now has 250 initial marbles + 20 marbles from her friend = 270 marbles.'",True,381,1.74,
gsm8k,gsm8k_0162,phi3:mini,knockout,john can make 9 small bags,False,the final answer cannot be determined without knowing the weight of a single m&m,True,"Removed step 2: Step 2 was removed. It said: 'Next, we need to find the total number of M&M in the large bags.' → 'The total number of M&M in the large bags is 3 bags * 30 M&M/bag = 90 M&M.'",True,733,5.38,
gsm8k,gsm8k_0164,phi3:mini,knockout,1200 jellyfish,False,five springs create 1200 jellyfish in 4 hours,False,"Removed step 6: Step 6 was removed. It said: 'Since one spring creates 3600 jellyfish in an hour, and there are 60 minutes in an hour, we can calculate the number of jellyfish one spring would create in one minute by dividing the hourly rate by 60. So, 3600 jellyfish/hour / 60 minutes/hour = 60 jellyfish/minute.' → 'One spring creates 60 jellyfish in one minute.'",False,1177,4.74,
gsm8k,gsm8k_0165,phi3:mini,knockout,skyler has 20 white hats,True,skyler has 20 white hats,False,"Removed step 3: Step 3 was removed. It said: 'Next, we need to find out how many of these remaining hats are blue. We know that 3/5 of the remaining hats are blue, so we can calculate this by multiplying the remaining hats by 3/5.' → 'Skyler has 30 blue hats.'",False,539,2.22,
gsm8k,gsm8k_0166,phi3:mini,knockout,fawn has 28 books,True,fawn has 28 books,False,"Removed step 3: Step 3 was removed. It said: 'The total number of books they have together is 85, so we can write this as S + A + F = 85.' → 'We have established the total number of books.'",False,797,1.84,
gsm8k,gsm8k_0167,phi3:mini,knockout,josey needed 6 pints of gasoline,False,josey needed 6 pints of gasoline,False,"Removed step 2: Step 2 was removed. It said: 'We know that there are 8 pints in a gallon. To find the volume of gasoline in one container in pints, we multiply the volume in gallons by the conversion factor.' → 'Each container holds 24 pints of gasoline.'",False,513,2.67,
gsm8k,gsm8k_0168,phi3:mini,knockout,1110,True,960,True,Removed step 4: Step 4 was removed. It said: 'Subtract the discount from the total cost of the two packages to find the discounted price.' → 'The discounted price of the two packages is $960.',True,477,1.44,
gsm8k,gsm8k_0169,phi3:mini,knockout,12.00,True,12.00,False,"Removed step 4: Step 4 was removed. It said: 'Similarly, we can calculate the cost of five oranges by multiplying the cost of one orange by 5.' → 'The cost of five oranges is $1.10 * 5 = $5.50.'",False,610,2.59,
gsm8k,gsm8k_0170,phi3:mini,knockout,14,True,14,False,"Removed step 3: Step 3 was removed. It said: 'Then, calculate the cost of the lettuce Chase bought.' → 'Chase spent $3 on lettuce.'",False,496,2.23,
gsm8k,gsm8k_0171,phi3:mini,knockout,martha has 1 more notebook than joseph,False,martha has 1 more notebook than joseph,False,"Removed step 3: Step 3 was removed. It said: 'Now that we know Martha originally had 2 notebooks, we can substitute this value into the equation from step 1 to find out how many notebooks Joseph has. So, J = 3 * 2 = 6 notebooks.' → 'Joseph has 6 notebooks.'",False,589,2.71,
gsm8k,gsm8k_0172,phi3:mini,knockout,4,False,the 720 grams of cat food will last for 4 days,True,"Removed step 2: Step 2 was removed. It said: 'Since Imma has 3 cats, we need to multiply the daily consumption by the number of cats to find the total daily consumption.' → 'The cats consume 180 grams of cat food per day.'",True,455,2.23,
gsm8k,gsm8k_0173,phi3:mini,knockout,8,False,the sloth can pick up 12 berries per trip,True,"Removed step 2: Step 2 was removed. It said: 'Since each trip down takes 4 hours, and he wants to collect 24 berries in 8 hours, we can calculate the number of trips by dividing the total time by the time per trip.' → 'The sloth needs to make 3 trips.'",True,597,3.08,
gsm8k,gsm8k_0174,phi3:mini,knockout,30.67,False,each person paid $30.67,False,"Removed step 2: Step 2 was removed. It said: 'Since Isabelle split the cost evenly with her two parents, we need to divide the total cost by three to find out how much each person paid.' → 'Each person paid $92 / 3 = $30.67.'",False,511,2.19,
gsm8k,gsm8k_0175,phi3:mini,knockout,9,False,janet would save $2 by buying a bus pass,True,"Removed step 2: Step 2 was removed. It said: 'To find the total cost of Janet'th bus trips for a week, multiply the cost of a single trip by the number of trips she takes in a week.' → 'Janet spends $11 on bus trips in a week.'",True,512,3.05,
gsm8k,gsm8k_0176,phi3:mini,knockout,grayson earns 84 cents in a month from recycling,True,grayson earns 84 cents in a month from recycling,False,"Removed step 3: Step 3 was removed. It said: 'Now, we add the earnings from aluminum cans and plastic bottles to find the total weekly earnings.' → 'Grayson earns 21 cents in a week from recycling.'",False,637,2.87,
gsm8k,gsm8k_0177,phi3:mini,knockout,940,True,940,False,Removed step 2: Step 2 was removed. It said: 'We are told that Joseph's expenditure in June was $60 less than in May.' → 'Joseph spent $60 less in June than he did in May.',False,433,1.76,
gsm8k,gsm8k_0178,phi3:mini,knockout,22,False,22,False,"Removed step 2: Step 2 was removed. It said: 'Now that we know the price of a banana, we can calculate the price of an orange. An orange costs three times as much as a banana.' → 'The price of an orange is $3.'",False,523,1.46,
gsm8k,gsm8k_0179,phi3:mini,knockout,125 grams,False,you cannot eat any more chips without exceeding your daily calorie target,True,Removed step 2: Step 2 was removed. It said: 'Subtract the calories already consumed from the daily calorie target to find out how many calories are left for consumption.' → 'There are 250 calories left for consumption.',True,593,3.34,
gsm8k,gsm8k_0180,phi3:mini,knockout,team gogetters found 168 shells,True,team gogetters found 168 shells,False,"Removed step 2: Step 2 was removed. It said: 'Next, we need to find out how many shells were left after team Alphas found their share. This can be done by subtracting the number of shells found by team Alphas from the total number of shells.' → 'There were 420 shells remaining after team Alphas found their share.'",False,542,1.93,
gsm8k,gsm8k_0182,phi3:mini,knockout,180,False,270 pencils were left at the end of the year,True,Removed step 3: Step 3 was removed. It said: 'Subtract the number of pencils used from the total number of pencils to find the remaining pencils after two months.' → 'There were 270 pencils remaining after two months.',True,567,1.9,
gsm8k,gsm8k_0183,phi3:mini,knockout,the last dog needs to walk 2 miles,False,the last dog does not need to walk any additional miles,True,"Removed step 2: Step 2 was removed. It said: 'Since there are 4 dogs, we can find the average miles per dog by dividing the total miles by the number of dogs.' → 'The average miles per dog is 8 / 4 = 2 miles.'",True,474,2.33,
gsm8k,gsm8k_0184,phi3:mini,knockout,60,True,therefore 60% of the entire students are enrolled in hip-hop dance,False,Removed step 2: Step 2 was removed. It said: 'Subtract the number of students enrolled in contemporary dance from the total number of students to find the remaining students.' → 'There are 16 students remaining.',False,564,2.26,
gsm8k,gsm8k_0185,phi3:mini,knockout,john can harvest 4000 pineapples in a year,True,john can harvest 4000 pineapples in a year,False,"Removed step 2: Step 2 was removed. It said: 'Since there are 12 months in a year and John can harvest every 3 months, we divide 12 by 3 to find the number of harvests.' → 'John can harvest 4 times a year.'",False,614,3.07,
gsm8k,gsm8k_0186,phi3:mini,knockout,jackie was 73 inches tall before the summer,False,jackie was 70 inches tall before the summer,True,"Removed step 2: Step 2 was removed. It said: 'Now that we know Anne's height, we can find out how tall Jackie is. Since Jackie is 2 inches shorter than Anne, we subtract 2 inches from Anne's height to find Jackie's current height.' → 'Jackie's current height is 70 inches.'",True,443,1.87,
gsm8k,gsm8k_0187,phi3:mini,knockout,miguel uses 240 sheets of paper per month,True,miguel uses 240 sheets of paper per month,False,Removed step 4: Step 4 was removed. It said: 'There are 4 weeks in a month.' → 'There are 4 weeks in a month.',False,463,1.37,
gsm8k,gsm8k_0188,phi3:mini,knockout,560,False,frank has 240 shoes on sunday,True,"Removed step 2: Step 2 was removed. It said: 'Since each pair consists of two shoes, we need to multiply the total number of pairs by 2 to find out the total number of individual shoes.' → 'Frank has 460 individual shoes.'",True,574,2.98,
gsm8k,gsm8k_0190,phi3:mini,knockout,sophia's car can travel 300 miles on a full tank of gas,True,sophia's car can travel 300 miles on a full tank of gas,False,"Removed step 2: Step 2 was removed. It said: 'Sophia's car has a fuel efficiency of 25 miles per gallon, as she has traveled 100 miles using 4 gallons of gas.' → 'Sophia's car can travel 25 miles for every gallon of gas.'",False,569,2.73,
gsm8k,gsm8k_0191,phi3:mini,knockout,240,True,480,True,"Removed step 2: Step 2 was removed. It said: 'To find the remaining amount after Dylan's investment, we subtract Dylan's investment from the total amount.' → 'The remaining amount after Dylan's investment is $720.'",True,572,2.72,
gsm8k,gsm8k_0192,phi3:mini,knockout,20,False,100,True,"Removed step 2: Step 2 was removed. It said: 'Add the number of people who boarded at the first stop.' → 'After the first stop, there are 120 + 20 = 140 people on the train.'",True,602,3.05,
gsm8k,gsm8k_0193,phi3:mini,knockout,4,True,uncle ben needs 4 bags of oats,True,Removed step 2: Step 2 was removed. It said: 'Multiply the daily oats consumption of one horse by the number of horses to find the total daily oats consumption for all horses.' → 'The four horses consume 40 pounds of oats per day.',True,502,2.02,
gsm8k,gsm8k_0194,phi3:mini,knockout,29,False,peter bought 4 wooden action figures and 25 plastic action figures making a total of 29 action figures by the end of the week,False,Removed step 3: Step 3 was removed. It said: 'Subtract the amount spent on wooden action figures from Peter's total money to find out how much he has left for the rest of the week.' → 'Peter has $50 left.',False,624,2.39,
gsm8k,gsm8k_0195,phi3:mini,knockout,2 minutes,False,the combined length of time for the three wolves' howls is 1 minute,True,"Removed step 4: Step 4 was removed. It said: 'Now, we have the duration of howls for all three wolves in seconds. We need to convert these durations to minutes by dividing by 60.' → 'Tobias howls for 0.333 minutes, Chikote howls for 0.667 minutes, and Igneous howls for 1 minute.'",True,619,2.29,
gsm8k,gsm8k_0196,phi3:mini,knockout,2.00,True,2,False,"Removed step 2: Step 2 was removed. It said: 'Next, we calculate the total cost of the onions. The onions are $2.00 per pound, so the total cost for 4 pounds is 4 pounds x $2.00/pound = $8.00.' → 'The total cost for the onions is $8.00.'",False,727,3.02,
gsm8k,gsm8k_0197,phi3:mini,knockout,mary got a total of 462 m&ms,False,mary got a total of 762 m&ms,True,"Removed step 2: Step 2 was removed. It said: 'Next, we need to find out how many M&Ms are in the third bag. Since the third bag has half the number of M&Ms that the first bag had, we divide the number of M&Ms in the first bag by 2.' → 'The third bag has 150 M&Ms.'",True,528,2.44,
gsm8k,gsm8k_0199,phi3:mini,knockout,5600,True,560th,True,"Removed step 2: Step 2 was removed. It said: 'Next, we calculate the cost of the milk he returned. We multiply the amount of milk he returned, which is 1600 gallons, by the cost per gallon, which is $3.5.' → 'The cost of the milk he returned is $5600.'",True,534,2.14,
math,math_0000,phi3:mini,knockout,22.65,False,22.65,False,"Removed step 7: Step 7 was removed. It said: 'To simplify the expression from step 6, we find a common denominator and combine the terms.' → 'This simplifies to $a+b=rac{27}{4}\left(\sqrt[3]{2}+1\right)$.'",False,930,1.9,
math,math_0001,phi3:mini,knockout,8,True,8,False,"Removed step 2: Step 2 was removed. It said: 'Now that we have the value of $g(2)$, we can find $f(g(2))$ by substituting $g(2)$ into the function $f(x) = x + 1$.' → 'We find that $f(g(2)) = f(7) = 7 + 1 = 8.'",False,477,3.07,
math,math_0002,phi3:mini,knockout,-256,True,the value of d is 256,True,"Removed step 13: Step 13 was removed. It said: 'Now that we have the values of a, b, and c, we can substitute them into the original equation to find the value of d. The equation becomes 8x^3 - 256x^2 + 1024x - 256 = 0.' → 'The original equation is 8x^3 - 256x^2 + 1024x - 256 = 0.'",True,1352,2.85,
math,math_0005,phi3:mini,knockout,1,False,the final simplified expression is $49/64b^{12},True,"Removed step 4: Step 4 was removed. It said: 'Since $b$ is non-zero, we can simplify the expression by multiplying the terms with the same base $b$.' → 'The expression simplifies to $49b^6 	imes b^{-6}$.'",True,641,2.51,
math,math_0006,phi3:mini,knockout,there are 12 red marbles,False,r = 11.67,True,Removed step 11: Step 11 was removed. It said: 'Divide both sides by 3 to solve for R.' → 'We find that R = 35/3.',True,1266,2.35,
math,math_0007,phi3:mini,knockout,(1 3 -10),False,(1 3 -10),False,"Removed step 2: Step 2 was removed. It said: 'Now that we have the parametric equations for the line, we can write the equation of the second line in parametric form as well. The second line is given by the equation $x - y + z = 5$. We can rewrite this as $x = y - z + 5$. Let's denote the parameter for the second line as 's'. So, we have:' → 'x = s, y = s - z - 5, z = z'",False,934,3.7,
math,math_0008,phi3:mini,knockout,the slope of the line containing the midpoint of the first segment is 1 and the slope of the line containing the midpoint of the second segment is 2/11,False,the slope of the line containing the midpoint of the segment with endpoints at (0 0) and (2 2) is 1 and the slope of the line containing the midpoint of the segment with endpoints at (5 0) and (6 2) is 2/11,True,"Removed step 2: Step 2 was removed. It said: 'Now, we apply the midpoint formula to the second segment with endpoints (5, 0) and (6, 2).' → 'The midpoint of the second segment is ((5 + 6)/2, (0 + 2)/2) = (5.5, 1).'",True,783,3.98,
math,math_0009,phi3:mini,knockout,($\sqrt{56}$ \frac{\pi}{4} \arccos\left(\frac{4\sqrt{6}}{\sqrt{56}\right)),False,($\sqrt{56}$ $\frac{\pi}{4}$ $\arccos\left(\frac{4\sqrt{6}}{\sqrt{56}\right)$),True,"Removed step 4: Step 4 was removed. It said: 'The value of $\phi$ is the angle from the positive z-axis, which can be found using the arccosine function: $\phi = \arccos\left(\frac{z}{\rho}\right)$.' → 'The value of $\phi$ is $\arccos\left(\frac{4\sqrt{6}}{\sqrt{56}}\right)$.'",True,741,3.23,
math,math_0013,phi3:mini,knockout,-13,False,-61,True,"Removed step 2: Step 2 was removed. It said: 'Next, multiply 3 by 11.' → 'The result of $3 	imes 11$ is 33.'",True,526,2.53,
math,math_0015,phi3:mini,knockout,216 cubic inches,True,the volume of the cube is (2√3)³ = 26.83 cubic inches,True,"Removed step 2: Step 2 was removed. It said: 'The diameter of the sphere is equal to the side length of the cube, which is 6 inches.' → 'The side length of the cube is 6 inches.'",True,554,3.2,
math,math_0016,phi3:mini,knockout,1/36,False,the probability of the red die showing a 2 and the green die showing a 5 is 1/36,False,"Removed step 4: Step 4 was removed. It said: 'The probability of the red die showing a 2 is 1/6, as there is only one '2' on a 6-sided die.' → 'The probability of the red die showing a 2 is 1/6.'",False,657,2.55,
math,math_0017,phi3:mini,knockout,the volume of the parallelepiped is $\frac{39}{8},False,the volume of the parallelepiped is $\left|\frac{39\sqrt{3}}{4}\right| = \frac{39\sqrt{3}}{4} \approx 17.817,True,"Removed step 2: Step 2 was removed. It said: 'Since the angle between any two vectors is $\arccos \frac{5}{8}$, we can use the formula for the dot product of two vectors in terms of their magnitudes and the angle between them to find the magnitude of $\mathbf{c}$. The formula for the dot product is $\mathbf{u} \cdot \mathbf{v} = \|\mathbf{u}\| \|\mathbf{v}\| \cos \theta$, where $\theta$ is the angle between the vectors. In this case, $\theta = \arccos \frac{5}{8}$, and $\|\mathbf{u}\| = \|\mathbf{v}\| = 2$. Let'sin be the sine of the angle between the vectors, which can be found using the trigonometric identity $\sin^2 \theta + \cos^2 \theta = 1$. Therefore, $\sin \theta = \sqrt{1 - \cos^2 \theta} = \sqrt{1 - \left(\frac{5}{8}\right)^2} = \sqrt{1 - \frac{25}{64} = \frac{\sqrt{39}}{64}$.' → 'The magnitude of $\mathbf{c}$ is $\sqrt{39}$.'",True,1200,5.72,
math,math_0018,phi3:mini,knockout,n = 12,True,the value of $n$ is $12,True,Removed step 2: Step 2 was removed. It said: 'We can simplify the left side of the equation by evaluating $2^3$ which is equal to $2 	imes 2 	imes 2 = 8.' → 'The left side of the equation simplifies to $8^4$.',True,428,1.14,
math,math_0022,phi3:mini,knockout,thursday,False,thursday,False,"Removed step 3: Step 3 was removed. It said: 'Since there are 7 days in a week, we can divide 22 by 7 to find out how many complete weeks are there in these 22 days.' → 'There are 3 complete weeks and 3 days remaining.'",False,550,2.32,
math,math_0026,phi3:mini,knockout,,False,,False,,False,13152,153.78,"1 validation error for ContinuationResponse
  Invalid JSON: EOF while parsing a string at line 2 column 4710 [type=json_invalid, input_value='{\n  ""continued_reasonin...38, c = -56, and d = 16', input_type=str]
    For further information visit https://errors.pydantic.dev/2.11/v/json_invalid"
math,math_0027,phi3:mini,knockout,1/2,False,the final answer is $1/2,False,"Removed step 3: Step 3 was removed. It said: 'Since the base of the logarithm is 2 and the argument is $2^{1/2}$, we can simplify the expression using the property that $\log_b(b^c) = c$.' → 'This simplifies the expression to $1/2$.'",False,442,1.89,
math,math_0029,phi3:mini,knockout,4,False,4,False,Removed step 8: Step 8 was removed. It said: 'We calculate the remainder of $32$ when divided by 7.' → '32 mod 7 = 4.',False,883,1.55,
math,math_0032,phi3:mini,knockout,7/12,False,the probability that the light is not green is 35/60 which simplifies to 7/12,False,"Removed step 3: Step 3 was removed. It said: 'To find the probability that the light is not green, we need to find the total time the light is not green.' → 'The light is not green for 35 seconds (30 seconds red + 5 seconds yellow).'",False,550,2.31,
math,math_0035,phi3:mini,knockout,-8,False,-32,True,Removed step 2: Step 2 was removed. It said: 'Substitute $g(x)$ into $f(x)$ by replacing every instance of $x$ in $f(x)$ with the expression for $g(x)$.' → 'The composite function $f(g(x))$ is $(x^3 + 5x^2 + 9x - 2)^3 - 6(x^3 + 5x^2 + 9x - 2)^2 + 3(x^3 + 5x^2 + 9x - 2) - 4$.',True,807,5.23,
math,math_0037,phi3:mini,knockout,5654,False,the sum of the least and greatest four-digit multiples of 4 that can be written each using the digits 1 2 3 and 4 exactly once is 5654,False,"Removed step 2: Step 2 was removed. It said: 'Next, we need to find the greatest four-digit multiple of 4 that can be formed using the digits 1, 2, 3, and 4 exactly once. To get the largest number, we should place the digits in descending order, but we need to ensure the last two digits form a number divisible by 4. The largest number we can form is 4321, but this is not divisible by 4. The next largest number is 4312, which is divisible by 4. Therefore, the greatest four-digit multiple of 4 using the digits 1, 2, 3, and 4 exactly once is 4312.' → 'The greatest four-digit multiple of 4 using the digits 1, 2, 3, and 4 exactly once is 4312.'",False,760,4.46,
math,math_0038,phi3:mini,knockout,,False,,False,,False,0,25.2,"1 validation error for ContinuationResponse
  Invalid JSON: EOF while parsing an object at line 18 column 0 [type=json_invalid, input_value='{\n  ""continued_reasonin...\n \n \n \n \n \n \n \n', input_type=str]
    For further information visit https://errors.pydantic.dev/2.11/v/json_invalid"
math,math_0041,phi3:mini,knockout,-1,True,-1,False,"Removed step 2: Step 2 was removed. It said: 'We can use the reference angle of $45^	ext{o}$ to find the value of $	an 135^	ext{o}$. The reference angle is the acute angle formed by the terminal side of the angle and the x-axis in the second quadrant, which is $180^	ext{o} - 135^	ext{o} = 45^	ext{o}$.' → 'The reference angle for $	an 135^	extin$ is $45^	ext{o}$.'",False,608,3.55,
math,math_0043,phi3:mini,knockout,-2,False,-2x+x^2-8x^3,True,Removed step 4: Step 4 was removed. It said: 'Combine the $x^3$ terms and the $x^4$ terms separately.' → 'The expression simplifies to $-3-2x+12x^3-20x^4$',True,616,2.33,
math,math_0044,phi3:mini,knockout,22.50,False,tyler needs $22.50 to buy lunch for himself and his friends,False,"Removed step 2: Step 2 was removed. It said: 'Since the price of each lunch is fixed at $4.50, we need to multiply this price by the total number of people to find out the total cost.' → 'The total cost for 5 lunches is $4.50 * 5 = $22.50.'",False,458,1.89,
math,math_0045,phi3:mini,knockout,12 inches,False,the side length of the larger square is $ rac{40}{7}$ inches,True,"Removed step 2: Step 2 was removed. It said: 'The ratio of the area of the smaller square to the area of the entire dart board is given as $rac{4}{9}$. This means that the area of the larger square is 9 times the area of the smaller square. Therefore, the area of the larger square is $16 	imes 9 = 144$ square inches.' → 'The area of the larger square is 144 square inches.'",True,605,3.41,
math,math_0046,phi3:mini,knockout,3.045,False,3.29,True,Removed step 8: Step 8 was removed. It said: 'We can simplify the expression by canceling out the common terms.' → 'This gives us $a\times b\times c\times d=\frac{3\times\log(7)$',True,1436,7.14,
math,math_0048,phi3:mini,knockout,the slopes of the lines containing the midpoints are -1/2 and -1 respectively,False,the lines are perpendicular to each other,True,"Removed step 2: Step 2 was removed. It said: 'Similarly, for the second segment with endpoints $(5, 1)$ and $(1, 5)$, the midpoint is calculated as follows:' → 'The midpoint of the second segment is $((5+1)/2, (1+5)/2 = (3, 3)$.'",True,796,4.26,
math,math_0049,phi3:mini,knockout,d,False,d) ellipse,True,"Removed step 3: Step 3 was removed. It said: 'The coefficient of the 'sin' function is positive and the 'r' is divided by a constant, which suggests that the curve is a cardioid.' → 'The equation represents a cardioid, which is a type of limaçon.'",True,825,4.45,
math,math_0051,phi3:mini,knockout,the distance between $5+6i$ and $-2+2i$ is $\sqrt{65},True,the distance between $5+6i$ and $-2+2i$ in the complex plane is $\sqrt{65},True,"Removed step 2: Step 2 was removed. It said: 'To find the distance, we need to calculate the magnitude of the difference between the two complex numbers.' → 'The magnitude of the difference is $\sqrt{(7)^2 + (4)^2} = \sqrt{65}$.'",True,464,2.17,
math,math_0053,phi3:mini,knockout,there are 105 ways to select 13 students from a group of 15 to serve on a chalkboard-cleaning team,True,c(15 13) = 105,True,"Removed step 5: Step 5 was removed. It said: 'We can cancel out the common factor of 13! in the numerator and denominator.' → 'C(15, 13) = (15 * 14) / 2'",True,624,2.13,
math,math_0054,phi3:mini,knockout,the possible values of $x$ are $4$ and $-4,False,-4 4,True,"Removed step 3: Step 3 was removed. It said: 'To find the values of $x$, we take the square root of both sides of the equation.' → 'The equation becomes $x=\pm4$.'",True,419,1.28,
math,math_0055,phi3:mini,knockout,the product $f(g(1)) imes g(f(1))$ cannot be evaluated,False,0,True,Removed step 4: Step 4 was removed. It said: 'Evaluate the composition of the functions at the intersection points.' → 'The composition $f(g(1)$ is not defined since $g(1)$ is not in the domain of $f$. The composition $g(f(1))$ is not defined since $f(1)$ is not in the domain of $g$.',True,1744,7.47,
math,math_0060,phi3:mini,knockout,1,True,the sum of the ceiling values of 8.8 and -8.8 is 9 + (-8) = 1,True,"Removed step 2: Step 2 was removed. It said: 'First, we apply the ceiling function to 8.8. Since 8.8 is not an integer, it will be rounded up to the nearest integer greater than 8.8, which is 9.' → 'The ceiling of 8.8 is 9.'",True,526,2.24,
math,math_0063,phi3:mini,knockout,9,False,in total there are 1 (large square) + 4 (rectangles formed by the sides of the large square and the smaller squares inside it) + 4 (rectangles formed by the sides of the smaller squares inside the large square) = 9 rectangles,True,"Removed step 10: Step 10 was removed. It said: 'Additionally, there are four rectangles formed by the sides of the smaller squares inside the smaller squares inside the smaller squares inside the large square.' → 'There are four rectangles formed by the sides of the smaller squares inside the smaller squares inside the smaller squares inside the large square.'",True,1124,4.14,
math,math_0064,phi3:mini,knockout,the largest possible value of the expression is $ rac{1}{9},False,frac{1}{9},True,Removed step 3: Step 3 was removed. It said: 'Substitute the largest possible values for $x$ and $y$ into the expression to get the maximum value of the expression.' → 'Substitute $x = -5$ and $y = 4$ into the expression to get $rac{-5 + 4}{-5 - 4} = rac{-1}{-9} = rac{1}{9}$.',True,779,3.79,
math,math_0066,phi3:mini,knockout,,False,,False,,False,11820,149.14,"1 validation error for ContinuationResponse
  Invalid JSON: EOF while parsing a string at line 2 column 5560 [type=json_invalid, input_value='{\n  ""continued_reasonin...and $-3b^3 = 5b^5$. Sol', input_type=str]
    For further information visit https://errors.pydantic.dev/2.11/v/json_invalid"
math,math_0068,phi3:mini,knockout,180 degrees,False,each angle in the star-polygon measures 150 degrees,True,"Removed step 2: Step 2 was removed. It said: 'The sum of the interior angles of any polygon is always 180 degrees times the number of sides minus 2. Since our star-polygon has 8 vertices, it effectively has 16 sides (each chord creates an additional side).' → 'The sum of the interior angles of the star-polygon is 2880 degrees.'",True,758,5.38,
math,math_0069,phi3:mini,knockout,,False,,False,,False,13544,155.41,"1 validation error for ContinuationResponse
  Invalid JSON: EOF while parsing a string at line 2 column 3046 [type=json_invalid, input_value='{\n  ""continued_reasonin.... 999 + 1 = 1000. 999 +', input_type=str]
    For further information visit https://errors.pydantic.dev/2.11/v/json_invalid"
math,math_0070,phi3:mini,knockout,4,True,since $3^4 = 81$ and $3^{-4} = rac{1}{81}$ we can conclude that $ rac{81}{3^4} = rac{81}{81} = 1$. thus $ rac{1}{3^4} = rac{1}{81} = 3^{- rac{4}{1}}$. therefore $ rac{1}{3^4} = 3^{- rac{4}{1}}$ and $ rac{1}{3^4} = 3^{- rac{4}{1}}$ which simplifies to $3^{-4}$. so $ rac{1}{3^4} = 3^{- rac{4}{1}}$ and $ rac{1 end{continued_reasoning}{final_answer} = 3^{- rac{4}{1}},True,Removed step 2: Step 2 was removed. It said: 'We know that $3^4 = 81$ because $3 \times 3 \times 3 \times 3 \times 3 = 81$' → 'The power of 3 that equals 81 is 4.',True,557,4.08,
math,math_0073,phi3:mini,knockout,1,False,1,False,"Removed step 2: Step 2 was removed. It said: 'The Euclidean algorithm begins with dividing the larger number by the smaller number and taking the remainder.' → '108 divided by 315 gives a quotient of 0 and a remainder of 108, since 108 is less than 315.'",False,644,2.26,
math,math_0075,phi3:mini,knockout,there are 126 different 9-step paths from $e$ to $g,True,there are 126 different 9-step paths from $e$ to $g,False,"Removed step 3: Step 3 was removed. It said: 'The total number of paths from $E$ to $G$ can be calculated using combinations.' → 'The total number of paths is given by the combination of 9 moves taken 5 at a time, which is $\binom{9}{5}$.'",False,627,3.1,
math,math_0076,phi3:mini,knockout,2^{111}$ divided by $7^{111},False,the final simplified expression is $2^{111} imes 7^{-111},True,Removed step 4: Step 4 was removed. It said: 'We can simplify the expression further by canceling out the common factors in the numerator and denominator.' → 'This gives us $\dfrac{16^{111}}{7^{111}}$.',True,701,1.87,
math,math_0080,phi3:mini,knockout,1/4,False,1/4,False,"Removed step 4: Step 4 was removed. It said: 'The side length of the smaller square is 1 unit, which is the difference between the side lengths of the larger square and the smaller squares.' → 'The side length of the smaller square is 1 unit.'",False,1035,6.25,
math,math_0082,phi3:mini,knockout,1/2,False,1/2,False,"Removed step 4: Step 4 was removed. It said: 'Next, identify the range of odd integers between 100 and 200. The smallest odd integer is 101 and the largest is 199. The sum of an arithmetic series can be found using the formula: S = n/2 * (a + l), where n is the number of terms, a is the first term, and l is the last term.' → 'The sum of odd integers between 100 and 200 is 101 + 103 + 105 + ... + 199.'",False,1049,3.28,
math,math_0084,phi3:mini,knockout,5,True,5,False,Removed step 5: Step 5 was removed. It said: 'Solve the inequality $16 - 4c < 0$ for $c$ to find the smallest integer value that satisfies the condition.' → 'Solving the inequality gives $c > 4$.',False,788,3.53,
math,math_0086,phi3:mini,knockout,,False,,False,,False,12828,152.66,"1 validation error for ContinuationResponse
  Invalid JSON: EOF while parsing a string at line 2 column 2817 [type=json_invalid, input_value='{\n  ""continued_reasonin... = 555555201^2 = 555555', input_type=str]
    For further information visit https://errors.pydantic.dev/2.11/v/json_invalid"
math,math_0087,phi3:mini,knockout,[1 ∞),False,the solution set is [1 ∞),False,Removed step 4: Step 4 was removed. It said: 'Factor the right side of the inequality to find the critical points.' → 'The inequality becomes 0 >= x(x - 1).',False,668,2.07,
math,math_0089,phi3:mini,knockout,the radius of the eighth sphere is $\sqrt{11},False,the radius of the eighth sphere is $\sqrt{3} + \sqrt{10},True,"Removed step 3: Step 3 was removed. It said: 'The radius of the larger sphere can be found using the Pythagorean theorem in a right triangle formed by the radius of the larger sphere, the radius of a smaller sphere, and half the side length of the hexagon. The right triangle has sides of $1$, $3$, and $2$. Using the Pythagorean theorem, the radius of the larger sphere is $\sqrt{13}$.' → 'The radius of the larger sphere is $\sqrt{13}$.'",True,1101,8.52,
math,math_0091,phi3:mini,knockout,32,False,14,True,"Removed step 5: Step 5 was removed. It said: 'Comparing the coefficients of the expanded form with the original expression, we can see that $a = 2$, $b = -3$, $c = 4$, $d = 6$, and $e = 27$.' → 'The values of $a$, $b$, $c$, $d$, and $e$ are $2$, $-3$, $4$, $6$, and $27$ respectively.'",True,911,4.46,
math,math_0092,phi3:mini,knockout,-81.87 degrees,False,the angle of rotation is 278.13 degrees,True,"Removed step 5: Step 5 was removed. It said: 'The coordinates of C are (0,1). The coordinates of A are (4,-1) and A' are (-6,2).' → 'The coordinates of C are (0,1), A are (4,-1), and A' are (-6,2).'",True,1364,6.42,
math,math_0093,phi3:mini,knockout,the simplest form of the given expression is $\frac{27}{20},False,the fraction $\frac{27}{20}$ is already in its simplest form,True,"Removed step 2: Step 2 was removed. It said: 'Now, we have the expression $\frac{27}{20}$.' → 'The expression simplifies to $\frac{27}{20}$.'",True,444,2.38,
math,math_0095,phi3:mini,knockout,14.08,False,24,True,"Removed step 2: Step 2 was removed. It said: 'Since $AB=AC$ and $BD=DC$, we know that $BD=DC=7$ and $AB=25$. We can substitute these values into the Pythagorean theorem equation from step 1 to solve for $AD$.' → 'Substituting $BD=7$ and $AB=25$ into the equation $AB^2 = AD^2 + BD^2$, we get $25^2 = AD^2 + 7^2$. Simplifying this equation gives $AD^2 = 25^2 - 7^2 = 224$.'",True,930,3.8,
math,math_0097,phi3:mini,knockout,\left(x - \frac{16}{5}\right)^2 + y^2 = \frac{256}{25},False,the equation of the apollonian circle is $(x - \frac{16}{5})^2 + y^2 = \frac{69}{20},True,Removed step 7: Step 7 was removed. It said: 'The radius of the Apollonian circle is the distance from the center to the point $F$. We can find this using the distance formula.' → 'The radius of the Apollonian circle is $\frac{16}{5}$.',True,1527,6.86,
math,math_0099,phi3:mini,knockout,the projection of $old{v}$ onto $old{w}$ is $ rac{1}{3} egin{pmatrix} 2 \ -1 \ 0 \\endsoft,False,the projection of $old{v}$ onto $old{w}$ is $egin{pmatrix} \frac{2}{3} \ \frac{-1}{3} \ \0 \end{pmatrix},True,"Removed step 2: Step 2 was removed. It said: 'Next, we calculate the dot product of vector $old{w}$ with itself, which is necessary for the denominator in the projection formula.' → 'Dot product of $old{w}$ with itself is $2*2 + (-1)*(-1) + 0*0 = 3$.'",True,921,5.34,
math,math_0101,phi3:mini,knockout,7 - 5i 9 - 7i 4 - 8i and 12 - 3i,False,the possible values for $d$ are $7 - 5i$ $9 - 7i$ $4 - 8i$ and $12 - 3i,True,"Removed step 4: Step 4 was removed. It said: 'Now, let's find the vector from $b$ to $a$. This vector represents the other adjacent side of the parallelogram.' → 'The vector from $b$ to $a$ is $a - b = (4 + 3i) - (1 - 2i) = 3 + i$.'",True,1226,3.61,
math,math_0102,phi3:mini,knockout,\mathbf{m} = \begin{pmatrix} -7.5 & 25.5 \\ 0 & -20 \end{pmatrix},False,the corrected matrix $\mathbf{m}$ is $\begin{pmatrix} -7.5 & 25.5 \ 0 & -22.5 \end{pmatrix},True,"Removed step 4: Step 4 was removed. It said: 'Solving the first equation for $a$ gives us $a = -7.5$. Substituting this into the second equation, we get $-7.5 + b = 18$, which gives us $b = 25.5$.' → 'We have found the value of $a$ and $b$. We now need to find the values of $c$ and $d$. We can use the first equation to find $c$.'",True,1085,3.61,
math,math_0105,phi3:mini,knockout,the positive base $b$ in which the equation $5_b imes 23_b = 151_b$ is valid is $b = 4,False,b = 4,False,Removed step 8: Step 8 was removed. It said: 'We simplify the positive value of the quadratic formula to find the exact value of $b$.' → 'The value of $b$ is $b = 4$.',False,1219,4.42,
math,math_0106,phi3:mini,knockout,x = 6,False,to isolate x we add 4 to both sides of the equation which gives us 6 = x. therefore the solution to the equation is x = 6,False,"Removed step 3: Step 3 was removed. It said: 'Next, we want to isolate the variable x on one side of the equation. To do this, we subtract 3x from both sides of the equation.' → 'This gives us 2 = x - 4.'",False,462,1.86,
math,math_0108,phi3:mini,knockout,the groom was 27 years old,True,the groom's age is g = (1/2)*24 + 15 = 12 + 15 = 27 years,True,Removed step 9: Step 9 was removed. It said: 'Divide both sides by 3 to solve for 'b': b = 24.' → 'The bride's age is found to be 24 years.',True,803,2.08,
math,math_0109,phi3:mini,knockout,the value of $\frac{2}{5}+ rac{1}{3}$ is $\frac{11}{15},True,the value of $ rac{2}{5}+ rac{1}{3}$ is $ rac{11}{15},True,"Removed step 3: Step 3 was removed. It said: 'Now that the fractions have the same denominator, we can add the numerators together.' → 'The sum of the numerators is 11.'",True,506,2.01,
math,math_0110,phi3:mini,knockout,the probability of selecting a multiple of 3 is 33/100 or 0.33,False,the probability of selecting a multiple of 3 from numbers 1 to 100 is 33/100 or 33,True,"Removed step 3: Step 3 was removed. It said: 'To find the number of multiples of 3 from 1 to 100, we divide 100 by 3 and round down to the nearest whole number, since we are only interested in whole numbers.' → 'There are 33 multiples of 3 from 1 to 100.'",True,581,3.06,
math,math_0112,phi3:mini,knockout,the area of the tv screen is increased by 44.88,False,the area of the tv screen is increased by 44.88,False,"Removed step 3: Step 3 was removed. It said: 'To find the new area after the increase, we multiply the new width and height.' → 'The new area of the TV screen is 28.8 inches * 19.2 inches = 558.88 square inches.'",False,648,3.41,
math,math_0114,phi3:mini,knockout,the pentagonal prism has 35 diagonals,False,the pentagonal prism has 10 diagonals in total,True,"Removed step 9: Step 9 was removed. It said: 'There are 10 vertices in total, and each vertex can connect to 3 non-adjacent vertices, forming a diagonal. However, we must subtract the 5 edges of the pentagonal bases and the 5 edges connecting the bases to avoid counting them as diagonals.' → 'Each vertex in the rectangular faces can form 3 diagonals.'",True,1644,6.93,
math,math_0116,phi3:mini,knockout,56,False,the least possible value of $m + n$ is 56,False,"Removed step 9: Step 9 was removed. It said: 'Substitute the values of $a$ and $b$ back into $m$ and $n$ to find the corresponding values of $m$ and $n$.' → 'For $a = 1$ and $b = 12$, we get $m = 8$ and $n = 96$. For $a = 3$ and $b = 4$, we get $m = 24$ and $n = 32$.'",False,1092,3.99,
math,math_0117,phi3:mini,knockout,0.071089099,False,0.1818181818 radians,True,"Removed step 2: Step 2 was removed. It said: 'We know that the sine and arcsine functions are related, and that the sine of an arcsine value is the original value itself. Therefore, we can simplify the expression by replacing the arcsine values with their original values.' → 'The expression simplifies to \(\sin(0.4 + 0.5) \cdot \sin(0.5 - 0.4) or \sin(0.9) \cdot \sin(0.1).'",True,1168,10.98,
math,math_0118,phi3:mini,knockout,u^2 + u - 22,False,u^2 + u - 4 - u^2 + 3u - 18 simplifies to 4u - 22,True,Removed step 2: Step 2 was removed. It said: 'Combine like terms by adding or subtracting the coefficients of the same powers of u.' → 'The expression simplifies to $u^2 + 4u - u - 4 - u^2 + 3u - 6u - 18$.',True,413,1.66,
math,math_0119,phi3:mini,knockout,3622,False,1362_8,True,Removed step 3: Step 3 was removed. It said: 'Add the octal numbers 400 and 111010101110.' → 'The sum of 400 and 111010101110 in octal is 12222.',True,768,5.94,
math,math_0123,phi3:mini,knockout,4000,False,4000,False,"Removed step 2: Step 2 was removed. It said: 'To find the tax rate, we divide the tax paid by the assessed value of the first house.' → 'The tax rate is $3,000 / $120,000 = 0.025 or 2.5%.'",False,562,3.4,
math,math_0124,phi3:mini,knockout,21,True,the length of side $yz$ is 21 units,False,Removed step 6: Step 6 was removed. It said: 'Simplify the proportion by dividing all terms by 2 to make the calculations easier.' → 'The proportion simplifies to $\frac{2}{7} = \frac{3}{y} = \frac{2}{x}$.',False,989,1.96,
math,math_0127,phi3:mini,knockout,lara read 123.4375 pages on the first day,False,lara read 123.4375 pages on the first day,False,Removed step 6: Step 6 was removed. It said: 'Add 1/32 to both sides of the equation to isolate a on one side.' → 'The equation becomes a = 124 + 1/32.',False,974,4.11,
math,math_0128,phi3:mini,knockout,3720,True,3720.00,False,"Removed step 1: Step 1 was removed. It said: 'To find the product of $3.72$ and $1000$, we can use the property of multiplication that states any number multiplied by $1000$ is simply the number followed by three zeros.' → 'The product of $3.72$ and $1000$ is $3720.'",False,333,2.21,
math,math_0129,phi3:mini,knockout,there are no real solutions to the equation,False,the corrected steps are as follows:,True,Removed step 3: Step 3 was removed. It said: 'Multiply both sides of the equation by 2 to eliminate the fraction.' → 'The equation becomes 2x^2 + 11 - 8 = 0.',True,1351,12.52,
math,math_0130,phi3:mini,knockout,1/6,False,d = 1/6,False,"Removed step 18: Step 18 was removed. It said: 'Now we have the values of $a$, $b$, and $c$. We can substitute them into the equation $x 	imes d = x$ to solve for $d$. This gives us $x(1/3 - 1/6) + 2(1/6 - 1/3)x + x(1/6) = x$.' → 'This step substitutes the values of $a$, $b$, and $c$ into the equation to solve for $d$.'",False,1519,3.23,
math,math_0131,phi3:mini,knockout,2,False,the correct approach is to realize that the ones digit of the quotient must be the same as the ones digit of the dividend which is 4. therefore $\delta$ must be 4 because $144 / 4 = 36$ and the ones digit of 36 is 4. so the value of $\delta$ is 4,True,"Removed step 2: Step 2 was removed. It said: 'The quotient can be expressed as $10a + \Delta$, where $a$ is the tens digit and $\Delta$ is the ones digit. Since the tens digit is 1, we have $10a + \Delta = 1\Delta$.' → 'The quotient can be expressed as $10a + \Delta$.'",True,893,3.36,
math,math_0132,phi3:mini,knockout,-3273,False,-3273,False,Removed step 2: Step 2 was removed. It said: 'Substitute $x = -2$ into the given expression to find the remainder.' → 'The remainder is $(5(-2) + 9)^{611} + ((-2) + 5)^{11} + ((-2) - 1)^{11} + 3(-2)^2 + 1$.',False,574,2.0,
math,math_0133,phi3:mini,knockout,9,False,the remainder when 2003 is divided by 11 is 1,True,"Removed step 2: Step 2 was removed. It said: 'To find the quotient, we divide 2003 by 11.' → 'The quotient is 182.'",True,541,3.09,
math,math_0134,phi3:mini,knockout,the probability that sergio's number is larger than the sum of tina's numbers is 7/9,False,the probability that sergio's number is larger than the sum of tina's numbers is 7/9,False,"Removed step 5: Step 5 was removed. It said: 'To find the total number of pairs where the sum of Tina's numbers is equal to Sergio's number, we can use the combination formula once more.' → 'There are 10 pairs where the sum of Tina's numbers is equal to Sergio's number.'",False,764,1.7,
math,math_0135,phi3:mini,knockout,10\sqrt{3},False,the length of $\overline{bc}$ in simplest radical form is $10\sqrt{3}$ cm,False,"Removed step 2: Step 2 was removed. It said: 'In a 30-45-50 triangle, the side opposite the 30-degree angle is half the length of the hypotenuse, and the side opposite the 45-degree angle is $\sqrt{3}$ times the length of the side opposite the 30-degree angle. Let's denote the side opposite the 30-degree angle as $x$.' → 'Let $x$ be the length of the side opposite the 30-degree angle.'",False,866,3.38,
math,math_0136,phi3:mini,knockout,3,False,3,False,"Removed step 3: Step 3 was removed. It said: 'Factor the quadratic equation, if possible, or use the quadratic formula to find the roots.' → 'This simplifies to $x = \frac{6 \pm \sqrt{36 + 72}}{4}$.'",False,666,1.32,
math,math_0137,phi3:mini,knockout,d,True,d,False,"Removed step 3: Step 3 was removed. It said: 'Apply the transformation $y = -f(-x)$ to each piece of the piecewise function.' → 'The transformed function is $f(-x) = -(-2 - x) = 2 + x$ for $-3 \leq x \leq 0$, $f(-x) = -(\sqrt{4 - (2 - x)^2} - 2) = -\sqrt{4 - (2 - x)^2} + 2$ for $0 \leq x \leq 2$, and $f(-x) = -2(x - 2)$ for $2 \leq x \leq 3$. The domain of the transformed function is $0 \leq x \leq 3$.'",False,1804,5.81,
math,math_0138,phi3:mini,knockout,,False,,False,,False,0,23.76,"1 validation error for ContinuationResponse
  Invalid JSON: EOF while parsing a string at line 2 column 441 [type=json_invalid, input_value='{\n  ""continued_reasonin...33333333333333333333333', input_type=str]
    For further information visit https://errors.pydantic.dev/2.11/v/json_invalid"
math,math_0145,phi3:mini,knockout,28,False,28,False,"Removed step 3: Step 3 was removed. It said: 'Adding $101$ to $-314159$ repeatedly, we get $28$ as the positive number that is less than $101$ and congruent to $-314159$ modulo $101$.' → 'The positive equivalent of $-314159$ that is less than $101$ and congruent to $-314159$ modulo $101$ is $28$.'",False,648,2.76,
math,math_0146,phi3:mini,knockout,650,True,650,False,"Removed step 7: Step 7 was removed. It said: 'Now, we multiply 26 by 25 to find the number of ways to choose 2 red cards from 26.' → 'The number of ways to choose 2 red cards from 26 is 26 * 25'",False,1449,9.94,
math,math_0147,phi3:mini,knockout,8,True,8,False,"Removed step 6: Step 6 was removed. It said: 'The numbers that are divisible by 60 are the multiples of 60 within the first 500 positive integers.' → 'These numbers are 60, 120, 180, 240, 300, 360, 420, 480, and 540.'",False,799,3.82,
math,math_0149,phi3:mini,knockout,4,True,the value of $x$ is 4,True,"Removed step 2: Step 2 was removed. It said: 'Using the property of exponents that states $(a^b)^c=a^{bc}$, we can rewrite the right side of the equation as $2^{2x}$.' → 'The equation becomes $2^8=2^{2x}$.'",True,390,1.25,
math,math_0150,phi3:mini,knockout,,False,,False,,False,10320,142.98,"1 validation error for ContinuationResponse
  Invalid JSON: EOF while parsing a string at line 2 column 4630 [type=json_invalid, input_value='{\n  ""continued_reasonin...{\\frac{1}{\\frac{1}{\\', input_type=str]
    For further information visit https://errors.pydantic.dev/2.11/v/json_invalid"
math,math_0151,phi3:mini,knockout,there are no real values of $a$ for which $a@1=0,False,the correct factorization of the quadratic equation $a^2+a+1=0$ is $(a+1)(a+1)=0$. this gives us a repeated root of $a=-1$. therefore there is only one real value of $a$ that satisfies the equation $a^2+a+1=0$ and makes $a@1=0$ true which is $a=-1,True,"Removed step 3: Step 3 was removed. It said: 'Factor the numerator of the simplified expression using the difference of cubes formula, $a^3-1^3=(a-1)(a^2+a+1)$.' → 'The expression becomes $a@1=rac{(a-1)(a^2+a+1)}{a-1}$.'",True,1388,11.13,
math,math_0152,phi3:mini,knockout,1,True,1,False,"Removed step 2: Step 2 was removed. It said: 'Next, we raise the result from step 1 to the power of 2.' → 'The result of (140,062,500)^2 is 19,625,006,250,000.'",False,433,1.59,
math,math_0153,phi3:mini,knockout,12,False,the difference between $f(10)$ and $f(9)$ is 12,False,"Removed step 2: Step 2 was removed. It said: 'Next, we find the value of $f(9)$ by substituting $n=9$ into the function $f(n) = n^2 + n + 17$.' → 'The value of $f(9)$ is $9^2 + 9 + 17 = 105$.'",False,523,2.65,
math,math_0154,phi3:mini,knockout,6,False,x=6,True,Removed step 10: Step 10 was removed. It said: 'Solve for $z$ by isolating it on one side.' → 'We find $z=0$.',True,775,1.51,
math,math_0157,phi3:mini,knockout,0.375 inches,False,the correct equation to find the height h of the cylindrical container is (2/3)π(3^3) = π(2^2)h. solving for h gives us h = (2/3)(27π)/(4π) = 4.5/2 = 2.25 inches. therefore the minimum height of the cylindrical container to hold all the milk is 2.25 inches,True,"Removed step 2: Step 2 was removed. It said: 'To find the volume of the cylindrical container, we use the formula V = πr^2h, where r is the radius and h is the height.' → 'The volume of the cylindrical container is π(2^2)h = 4πh cubic inches.'",True,745,4.43,
math,math_0158,phi3:mini,knockout,62,False,-216+56=-160,True,"Removed step 6: Step 6 was removed. It said: 'Now, we can find $x^3-y^3$ for each pair of solutions.' → 'For $(0,-6)$, we have $x^3-y^3=0-(-6)^3=6$. For $(4,-2)$, we have $x^3-y^3=4^3-(-2)^3=64-8=56$.'",True,686,2.16,
math,math_0159,phi3:mini,knockout,10,False,the area of trapezoid $obcd$ is $a = rac{1}{2}(5 + 5) imes 3 = 15$ square units,True,"Removed step 2: Step 2 was removed. It said: 'The height of the trapezoid is the vertical distance between the parallel bases $OD$ and $CB$. Since both bases are on the $x$-axis and have the same $y$-coordinate, the height is simply the difference in their $x$-coordinates.' → 'The height of the trapezoid is $4$ units, as it is the difference between the $x$-coordinates of $D$ and $B$, which is $2-0 = 2$.'",True,852,3.58,
math,math_0162,phi3:mini,knockout,q contributed 82.8125% of the total,False,percentage of total = (area of q / total area) * 100 = (56 / 256) * 100 = 0.21875 * 100 = 21.875,True,"Removed step 2: Step 2 was removed. It said: 'To find the area of one square, we use the formula for the area of a square, which is side length squared. The side length of each square is 8 units, so the area of one square is 8^2 = 64 square units.' → 'Area of one square = 64 square units'",True,1189,3.93,
math,math_0163,phi3:mini,knockout,the solutions to the equation are $x = -98$ $x = 99$ and $x = 101,False,the correct solutions are $x = -98$ $x = -1$ and $x = 101,True,Removed step 5: Step 5 was removed. It said: 'Simplify the equation by factoring out $ω$ from the numerator and denominator.' → 'The equation becomes $x = rac{ω(2 - ω² - ω³²¹}{ω(ω - ω²¹)$.',True,1010,2.63,
math,math_0165,phi3:mini,knockout,1,True,1,False,"Removed step 2: Step 2 was removed. It said: 'Now that we have the value of $g(1)$, we can find $f(g(1))$ by substituting $g(1)$ into the function $f(x)$.' → 'Substituting $g(1) = 0$ into the function $f(x)$ gives us $f(g(1)) = f(0) = 0^3 + 2*0 + 1 = 1.'",False,451,2.64,
math,math_0166,phi3:mini,knockout,-4,True,-5,True,Removed step 5: Step 5 was removed. It said: 'The ceiling of a negative number is the smallest integer that is greater than or equal to the number.' → 'The ceiling of -4.79588477124 is -4.',True,621,2.85,
math,math_0167,phi3:mini,knockout,0,False,the area of quadrilateral $ptrs$ is $12,True,"Removed step 3: Step 3 was removed. It said: 'Since $TQ = TR$, triangle $TQS$ is congruent to triangle $TRS$. Therefore, the area of triangle $TQS$ is equal to the area of triangle $TRS$. Let's denote the area of one of these triangles as $A$.' → 'We have $A$ as the area of one of the triangles.'",True,1339,7.87,
math,math_0171,phi3:mini,knockout,6,False,there are 6 positive integers less than 100 that are divisible by both 3 and 4,True,"Removed step 4: Step 4 was removed. It said: 'The intersection of the two sets of numbers gives us the positive integers less than 100 that are divisible by both 3 and 4.' → 'The numbers that are divisible by both 3 and 4 are 12, 24, 36, 48, 60, 72, and 84.'",True,798,2.79,
math,math_0174,phi3:mini,knockout,4.5π cm,False,the circumference of a golf ball is c = 2π(2.25 cm) = 4.5π cm,False,"Removed step 4: Step 4 was removed. It said: 'The formula for the circumference of a circle is C = 2πr, where r is the radius of the circle.' → 'The circumference of a golf ball is C = 2π(2.25 cm).'",False,607,2.06,
math,math_0175,phi3:mini,knockout,84 degrees,True,the largest angle in the triangle is 84 degrees,False,Removed step 3: Step 3 was removed. It said: 'Combine like terms to simplify the equation.' → 'Combining the terms gives us 15x = 180.',False,705,3.26,
math,math_0176,phi3:mini,knockout,60,False,to account for the repetition of the letter 'i' we need to divide the number of unique arrangements by the factorial of the number of repetitions of 'i',True,"Removed step 5: Step 5 was removed. It said: 'Calculate the factorial of 2, which is 2! = 2 * 1 = 2.' → 'The factorial of 2 is 2.'",True,654,2.99,
math,math_0179,phi3:mini,knockout,4,False,the product of the first and last digits of the base-6 representation of $682_{10}$ is 4,True,Removed step 2: Step 2 was removed. It said: 'Identify the first and last digits of the base-6 representation.' → 'The first digit is 2 and the last digit is 2.',True,394,1.95,
math,math_0180,phi3:mini,knockout,45/90,False,1/2,True,"Removed step 2: Step 2 was removed. It said: 'Since the ones digit of $N$ is 0, we can focus on the tens and hundreds digits of $N$. The tens digit can be any digit from 0 to 9, and the hundreds digit can be any digit from 1 to 9 because a three-digit number cannot start with 0.' → 'The tens and hundreds digits of $N$ can be any digit from 1 to 9.'",True,777,2.6,
math,math_0181,phi3:mini,knockout,r=13,True,r=13,False,"Removed step 2: Step 2 was removed. It said: 'Now, we have $r-5=8$. To isolate $r$, we need to get rid of the -5. We can do this by adding 5 to both sides of the equation.' → 'The equation becomes $r=13$ after adding 5 to both sides.'",False,431,2.49,
math,math_0182,phi3:mini,knockout,720,False,there are 720 / 2 = 360 different shows elodie can put on,False,"Removed step 2: Step 2 was removed. It said: 'To find the total number of permutations, we multiply the number of choices for each position. For the first model, there are 5 choices of outfits, for the second model, there are 4 remaining choices, and so on, until the last model, which has only 1 choice left. This gives us a total of 5! (5 factorial) permutations.' → 'There are 5! = 5 x 4 x 3 x 2 x 1 = 120 possible combinations of outfits and models.'",False,954,2.81,
math,math_0183,phi3:mini,knockout,95,False,94,True,"Removed step 2: Step 2 was removed. It said: 'The median of a set of consecutive integers is the middle number when the set is ordered from least to greatest. In this case, since there are an odd number of terms (27), the median will be the 14th term. To find the 14th term, we can use the formula for the nth term of an arithmetic sequence, which is a + (n - 1)d, where a is the first term, d is the common difference (which is 1 for consecutive integers), and n is the term number. Plugging in the values, we get 81 + (14 - 1) = 95.' → 'The median is 95.'",True,498,2.03,
math,math_0184,phi3:mini,knockout,9,False,the least upper bound on the ratio of the volume to the surface area of a polyhedron inscribed in a sphere of radius $36$ is $ rac{1}{16},True,"Removed step 3: Step 3 was removed. It said: 'The surface area of a sphere is given by the formula $A = 4\pi r^2$, where $r$ is the radius of the sphere. In this case, $r = 36$.' → 'The surface area of the sphere is $A = 4\pi(36)^2 = 46656\pi$.'",True,981,5.5,
math,math_0185,phi3:mini,knockout,8918,True,the positive difference between the volume of the second cube and the volume of the first cube is 9261 - 343 = 8918 cubic centimeters,False,"Removed step 3: Step 3 was removed. It said: 'To find the volume of the second cube, we cube its edge length.' → 'The volume of the second cube is 21^3 = 9261 cubic centimeters.'",False,525,2.2,
math,math_0186,phi3:mini,knockout,,False,,False,,False,0,28.52,"1 validation error for ContinuationResponse
  Invalid JSON: EOF while parsing an object at line 23 column 0 [type=json_invalid, input_value='{\n  ""continued_reasonin...\n \n \n \n \n \n \n \n', input_type=str]
    For further information visit https://errors.pydantic.dev/2.11/v/json_invalid"
math,math_0188,phi3:mini,knockout,11,False,the positive difference between the solutions is 11,False,Removed step 5: Step 5 was removed. It said: 'Identify the positive and negative solutions.' → 'The positive solution is $x = 10$ and the negative solution is $x = -1$.',False,685,2.06,
math,math_0191,phi3:mini,knockout,the cosine of $\angle a$ is $\frac{5}{4},False,the cosine of $\angle a$ is $\frac{5}{\sqrt{34}},True,"Removed step 2: Step 2 was removed. It said: 'We can use the Pythagorean theorem to find the length of the third side, $AC$. The Pythagorean theorem states that in a right triangle, the square of the length of the hypotenuse is equal to the sum of the squares of the lengths of the other two sides. Therefore, $AC = \sqrt{BC^2 - AB^2}$.' → 'The length of side $AC$ is $\sqrt{10^2 - 6^2} = 8$.'",True,594,3.13,
math,math_0193,phi3:mini,knockout,7,False,the sum of all possible values of $a$ is $1 + 4 + 9 + 4 + 16 = 30,True,"Removed step 2: Step 2 was removed. It said: 'To find the area of each square, we need to calculate the distance between two points that form the sides of the square. For the $2$ by $2$ square, the sides are of length $1$, for the $3$ by $3$ square, the sides are of length $\sqrt{2}$, and for the $4$ by $4$ square, the sides are of length $2$.' → 'The areas of the squares are $1$, $3$, and $4$ respectively.'",True,721,3.62,
math,math_0195,phi3:mini,knockout,,False,,False,,False,10420,144.17,"1 validation error for ContinuationResponse
  Invalid JSON: EOF while parsing a string at line 36 column 71 [type=json_invalid, input_value='{\n  ""continued_reasonin...m+n=4+(-\\\\frac{2}{3})', input_type=str]
    For further information visit https://errors.pydantic.dev/2.11/v/json_invalid"
math,math_0196,phi3:mini,knockout,63,False,c = 3,True,"Removed step 12: Step 12 was removed. It said: 'To find the value of $c$, we need to isolate $c$ by adding 9 to both sides of the equation. This gives us $c = 3\sqrt{13} + 9$.' → 'The equation becomes $c = 3\sqrt{13} + 9$.'",True,1612,2.78,
math,math_0198,phi3:mini,knockout,x = 8(\sqrt{2} - 1},False,x = 8(\sqrt{2} - 1},False,"Removed step 14: Step 14 was removed. It said: 'Recognize that $2\sqrt{2}$ can be written as $\sqrt{2^2}$, which simplifies to $2\sqrt{2}$.' → 'Simplify the expression to get $x = 4(-2 + 2\sqrt{2})$.'",False,1354,2.7,
math,math_0199,phi3:mini,knockout,64,False,49,True,Removed step 4: Step 4 was removed. It said: 'The side length of the square is the distance between the two intersection points on the x-axis.' → 'The side length of the square is $8$.',True,659,3.12,
folio,folio_0001,phi3:mini,knockout,false,False,false,False,"Removed step 2: Step 2 was removed. It said: 'We are given that if someone is from Mars, then they are an alien. This implies that if someone is an alien, they are also an extraterrestrial.' → 'If someone is an alien, they are an extraterrestrial.'",False,794,1.92,
folio,folio_0002,phi3:mini,knockout,unknown,False,false,True,Removed step 2: Step 2 was removed. It said: 'The second premise states that Monkeypox virus can occur in certain animals. This confirms that Monkeypox is not exclusive to humans and can also affect other animals.' → 'Monkeypox can affect animals.',True,825,3.91,
folio,folio_0003,phi3:mini,knockout,false,True,false,False,"Removed step 2: Step 2 was removed. It said: 'The second premise states that all professional basketball players can do jump shots. This implies that every professional basketball player, regardless of their nationality, has the ability to perform jump shots.' → 'All professional basketball players can perform jump shots.'",False,902,2.58,
folio,folio_0005,phi3:mini,knockout,false,False,false,False,Removed step 2: Step 2 was removed. It said: 'The second premise states that some pets are Brown Swiss cattle. This establishes that there is an overlap between pets and Brown Swiss cattle.' → 'Some pets are Brown Swiss cattle.',False,653,2.06,
folio,folio_0006,phi3:mini,knockout,false,True,false,False,Removed step 3: Step 3 was removed. It said: 'The third premise states that White Sulphur Springs is also a city in the state of Montana in U.S.' → 'White Sulphur Springs is in Montana.',False,708,2.94,
folio,folio_0007,phi3:mini,knockout,false,True,false,False,Removed step 5: Step 5 was removed. It said: 'The conclusion we are trying to verify is whether Imperium doesn't have a feud with a professional wrestling stable that includes Ivy Nile.' → 'This is the statement we are trying to verify.',False,778,2.44,
folio,folio_0008,phi3:mini,knockout,true,True,unknown,True,"Removed step 2: Step 2 was removed. It said: 'We are told that all professional basketball players can do jump shots. This implies that every professional basketball player, regardless of their nationality, has the ability to perform jump shots.' → 'Every professional basketball player, including non-American nationals, can perform jump shots.'",True,835,4.07,
folio,folio_0009,phi3:mini,knockout,unknown,True,false,True,Removed step 4: Step 4 was removed. It said: 'The fourth premise informs us that Beijing hosted the 2008 Summer Olympics and 2008 Summer Paralympics Games.' → 'Beijing is a city that has hosted major international sporting events.',True,762,3.22,
folio,folio_0011,phi3:mini,knockout,false,True,false,False,"Removed step 2: Step 2 was removed. It said: 'The second premise tells us that Ailton Silva is a football player who was loaned out to Braga. This means he is currently playing for Braga, but temporarily.' → 'Ailton Silva is currently playing for Braga, but not permanently.'",False,794,3.25,
folio,folio_0012,phi3:mini,knockout,true,False,true,False,"Removed step 2: Step 2 was removed. It said: 'We are also given that if a film contains excessive erotic and violent content, children cannot watch it without guidance from their parents.' → 'This establishes that films with excessive erotic and violent content are not appropriate for children to watch without parental guidance.'",False,988,3.63,
folio,folio_0014,phi3:mini,knockout,unknown,True,unknown,False,"Removed step 5: Step 5 was removed. It said: 'Combining the conclusions from steps 3 and 4, we know that Palace of Flies is a book published by New Vessel Press.' → 'This confirms that Palace of Flies is a book published by New Vessel Press, but it does not specify if it's a translated work or not.'",False,757,2.47,
folio,folio_0016,phi3:mini,knockout,false,False,false,False,Removed step 2: Step 2 was removed. It said: 'The second premise states that Monkeypox virus can occur in certain animals. This indicates that Monkeypox is not exclusive to humans and can also affect other mammals.' → 'Monkeypox can affect certain mammals.',False,885,4.14,
folio,folio_0017,phi3:mini,knockout,false,False,false,False,"Removed step 4: Step 4 was removed. It said: 'The fourth premise states that Monkeypox virus can occur in certain animals. Since humans are mammals, it'themself, it's possible for humans to contract Monkeypox.' → 'Humans can potentially contract Monkeypox.'",False,827,3.63,
folio,folio_0018,phi3:mini,knockout,false,False,false,False,"Removed step 7: Step 7 was removed. It said: 'From steps 2 and 6, we know that Karen does not binge-watch 'Black Mirror.'' → 'This establishes that Karen does not binge-watch 'Black Mirror.''",False,768,2.0,
folio,folio_0019,phi3:mini,knockout,false,True,false,False,Removed step 4: Step 4 was removed. It said: 'The third premise also states that a player who leaves a team no longer plays for that team.' → 'This confirms that Lewandowski is no longer playing for Bayern Munchen.',False,591,1.74,
folio,folio_0020,phi3:mini,knockout,true,True,true,False,Removed step 5: Step 5 was removed. It said: 'The fifth premise states that any city in Butte is not in St Pierre.' → 'Butte and St Pierre are in different states.',False,759,3.0,
folio,folio_0021,phi3:mini,knockout,true,False,false,True,"Removed step 2: Step 2 was removed. It said: 'The second premise states that all people who invite others to come to their ceremony make wedding plans. This implies that if someone invites others to their ceremony, they must have made wedding plans.' → 'If John invites others to their ceremony, then John has made wedding plans.'",True,1206,3.37,
folio,folio_0022,phi3:mini,knockout,false,False,unknown,True,"Removed step 2: Step 2 was removed. It said: 'The second premise states that all alkanes are hydrocarbons. Therefore, alkanes are also chemical compounds containing carbon.' → 'Alkanes are chemical compounds containing carbon.'",True,888,3.25,
folio,folio_0023,phi3:mini,knockout,unknown,False,unknown,False,"Removed step 3: Step 3 was removed. It said: 'The third premise informs us that Ailton Silva is a Brazilian footballer. This does not provide any additional information about his current club, but confirms his nationality.' → 'Ailton Silva is a Brazilian footballer.'",False,797,2.89,
folio,folio_0024,phi3:mini,knockout,unknown,True,unknown,False,Removed step 4: Step 4 was removed. It said: 'The fourth premise tells us that aurochs are also animals.' → 'This confirms that aurochs are a type of animal.',False,702,2.92,
folio,folio_0025,phi3:mini,knockout,true,True,true,False,"Removed step 9: Step 9 was removed. It said: 'From the fifth and sixth premises, we understand that 1984 cannot be both a streaming service and a hardcover book.' → '1984 cannot be both a streaming service and a hardcover book.'",False,836,2.89,
folio,folio_0026,phi3:mini,knockout,true,True,true,False,"Removed step 4: Step 4 was removed. It said: 'The second premise also tells us that Heinrich Schmidt was a member of the Nazi Reichstag.' → 'The Nazi Reichstag was a legislative body in Germany, which confirms that Heinrich Schmidt was German.'",False,603,2.42,
folio,folio_0029,phi3:mini,knockout,unknown,True,false,True,Removed step 4: Step 4 was removed. It said: 'The third premise also states that a player who leaves a team no longer plays for that team.' → 'This confirms that Lewandowski is no longer playing for Bayern Munchen.',True,570,2.32,
folio,folio_0030,phi3:mini,knockout,false,True,false,False,"Removed step 3: Step 3 was removed. It said: 'Peter is a man who is taller than Michael, which means he is also taller than everyone else in Michael's class.' → 'Peter is taller than everyone in Michael's class.'",False,683,2.68,
folio,folio_0031,phi3:mini,knockout,unknown,True,false,True,"Removed step 3: Step 3 was removed. It said: 'The third premise states that Neapolitan Chronicles, a book, was published by New Vessel Press.' → 'Neapolitan Chronicles is a book published by New Vessel Press.'",True,880,3.11,
folio,folio_0032,phi3:mini,knockout,false,True,false,False,"Removed step 2: Step 2 was removed. It said: 'The second premise states that if a stock is bought to earn profits from rapid price appreciation, then it is not suitable for a retirement fund.' → 'This establishes that stocks bought for rapid price appreciation are not suitable for a retirement fund.'",False,668,2.81,
folio,folio_0035,phi3:mini,knockout,false,False,false,False,"Removed step 8: Step 8 was removed. It said: 'We are also given that some professional basketball players are not American nationals, but we do not have information about Yuri's nationality.' → 'We cannot determine Yuri's nationality based on the given information.'",False,807,2.88,
folio,folio_0036,phi3:mini,knockout,true,True,false,True,Removed step 5: Step 5 was removed. It said: 'The third premise also states that Harry read the book 'Walden' by Henry Thoreau.' → 'This reiterates that Harry has read the book 'Walden'.',True,602,2.63,
folio,folio_0040,phi3:mini,knockout,true,True,true,False,"Removed step 3: Step 3 was removed. It said: 'The third premise tells us that Sir Digby fights his nemesis. This implies that he is part of the good guys, as he is fighting against the bad guys.' → 'Sir Digby is a good guy in the movie.'",False,729,2.19,
folio,folio_0041,phi3:mini,knockout,false,True,false,False,"Removed step 2: Step 2 was removed. It said: 'The second premise tells us that Descampe, who is from Belgium, is on the leaderboard of the 1992 du Maurier Classic.' → 'This establishes that Descampe participated in the 1992 du Maurier Classic.'",False,944,4.08,
folio,folio_0043,phi3:mini,knockout,false,False,false,False,"Removed step 3: Step 3 was removed. It said: 'The third premise states that all private companies are companies. This means that any entity that is a private company is also a company and therefore a legal entity.' → 'The Harvard Weekly Book Club, if it is a private company, is a legal entity.'",False,935,3.18,
folio,folio_0044,phi3:mini,knockout,true,True,partially true but incomplete due to the lack of specific year information for the winter olympics,False,Removed step 6: Step 6 was removed. It said: 'The sixth premise states that many of Beijing's 91 universities consistently rank among the best universities in the world.' → 'This indicates that Beijing has a strong educational system.',False,951,3.96,
folio,folio_0045,phi3:mini,knockout,false,True,false,False,"Removed step 2: Step 2 was removed. It said: 'The second premise states that if the output of a natural language processing task is a text sequence, then it is a language generation task. This implies that text sequence output tasks fall under the language generation category.' → 'Text sequence output tasks are language generation tasks.'",False,578,2.01,
folio,folio_0046,phi3:mini,knockout,true,True,unknown,True,Removed step 3: Step 3 was removed. It said: 'The third premise states that Harry read the book 'Walden' by Henry Thoreau.' → 'This establishes that Harry has read a book.',True,584,2.42,
folio,folio_0047,phi3:mini,knockout,unknown,False,false,True,Removed step 3: Step 3 was removed. It said: 'John flies from LGA airport.' → 'John' end destination is not LGA airport.',True,477,2.26,
folio,folio_0048,phi3:mini,knockout,true,True,true,False,"Removed step 2: Step 2 was removed. It said: 'The premises state that Yale University moved to New Haven in 1716.' → 'This establishes the historical context of Yale University, but does not provide direct information about its residential colleges.'",False,634,2.05,
folio,folio_0049,phi3:mini,knockout,unknown,True,unknown,False,"Removed step 2: Step 2 was removed. It said: 'The premises state that Tom is a wild turkey, but it does not specify which type of wild turkey he is.' → 'Unknown'",False,575,2.45,
folio,folio_0050,phi3:mini,knockout,false,False,false,False,Removed step 4: Step 4 was removed. It said: 'Understand the relationship between the locations of Barutin Cove and the South Shetland Islands.' → 'Barutin Cove is on the South Shetland Islands.',False,662,2.74,
folio,folio_0051,phi3:mini,knockout,true,True,true,False,Removed step 4: Step 4 was removed. It said: 'The premises state that reinforcement learning is not used to train the state-of-the-art text summarization model.' → 'Reinforcement learning is not used for text summarization.',False,573,1.73,
folio,folio_0052,phi3:mini,knockout,true,True,true,False,"Removed step 10: Step 10 was removed. It said: 'We know that if Djokovic is a celebrity, then he is well paid.' → 'Djokovic is well paid.'",False,1065,2.85,
folio,folio_0053,phi3:mini,knockout,unknown,False,false,True,"Removed step 3: Step 3 was removed. It said: 'The third premise states that all private companies are companies. This means that any entity that is a private company is also a company and therefore a business organization and a legal entity.' → 'The Harvard Weekly Book Club, if it is a private company, is a legal entity.'",True,840,2.94,
folio,folio_0054,phi3:mini,knockout,false,True,false,False,"Removed step 5: Step 5 was removed. It said: 'Since Rockie is a rabbit, and all rabbits that can be spotted near the campus are cute, we can conclude that Rockie is cute.' → 'Rockie is cute.'",False,786,2.51,
folio,folio_0055,phi3:mini,knockout,false,False,false,False,Removed step 4: Step 4 was removed. It said: 'We know that all movies in the Frozen series are family-friendly animated films.' → 'This means that all movies in the Frozen series are rated General Audience and are therefore appropriate for people of all ages.',False,1117,3.89,
folio,folio_0056,phi3:mini,knockout,unknown,True,true but additional information about hannah's eating habits or food preferences is needed to confirm the conclusion,True,"Removed step 2: Step 2 was removed. It said: 'We are also given that if people at Mary's school order takeout frequently in college, then they work in student jobs on campus.' → 'This establishes a connection between frequent takeout orders and working in student jobs at Mary's school.'",True,1022,3.67,
folio,folio_0057,phi3:mini,knockout,false,True,false,False,Removed step 5: Step 5 was removed. It said: 'Tom is only willing to pay a security deposit of $1500 or less.' → 'Tom cannot rent an apartment at the Olive Garden because the security deposit exceeds his maximum limit.',False,780,2.58,
folio,folio_0059,phi3:mini,knockout,true,False,true,False,"Removed step 4: Step 4 was removed. It said: 'We are given that all the squirrels that can be spotted near the campus are skittish. This establishes that if an animal can be spotted near the campus and is a squirrel, it is skittish.' → 'If an animal can be spotted near the campus and is a squirrel, it is skittish.'",False,913,2.24,
folio,folio_0060,phi3:mini,knockout,false,True,false,False,"Removed step 4: Step 4 was removed. It said: 'The fourth premise states that all organic compounds contain carbon. Since alkanes are a subset of organic compounds, alkanes must also contain carbon.' → 'Alkanes contain carbon.'",False,806,3.14,
folio,folio_0061,phi3:mini,knockout,false,False,unknown,True,Removed step 5: Step 5 was removed. It said: 'The fifth premise states that any city in Butte is not in St Pierre.' → 'St Pierre and Butte are not in the same state.',True,740,2.8,
folio,folio_0062,phi3:mini,knockout,false,True,false,False,"Removed step 2: Step 2 was removed. It said: 'The second premise states that Joe's vehicle registration plate is from Istanbul.' → 'This confirms that Joe's vehicle registration plate starts with the number 34, as it is from Istanbul.'",False,611,2.53,
folio,folio_0065,phi3:mini,knockout,false,False,false,False,"Removed step 6: Step 6 was removed. It said: 'The sixth premise states that many of Beijing's 91 universities consistently rank among the best universities in the world.' → 'This establishes Beijing's reputation for high-quality education, but does not provide information about its geographical location.'",False,815,2.41,
folio,folio_0066,phi3:mini,knockout,false,False,false,False,Removed step 5: Step 5 was removed. It said: 'We also know that all students with part-time jobs offered by the university currently work in the library.' → 'James does not have a part-time job offered by the university.',False,700,1.74,
folio,folio_0067,phi3:mini,knockout,false,False,false,False,Removed step 7: Step 7 was removed. It said: 'The first premise states that some shows airing at 8 pm on Monday give out roses on TV.' → 'This does not necessarily mean that all shows airing at 8 pm on Monday give out roses on TV.',False,782,2.5,
folio,folio_0068,phi3:mini,knockout,unknown,True,unknown,False,"Removed step 3: Step 3 was removed. It said: 'Peter is a man who is taller than Michael, which means he is also taller than everyone else in Michael's class.' → 'Peter is taller than everyone in Michael's class.'",False,678,1.54,
folio,folio_0069,phi3:mini,knockout,false,False,false,False,Removed step 5: Step 5 was removed. It said: 'We know that $2000 is more than $1500.' → 'The Olive Garden's rent is more than $1500.',False,813,2.18,
folio,folio_0071,phi3:mini,knockout,true,True,unknown,True,"Removed step 13: Step 13 was removed. It said: 'Since the security deposit can be equal to or more than the monthly rent, and the monthly rent at the Olive Garden is $2000, the security deposit at the Olive Garden can be $2000.' → 'The security deposit at the Olive Garden can be $2000.'",True,1217,3.86,
folio,folio_0072,phi3:mini,knockout,true,True,true,False,Removed step 4: Step 4 was removed. It said: 'The fourth premise states that the output of machine translation is a text sequence.' → 'This means that the output of machine translation meets the criteria established in step 2 for being a language generation task.',False,543,1.76,
folio,folio_0073,phi3:mini,knockout,true,True,true,False,"Removed step 2: Step 2 was removed. It said: 'The second premise confirms that Romance languages are a language family, which implies that they share common linguistic features and historical roots.' → 'Romance languages are a distinct language family.'",False,807,3.58,
folio,folio_0074,phi3:mini,knockout,true,True,unknown,True,Removed step 2: Step 2 was removed. It said: 'The second premise states that Badults was piloted in July 2de 2013 on BBC Three.' → 'The premise establishes that Badults was aired in July 2013 on BBC Three.',True,752,3.39,
folio,folio_0075,phi3:mini,knockout,rockie is cute,False,true,True,"Removed step 2: Step 2 was removed. It said: 'The premises state that some turtles can be spotted near the campus. This implies that there are turtles that can be spotted near the campus, but it does not provide information about all turtles.' → 'Some turtles can be spotted near the campus, but not all turtles can.'",True,832,2.76,
folio,folio_0076,phi3:mini,knockout,true,False,unknown,True,"Removed step 2: Step 2 was removed. It said: 'We are also given that if people at Mary's school order takeout frequently in college, then they work in student jobs on campus.' → 'This establishes a connection between frequent takeout ordering and working in student jobs at Mary's school.'",True,1383,5.58,
folio,folio_0077,phi3:mini,knockout,true,True,true,False,"Removed step 2: Step 2 was removed. It said: 'We also know that no baked sweets are spicy, which means that cupcakes cannot be spicy.' → 'Cupcakes are not spicy.'",False,778,2.69,
folio,folio_0081,phi3:mini,knockout,false,True,false,False,"Removed step 8: Step 8 was removed. It said: 'The sixth premise also states that colorectal cancer is not a bile duct cancer, but it does not provide any information about whether colorectal cancer is a form of Cholangiocarcinoma.' → 'The relationship between colorectal cancer and Cholangiocarcinoma is unknown based on the given premises.'",False,1162,4.12,
folio,folio_0082,phi3:mini,knockout,false,False,false,False,Removed step 2: Step 2 was removed. It said: 'The second premise states that the last summer Olympic games was in Tokyo.' → 'The last summer Olympic games was in Tokyo.',False,590,2.1,
folio,folio_0083,phi3:mini,knockout,true,False,true,False,"Removed step 2: Step 2 was removed. It said: 'The premises also state that unsupervised learning algorithms do not require labeled data.' → 'This establishes that unsupervised learning algorithms are different from supervised learning algorithms, which require labeled data.'",False,697,2.19,
folio,folio_0085,phi3:mini,knockout,unknown,True,false,True,"Removed step 4: Step 4 was removed. It said: 'The fourth premise states that Imperium has a feud with Diamond Mine.' → 'This indicates a conflict between Imperium and Diamond Mine, but it does not provide information about the internal structure or leadership of Diamond Mine.'",True,637,2.45,
folio,folio_0086,phi3:mini,knockout,false,False,false,False,"Removed step 7: Step 7 was removed. It said: 'However, we are also told that Rock cannot breathe. This contradicts the premise that all Peter's pets can breathe.' → 'Rock cannot be a pet of Peter's.'",False,819,3.45,
folio,folio_0087,phi3:mini,knockout,false,True,false,False,"Removed step 6: Step 6 was removed. It said: 'From the third and fourth premises, we know that all students taking a class with Professor David are also working in the lab.' → 'Since James is taking a class with Professor David, he is working in the lab.'",False,770,2.46,
folio,folio_0088,phi3:mini,knockout,false,False,false,False,Removed step 4: Step 4 was removed. It said: 'The fourth premise states that a duster is a household appliance that doesn't suck. This implies that it does not create a vacuum.' → 'Dusters do not create a vacuum.',False,706,2.56,
folio,folio_0089,phi3:mini,knockout,false,False,false,False,"Removed step 3: Step 3 was removed. It said: 'The third step is to consider the information about other football clubs mentioned in the premises.' → 'The premises mention Fluminense as another football club, but there is no direct connection established between Ailton Silva and Fluminense.'",False,564,1.8,
folio,folio_0090,phi3:mini,knockout,false,True,false,False,Removed step 2: Step 2 was removed. It said: 'The second premise states that the last summer Olympic games was in Tokyo.' → 'This establishes that the last summer Olympic games took place in Tokyo.',False,417,1.42,
folio,folio_0091,phi3:mini,knockout,false,False,false,False,"Removed step 5: Step 5 was removed. It said: 'The fourth premise states that humans have teeth.' → 'This establishes that humans are also mammals with teeth, which is consistent with the first premise.'",False,701,3.31,
folio,folio_0094,phi3:mini,knockout,false,False,false,False,"Removed step 3: Step 3 was removed. It said: 'The third premise tells us that all vertebrate animals have backbones. Therefore, vertebrates reproduce through male-and-female mating.' → 'Vertebrates reproduce through male-and-female mating.'",False,924,2.86,
folio,folio_0095,phi3:mini,knockout,false,True,false,False,Removed step 5: Step 5 was removed. It said: 'The fifth premise states that Family History is a novel written in 2003. This establishes that Family History is a novel.' → 'Family History is a novel.',False,819,2.42,
folio,folio_0098,phi3:mini,knockout,unknown,True,unknown,False,"Removed step 2: Step 2 was removed. It said: 'We also know that everyone who has lunch in the company building schedules meetings with their customers. This implies that if James is going to the company building today, he must have lunch there as well.' → 'James has lunch in the company building.'",False,1096,3.54,
folio,folio_0100,phi3:mini,knockout,false,True,false,False,"Removed step 4: Step 4 was removed. It said: 'If Heinrich Schmidt was a member of the Nazi Reichstag, it implies that there are politicians who are part of the Nazi Reichstag.' → 'The conclusion contradicts the information provided in the premises.'",False,581,2.84,
folio,folio_0101,phi3:mini,knockout,false,True,false,False,"Removed step 5: Step 5 was removed. It said: 'The fifth premise states that German is related to Spanish. This implies that German shares some linguistic features with Spanish, which is a Romance language.' → 'German and Spanish are related, but this does not provide information about German's language family.'",False,761,2.26,
folio,folio_0102,phi3:mini,knockout,true,False,true but with the caveat that the mixture might not be a chemical compound,False,Removed step 2: Step 2 was removed. It said: 'The second premise states that all alkanes are hydrocarbons. This means that alkanes are also a subset of hydrocarbons.' → 'Alkanes are a subset of hydrocarbons.',False,730,2.28,
folio,folio_0103,phi3:mini,knockout,unknown,True,unknown,False,"Removed step 4: Step 4 was removed. It said: 'The fourth premise states that Family History is a novel written in 2003. This confirms that Dani Shapiro is a novel writer, as established in the previous step.' → 'Dani Shapiro is a novel writer.'",False,780,2.51,
folio,folio_0104,phi3:mini,knockout,false,False,unknown,True,"Removed step 4: Step 4 was removed. It said: 'We are given that all highly intelligent beings from Earth are humans. This implies that if someone is highly intelligent and from Earth, they are human.' → 'Being highly intelligent and from Earth implies being human.'",True,851,3.2,
folio,folio_0105,phi3:mini,knockout,false,False,false,False,Removed step 3: Step 3 was removed. It said: 'The third premise states that all mature stocks are suitable for a retirement fund.' → 'This establishes that mature stocks are suitable for a retirement fund and are not bought for rapid price appreciation.',False,718,2.68,
folio,folio_0106,phi3:mini,knockout,true,True,true,False,Removed step 4: Step 4 was removed. It said: 'We know that none of the students who currently work in the library are from the computer science department.' → 'James is not working in the library.',False,675,2.61,
folio,folio_0107,phi3:mini,knockout,true,False,unknown,True,"Removed step 3: Step 3 was removed. It said: 'From the second premise, we know that if people have siblings who were born together, then they were born in a multiple birth.' → 'If Luke has siblings who were born together, he was also born in a multiple birth.'",True,795,2.34,
folio,folio_0110,phi3:mini,knockout,false,True,false,False,"Removed step 6: Step 6 was removed. It said: 'The conclusion that Ted is a pet and Brown Swiss cattle is based on the assumption that some pets are Brown Swiss cattle. However, since Ted is not a domesticated animal, he cannot be a Brown Swiss cattle.' → 'Ted cannot be a Brown Swiss cattle.'",False,742,2.91,
folio,folio_0111,phi3:mini,knockout,true,True,true,False,Removed step 2: Step 2 was removed. It said: 'The second premise states that the last summer Olympic games was in Tokyo.' → 'The second premise establishes the location of the last summer Olympic games but does not provide information about the country that won the most medals.',False,490,2.3,
folio,folio_0113,phi3:mini,knockout,true,True,true false or unknown,False,"Removed step 7: Step 7 was removed. It said: 'Since Vladimir has United States citizenship, and from step 2, we know that he can register to vote in the United States.' → 'This confirms Vladimir's ability to register to vote.'",False,1135,3.06,
folio,folio_0114,phi3:mini,knockout,unknown,False,false,True,"Removed step 3: Step 3 was removed. It said: 'From the third premise, we understand that anyone who has a well-attended wedding invites others to come to their ceremony. This means that if John has a well-attended wedding, he invites others to come to his ceremony.' → 'John invites others to come to his ceremony.'",True,1112,4.81,
folio,folio_0115,phi3:mini,knockout,true,True,true,False,"Removed step 4: Step 4 was removed. It said: 'The fourth premise states that Imperium has a feud with Diamond Mine.' → 'This establishes that there is a conflict between Imperium and Diamond Mine, but it does not provide any additional information about Roderick Strong's leadership or the nature of Diamond Mine.'",False,537,1.5,
folio,folio_0116,phi3:mini,knockout,false,True,false,False,"Removed step 2: Step 2 was removed. It said: 'The second premise states that no humans have hooves, which is a universal negative statement about a specific characteristic of humans.' → 'No humans have hooves.'",False,698,2.45,
folio,folio_0117,phi3:mini,knockout,unknown,True,false,True,Removed step 3: Step 3 was removed. It said: 'We are also told that all single-seat electric cars are one-seaters. This is another conditional statement that establishes a relationship between being a single-seat electric car and being a one-seater.' → 'All single-seat electric cars are one-seaters.',True,1071,3.18,
folio,folio_0118,phi3:mini,knockout,unknown,True,unknown,False,"Removed step 8: Step 8 was removed. It said: 'From step 3 and 6, if Taylor does not disregard her physical well-being, then she fulfills her daily nutritional intakes.' → 'This establishes that if Taylor does not disregard her physical well-being, she fulfills her daily nutritional intakes.'",False,1521,4.97,
folio,folio_0120,phi3:mini,knockout,true,False,false,True,"Removed step 4: Step 4 was removed. It said: 'The fourth premise states that there are no mountain ranges in Texas that have mines that have been donated.' → 'This implies that if the Picuris Mountains had a mine, it must be in New Mexico, as it cannot be in Texas.'",True,592,1.87,
folio,folio_0121,phi3:mini,knockout,false,True,false,False,"Removed step 2: Step 2 was removed. It said: 'We are also given that if a film contains excessive erotic and violent content, children cannot watch it without guidance from their parents.' → 'This establishes that films with excessive erotic and violent content require parental guidance for children.'",False,1391,3.8,
folio,folio_0122,phi3:mini,knockout,true,True,unknown,True,Removed step 4: Step 4 was removed. It said: 'The third premise also states that a player who leaves a team no longer plays for that team.' → 'Robert Lewandowski is no longer playing for Bayern Munchen.',True,561,2.54,
folio,folio_0123,phi3:mini,knockout,false,False,false,False,"Removed step 3: Step 3 was removed. It said: 'The third premise states that vampires suck, which is a metapmeaning and not a literal interpretation. It implies that vampires have a strong desire or attraction to blood, but does not relate to the concept of suction or vacuums.' → 'Vampires have a strong attraction to blood.'",False,829,3.68,
folio,folio_0125,phi3:mini,knockout,false,False,false,False,Removed step 2: Step 2 was removed. It said: 'We know that Emma's favorite season is summer.' → 'Emma wants a long vacation.',False,585,2.65,
folio,folio_0126,phi3:mini,knockout,false,True,false,False,"Removed step 6: Step 6 was removed. It said: 'Given that the Picuris Mountains are in New Mexico, and the Harding Pegmatite Mine is located in the Picuris Mountains, we can conclude that the Harding Pegmatite Mine is also in New Mexico.' → 'The Harding Pegmatite Mine is in New Mexico.'",False,837,2.99,
folio,folio_0127,phi3:mini,knockout,false,True,false,False,"Removed step 3: Step 3 was removed. It said: 'Since hawks cannot swim and hawks are a subset of birds, it implies that not all birds can swim.' → 'Not all birds can swim.'",False,447,1.71,
folio,folio_0129,phi3:mini,knockout,true,False,true,False,"Removed step 7: Step 7 was removed. It said: 'Since Vladimir can register to vote and everyone who can register to vote can participate in the election, Vladimir can participate in the election.' → 'This establishes that Vladimir can participate in the 2024 United States presidential election.'",False,924,3.0,
folio,folio_0130,phi3:mini,knockout,true,True,true,False,"Removed step 2: Step 2 was removed. It said: 'The second premise states that Heck cattle were bred back in the 1920s, which means they were subjected to the process of breeding back.' → 'Heck cattle were bred back.'",False,758,3.46,
folio,folio_0131,phi3:mini,knockout,unknown,False,false,True,"Removed step 3: Step 3 was removed. It said: 'Since Susan's flight cannot end at LGA airport, and John flies from LGA airport, it is possible that John's flight could be a connecting flight for Susan's flight.' → 'This establishes that John's flight might be a continuation of Susan's flight, but it does not provide direct information about Susan's flight.'",True,497,2.13,
folio,folio_0132,phi3:mini,knockout,false,True,false,False,"Removed step 4: Step 4 was removed. It said: 'According to the second premise, if a game meets the criteria for being on the Top 10 list, it must be developed by a Japanese company.' → 'This establishes that the Legend of Zelda, being developed by a Japanese company, meets the criteria for being on the Top 10 list.'",False,710,2.44,
folio,folio_0134,phi3:mini,knockout,possible,False,possible,False,"Removed step 2: Step 2 was removed. It said: 'The second premise states that some love is positive. This implies that there is a subset of love that is positive, but it does not specify whether this subset includes all love or not.' → 'There is a subset of love that is positive, but it is not clear if this subset overlaps with affection or not.'",False,637,3.27,
folio,folio_0136,phi3:mini,knockout,true,True,true,False,Removed step 2: Step 2 was removed. It said: 'The second step is to understand the roles of the subjects in the premises.' → 'Heinrich Schmidt was a member of both the Prussian State Parliament and the Nazi Reichstag.',False,531,1.94,
folio,folio_0137,phi3:mini,knockout,unknown,True,unknown,False,"Removed step 8: Step 8 was removed. It said: 'Since Vladimir is a U.S. citizen, he can register to vote in the United States.' → 'This establishes that Vladimir has the ability to participate in the 2024 United States presidential election.'",False,885,2.31,
folio,folio_0138,phi3:mini,knockout,true,True,true,False,"Removed step 2: Step 2 was removed. It said: 'Understand the relationship between the locations mentioned in the premises.' → 'Barutin Cove is on Snow Island, which is on the South Shetland Islands, and Antarctica is also on the South Shetland Islands.'",False,761,3.4,
folio,folio_0139,phi3:mini,knockout,false,True,false,False,Removed step 6: Step 6 was removed. It said: 'Apply the transitive property of location based on the given information.' → 'Barutin Cove is located on the South Shetland Islands.',False,738,3.47,
folio,folio_0142,phi3:mini,knockout,false,False,false,False,"Removed step 3: Step 3 was removed. It said: 'We are given that if an animal has legs, then it jumps. Since KiKi jumps, it must have legs.' → 'KiKi has legs.'",False,582,1.76,
folio,folio_0143,phi3:mini,knockout,true,False,true,False,"Removed step 4: Step 4 was removed. It said: 'The fourth premise tells us that Ailton Silva plays for Náutico, which is also a football club.' → 'Ailton Silva plays for Náutico.'",False,706,3.02,
folio,folio_0145,phi3:mini,knockout,unknown,True,unknown,False,"Removed step 3: Step 3 was removed. It said: 'We know that all tennis players at Roland Garros 2022 are either female or male.' → 'This means that Coco Gauff, being at Roland Garros 2022, must be either female or male.'",False,998,4.01,
folio,folio_0147,phi3:mini,knockout,unknown,True,unknown,False,"Removed step 3: Step 3 was removed. It said: 'Since there is an intersection between the set of objects of worship and the set of fir trees, and all fir trees are evergreens, it implies that some objects of worship are also evergreens.' → 'Some objects of worship are evergreens.'",False,538,2.14,
folio,folio_0148,phi3:mini,knockout,false,True,false,False,"Removed step 7: Step 7 was removed. It said: 'Since we cannot determine if KiKi has legs, we cannot conclude if KiKi is a dog or not.' → 'We cannot conclude whether KiKi is a dog.'",False,913,3.83,
folio,folio_0149,phi3:mini,knockout,false,True,false,False,"Removed step 4: Step 4 was removed. It said: 'The fourth premise tells us that all queen bees are bees. This means that queen bees are also not vertebrates, as bees are not vertebrates.' → 'Queen bees are not vertebrates.'",False,997,3.1,
folio,folio_0150,phi3:mini,knockout,false,False,false,False,"Removed step 2: Step 2 was removed. It said: 'The second premise states that some pets are Brown Swiss cattle. This indicates that there is an overlap between pets and Brown Swiss cattle, meaning that some pets are also cows.' → 'Some pets are cows, and specifically, some pets are Brown Swiss cattle.'",False,742,2.32,
folio,folio_0151,phi3:mini,knockout,true,True,true,False,"Removed step 7: Step 7 was removed. It said: 'From step 6, we know that Vladimir is not a Russian Federation official.' → 'This establishes that Vladimir cannot be a Russian Federation official.'",False,1161,3.37,
folio,folio_0153,phi3:mini,knockout,true,True,true,False,"Removed step 4: Step 4 was removed. It said: 'The fourth premise states that there are no mountain ranges in Texas that have mines that have been donated.' → 'This eliminates the possibility of the Picuris Mountains being in Texas, as it contradicts the information given in the third premise.'",False,600,1.91,
folio,folio_0155,phi3:mini,knockout,true,True,true,False,"Removed step 2: Step 2 was removed. It said: 'The second premise tells us that Joe's vehicle registration plate is from Istanbul.' → 'This confirms that Joe's vehicle registration plate must start with the number 34, as it is from Istanbul.'",False,675,2.32,
folio,folio_0156,phi3:mini,knockout,false,False,true,True,"Removed step 3: Step 3 was removed. It said: 'Since Peter is taller than Michael, and Michael can block any shooting from a person who does not jump when shooting, Peter can also block any shooting from a person who does not jump when shooting.' → 'Peter can block any shooting from a person who does not jump when shooting.'",True,584,1.36,
folio,folio_0158,phi3:mini,knockout,unknown,False,unknown,False,Removed step 2: Step 2 was removed. It said: 'We are also told that Tom is not a Gould’s wild turkey.' → 'Tom is not a Gould’s wild turkey.',False,681,2.54,
folio,folio_0159,phi3:mini,knockout,false,True,false,False,Removed step 5: Step 5 was removed. It said: 'Tom is applying to take the GRE test.' → 'Tom is planning to take the GRE test.',False,695,2.68,
folio,folio_0160,phi3:mini,knockout,true,False,false,True,"Removed step 5: Step 5 was removed. It said: 'The third premise also states that when a person gains knowledge, they become smarter.' → 'This establishes that gaining knowledge leads to becoming smarter.'",True,645,2.56,
folio,folio_0161,phi3:mini,knockout,false,False,false,False,"Removed step 2: Step 2 was removed. It said: 'The premises also state that an international student with an F1 visa needs to apply for CPT or OPT to work in the US.' → 'This means that if Mike wants to work in the US, he must have an F1 visa.'",False,536,1.98,
folio,folio_0162,phi3:mini,knockout,unknown,False,unknown,False,Removed step 7: Step 7 was removed. It said: 'We are not given any information about Djokovic's Grand Slam champion status or Oscar-nominated actor status.' → 'We cannot determine if Djokovic is a Grand Slam champion or an Oscar-nominated actor.',False,960,3.19,
folio,folio_0163,phi3:mini,knockout,false,True,false,False,"Removed step 3: Step 3 was removed. It said: 'The third premise states that space is a vacuum, which implies that space has a low-pressure environment similar to a vacuum.' → 'The third premise establishes that space has a low-pressure environment similar to a vacuum.'",False,717,2.94,
folio,folio_0164,phi3:mini,knockout,true,False,true,False,"Removed step 3: Step 3 was removed. It said: 'The third premise states that all private companies are companies. This means that any entity that is a private company is also a company and, by extension, a business organization and a legal entity.' → 'The Harvard Weekly Book Club, if it is a private company, is a legal entity.'",False,611,1.51,
folio,folio_0165,phi3:mini,knockout,unknown,False,unknown,False,"Removed step 4: Step 4 was removed. It said: 'From step 1 and 2, we can conclude that the Hamden Plaza Subway store does not receive many negative reviews, because it has a rating greater than four or is popular among local residents.' → 'The Hamden Plaza Subway store does not receive many negative reviews.'",False,759,2.6,
folio,folio_0166,phi3:mini,knockout,unknown,False,unknown,False,"Removed step 4: Step 4 was removed. It said: 'The fourth premise tells us that Andrew Collins was the script editor for Badults.' → 'This provides information about the role of Andrew Collins in the production of Badults, but does not provide any information about the cast or whether any members of Pappy's have starred in other shows piloting on BBC Two or BBC Three.'",False,762,3.87,
folio,folio_0167,phi3:mini,knockout,false,True,false,False,Removed step 2: Step 2 was removed. It said: 'Understand the role of the Vienna Music Society.' → 'The Vienna Music Society is an orchestra that premiered Symphony No. 9.',False,625,3.16,
folio,folio_0168,phi3:mini,knockout,true,True,true,False,"Removed step 5: Step 5 was removed. It said: 'Combining the conclusions from steps 1-4, we know that The Legend of Zelda is a game developed by a Japanese company and has sold more than one million copies.' → 'This establishes that The Legend of Zelda meets the criteria for being on the Top 10 list.'",False,671,2.11,
folio,folio_0169,phi3:mini,knockout,true,True,true,False,Removed step 2: Step 2 was removed. It said: 'We are also told that Tom is not a Rio Grande wild turkey.' → 'Tom is not a Rio Grande wild turkey.',False,709,2.41,
folio,folio_0171,phi3:mini,knockout,false,True,false,False,"Removed step 7: Step 7 was removed. It said: 'If Coco Gauff lost to Rafael Nadal, then she cannot be a male tennis player at Roland Garros 2022.' → 'This eliminates the possibility of Coco Gauff being a male tennis player at Roland Garros 2022.'",False,1339,4.84,
folio,folio_0174,phi3:mini,knockout,true,True,unknown,True,"Removed step 5: Step 5 was removed. It said: 'Combining the conclusions from steps 1, 2, and 3, we know that Neapolitan Chronicles is a book published by New Vessel Press and that it is in English.' → 'Neapolitan Chronicles is a book published by New Vessel Press and is in English.'",True,825,2.69,
folio,folio_0175,phi3:mini,knockout,true,True,true,False,"Removed step 7: Step 7 was removed. It said: 'Since Coco Gauff is a female tennis player at Roland Garros 2022, and Iga Świątek is the only female player who lost at Roland Garros 2022, and everyone who lost to Iga Świątek is highly ranked, then Coco Gauff must be highly ranked.' → 'This means that Coco Gauff is highly ranked.'",False,991,2.92,
folio,folio_0176,phi3:mini,knockout,false,False,false,False,"Removed step 3: Step 3 was removed. It said: 'The third premise states that Beethoven wrote Symphony No. 9.' → 'This establishes that Beethoven is a composer, as he created Symphony No. 9.'",False,644,2.29,
folio,folio_0178,phi3:mini,knockout,true,True,true,False,"Removed step 2: Step 2 was removed. It said: 'The second premise states that all four-sided objects are shapes.' → 'This establishes that squares, being four-sided, are also shapes.'",False,378,1.48,
folio,folio_0179,phi3:mini,knockout,unknown,True,false,True,"Removed step 4: Step 4 was removed. It said: 'Since all cats are mammals, and some pets are not mammals, it is possible that some pets could be cats.' → 'It is possible that some pets could be cats, but not all pets are cats.'",True,628,3.22,
folio,folio_0180,phi3:mini,knockout,false,False,james has lunch in the company building and has scheduled a meeting with his customers but he is not a manager and is not working remotely from home,True,"Removed step 2: Step 2 was removed. It said: 'We also know that everyone who has lunch in the company building schedules meetings with their customers. This implies that if James is going to the company building today, he must have lunch there as well.' → 'James has lunch in the company building.'",True,779,2.62,
folio,folio_0181,phi3:mini,knockout,false,True,false,False,"Removed step 8: Step 8 was removed. It said: 'Since Breaking Bad is not an episode of The Bachelor, and all episodes of The Bachelor give out roses on TV, as established in the second premise, Breaking Bad does not give out roses on TV.' → 'Breaking Bad does not give out roses on TV.'",False,929,3.15,
folio,folio_0182,phi3:mini,knockout,unknown,False,unknown,False,"Removed step 2: Step 2 was removed. It said: 'From the second premise, we know that all dogs bark. Therefore, since Jane does not like animals that bark, Jane does not like dogs.' → 'Jane does not like dogs.'",False,1017,3.22,
folio,folio_0183,phi3:mini,knockout,unknown,True,false,True,"Removed step 4: Step 4 was removed. It said: 'Since Mia's favorite season is not summer, and all students who want a long vacation have summer as their favorite season, we can infer that Mia does not want a long vacation.' → 'Mia does not want a long vacation.'",True,632,2.8,
folio,folio_0184,phi3:mini,knockout,unknown,True,unknown,False,"Removed step 4: Step 4 was removed. It said: 'The fourth premise states that all Cholangiocarcinoma is bile duct cancer. This means that Cholangiocarcinoma is a severe form of cancer and therefore, a deadly disease with a low survival rate.' → 'Cholangiocarcinoma has a low survival rate.'",False,1049,3.84,
folio,folio_0187,phi3:mini,knockout,false,False,true,True,"Removed step 7: Step 7 was removed. It said: 'We are given that if Hannah needs to earn money to help pay for her college tuition, then she is neither picky nor needs to earn money to help pay for her college tuition.' → 'This establishes that Hannah does not need to earn money to help pay for her tuition, which contradicts the initial assumption that she needs to earn money.'",True,1349,5.93,
folio,folio_0188,phi3:mini,knockout,false,False,false,False,Removed step 3: Step 3 was removed. It said: 'The third premise tells us that all languages within a language family are related to each other. This implies that all Romance languages share a common ancestry and linguistic features.' → 'Romance languages are related to each other.',False,851,2.83,
folio,folio_0189,phi3:mini,knockout,unknown,True,unknown,False,"Removed step 3: Step 3 was removed. It said: 'We are told that all Oscar-nominated actors at the mixer are celebrities.' → 'If Djokovic is an Oscar-nominated actor, then he must be a celebrity.'",False,1067,4.31,
folio,folio_0190,phi3:mini,knockout,false,True,false,False,Removed step 2: Step 2 was removed. It said: 'The second premise asserts that at least one event is happy.' → 'This confirms the existence of at least one happy event.',False,416,1.74,
folio,folio_0191,phi3:mini,knockout,false,False,false,False,"Removed step 4: Step 4 was removed. It said: 'Researching other universities' endowment values, we find that Harvard University has an endowment of $53.5 billion.' → 'Harvard University has a larger endowment than Yale University.'",False,729,2.9,
folio,folio_0192,phi3:mini,knockout,true,False,true,False,"Removed step 2: Step 2 was removed. It said: 'The second premise states that all Greeks are humans. This is also a universal affirmative statement, meaning that without exception, every Greek is a human.' → 'This establishes that every Greek is a human.'",False,449,1.63,
folio,folio_0194,phi3:mini,knockout,false,False,false,False,"Removed step 5: Step 5 was removed. It said: 'From steps 1-4, we can conclude that The Legend of Zelda is a game made by a Japanese game company and is on the Top 10 list.' → 'The Legend of Zelda is a Japanese game on the Top 10 list.'",False,604,2.04,
folio,folio_0196,phi3:mini,knockout,false,True,false,False,Removed step 6: Step 6 was removed. It said: 'The premises do not provide any information about whether all players in Náutico are Brazilian.' → 'We cannot conclude anything about the nationality of all players in Náutico from the given premises.',False,823,3.19,
folio,folio_0197,phi3:mini,knockout,true,True,true with the condition that tom successfully applies for and is granted the financial aid by ets,False,Removed step 5: Step 5 was removed. It said: 'The fifth premise states that individuals living in single-parent families or having few resources available can prove economic hardship.' → 'Tom can prove economic hardship.',False,788,2.7,
folio,folio_0199,phi3:mini,knockout,false,True,false,False,"Removed step 2: Step 2 was removed. It said: 'The second premise states that all professional basketball players can do jump shots. This implies that every professional basketball player, regardless of their nationality, has the ability to perform jump shots.' → 'Every professional basketball player can perform jump shots.'",False,741,2.49,
